tekrar,ort1,ort5,ort30
1,1.2683374058463284,11.657530469378054,11.594487655092596
2,6.981913916914906,7.281853440267197,7.915307361639027
3,7.170766456062889,9.46638793881176,11.264411404782383
4,19.66117053876467,11.092745172877267,8.866005314985566
5,1.082946499194032,6.8336320241437125,9.641213536195652
6,2.5268122050197164,8.290261452843783,9.44636064872408
7,9.1887068806358,4.889897360056584,14.042499438080906
8,8.131905682184726,12.825989034286419,8.013166286554421
9,15.295800640761037,6.436659017970577,11.563842576383456
10,7.9365605084002375,13.379393166333362,8.094960837904837
11,13.113315833650697,3.6071214689061817,8.919706923259804
12,14.615151126654645,6.362340160635668,10.821792220539837
13,13.904066375848037,11.381210257335548,10.502487119192319
14,8.83148180527467,4.85957157267119,7.96463446349588
15,2.7435011178947453,4.407850786427693,10.624097289847061
16,9.524472741652458,15.470715350718692,11.93263008132697
17,1.1736173595446338,12.557500334181475,9.199068868358449
18,16.969658929441973,16.174070191002546,12.794682280825276
19,5.972096204506006,13.881873370127499,11.74417626865271
20,16.86117510327617,10.985560799516467,7.210575703338961
21,11.557480935278072,5.453477748266128,7.389589165768819
22,11.375265499302513,4.219731912903633,8.548105846211056
23,2.3600675524396566,5.018480044471465,8.519079845110774
24,2.8970158195676525,8.509847921240713,9.522112023684741
25,39.0764998520784,15.479423868840945,7.775656267679249
26,26.495544065742642,8.403049172718408,10.668434932260173
27,16.354528920837794,13.88876055212153,10.408701585240618
28,79.75229461102131,13.991389184717672,8.570844883534612
29,7.206983455115299,5.730921406243139,11.812321054549539
30,0.7938948056784247,11.645450433772826,9.226747661993725
31,4.161134592395674,12.604580526981174,9.804746402298258
32,8.152030398141797,7.580492315294516,7.708912909592365
33,3.4548333915784015,6.084828713806611,12.58378319505488
34,6.114709735142632,8.452359648054035,10.182292933618736
35,20.91310175942301,20.341912713005563,11.610093883541476
36,12.173131972167951,6.234581435923041,11.784483394030419
37,8.613844492882437,6.679235261102153,7.142587689842339
38,0.2505046071016904,13.768036680920005,7.754145189526663
39,12.408523507968088,8.997412228664256,9.47799607066195
40,4.518372141245781,11.52273844655061,8.720487361352657
41,5.485577725007472,11.875679765779664,6.702230817305593
42,5.087832552503034,10.695452509439459,10.835578697629133
43,8.81207934230372,6.970296539906616,11.304180157869089
44,6.900621120235773,11.42299849472881,10.91687429453021
45,1.2380506834533322,10.459301670622722,12.317724000988589
46,7.05946237543763,17.174883761489237,8.72437129188136
47,13.868816949513063,17.647576788991294,8.073379941656551
48,9.167039347033924,5.066768565972204,12.819428949573883
49,6.753676000511004,7.648621074265158,10.693282925673403
50,24.859628525403814,4.249985713542019,7.189408988267542
51,2.992735714394117,7.314719045042542,11.268418972823815
52,5.446688160274351,8.025801683687018,12.553302688553908
53,26.068454303643673,7.456336674880653,9.072884259537327
54,6.523699217035547,4.477914505205357,8.929763822500346
55,7.297846817324352,7.939924958445955,9.821970943946376
56,0.25703664887920935,24.240181967818664,10.35240064862933
57,2.5427936492633623,5.8035334735338875,12.13974793699034
58,1.38111984003314,7.535737547913348,9.69460291078255
59,0.5012314455925609,27.89120382293122,9.229136459922975
60,12.196369822194937,8.688216302554306,12.26153238139563
61,21.788169598029093,21.34558889592676,8.976869696090215
62,1.0822726569746053,6.963495894509917,7.764020634182641
63,9.736807191810927,12.934946109563043,14.77797691170486
64,6.34954355351246,9.526420774512095,8.59891186405989
65,6.579984285751686,14.22012958702678,8.47255926991783
66,2.5997257583118274,6.704187911298372,13.354310323293532
67,21.708659373764558,10.951512710257415,8.34849160863342
68,9.852938909503447,4.310941919309995,13.2663348119712
69,6.102709753455329,8.111102188591818,8.44197159297793
70,6.337582138900509,11.813133836951767,10.559849741063632
71,26.516418447091706,11.403216483304933,9.372833989314206
72,43.603138157989235,5.611775880758382,7.346044300233426
73,7.888484250524,12.566940862588021,13.334918700174326
74,8.205171439750796,6.676512310074187,7.354427103585505
75,11.079172401153063,10.538373728602515,8.694040966220838
76,3.6763085517106946,11.867476197759327,8.36639409686646
77,16.084484154473017,5.038067151429111,8.139588781745514
78,6.969536413133365,11.377215528996814,8.902575874313161
79,6.5179970373920435,6.640901574423045,9.536587638592204
80,21.580527722618015,26.21352946824296,10.879176160332719
81,5.675138508928038,7.2840289879500775,11.964893435333993
82,3.486701314157641,3.6997576861908925,10.555784134064066
83,3.1339097977181885,19.382732398054095,10.511611695835104
84,0.3366978236598305,8.619756646015123,9.955368625882839
85,10.660755261606978,12.817196660457437,8.470308434073225
86,9.094969006931638,14.433584974269868,8.043950271102664
87,6.1290902273075725,17.80981298298639,10.465569589479172
88,7.40005710223569,9.3460432119704,11.291723551345655
89,6.723989759926581,11.037143326004058,8.635665553618315
90,25.44780507391679,5.528894952189719,7.183766766427715
91,3.0125445195969225,12.734594528280486,9.205991976324487
92,6.6469411141880395,7.412358196296957,10.020850877155265
93,7.159385030886569,8.31901451338097,9.735940012510769
94,17.49697663387636,8.693664731837043,11.91919124950361
95,16.500478288861075,7.942463171473223,14.896992953585213
96,8.160789602124948,5.048165747225115,8.545484306897228
97,23.78022495120689,9.961478667709802,8.453842976828334
98,17.80243566587751,8.628158740977096,12.161353990202066
99,3.8075850587113744,9.154083448608047,9.031170276968508
100,24.866485153585238,15.163443001603929,9.311624252028874
101,1.0355546801181361,12.488369221450853,9.562726862253474
102,11.690341026023704,8.932858711273646,7.3060179380950725
103,15.375081702339088,9.688220217144922,8.455287734650355
104,7.239638392041424,4.667122293088431,11.790029223464927
105,6.031615227130314,4.051357572087572,9.664834689106831
106,33.60099685658618,5.308400954161884,9.965933907911289
107,34.1939550771009,6.870432080125298,10.211543236454416
108,18.479475199765258,18.979592475954348,7.763247950588495
109,6.522859851689424,9.203000873432227,8.254090767461168
110,0.6645518895548719,7.389598062928687,7.166957829297605
111,3.098815202645811,10.023761119695775,11.1261705775897
112,6.899936687942683,9.676717012518301,8.68859304612521
113,1.016590912376425,9.265886755420235,11.078815886558095
114,13.765473020743508,5.553046048817165,10.45198940479893
115,5.298569727712625,12.954669393981396,8.707102195664078
116,5.967372675889969,12.09501226866905,11.801615734459016
117,0.1413193039300312,7.133308281916928,12.718880775036764
118,0.002139920301716734,8.765686349546895,5.631482708066176
119,8.690255209417414,13.541221333093693,8.926362233249145
120,26.908736606175136,13.15149401598801,11.805001818059278
121,0.8671931036820949,5.367421234536694,7.926729289716753
122,15.787661633239404,8.731307761043258,11.096212419675057
123,2.848030361143384,19.656205835595603,11.246115225623367
124,9.704160905232207,8.109220200060342,11.090564611304009
125,13.937420461019034,5.801734210212449,11.049693479685851
126,31.319390401908368,17.264960347984122,8.558050583977414
127,11.04058485644813,10.934664891788014,10.61196301454254
128,10.089776921246509,14.757354970404085,10.058544727281996
129,1.6813573856980353,6.67529007152866,7.9182167003408335
130,3.760656404505152,9.550205834534697,9.158391784931876
131,8.748259989203065,5.543569354569334,11.202893992204997
132,14.676250951175382,14.94180567670927,11.98017742015497
133,29.94444340711404,10.067307423624268,11.959913273725476
134,6.772520154287448,4.474971219075316,8.905956618486128
135,12.746550783826086,16.69467112450737,10.732644564339312
136,1.4486923826536438,6.3107430885251725,12.95214248905097
137,2.5222184507632672,8.010555078623243,7.947917416477008
138,8.865730037861034,7.285087728877187,11.121529299515364
139,31.76713790654646,5.128333618425962,8.54910578399746
140,20.8742366142176,8.930296968354378,11.536023337037134
141,7.026348270488103,6.584322036068693,13.794281263994435
142,0.8821196126270454,5.273246084399601,10.464714948716276
143,11.042930138796686,5.076263131789534,7.872743246730354
144,27.342285723324295,4.3025636319606635,10.646944515249682
145,15.298782055189802,15.529065750962769,13.710721478919531
146,24.6529393969861,5.044021162905321,8.24980305875594
147,3.652895531459997,4.302857077689599,9.22515096116816
148,5.31094912783108,4.994911017343847,8.641554302573011
149,16.502338273339653,4.080730323846104,11.533361688755422
150,7.340335974658683,10.70102315909526,8.026474272016992
151,2.190234397040386,6.8142726431774205,10.001248770162446
152,0.14232679307328377,12.158851495043306,6.813936192336109
153,1.1219933688601524,5.828905814867308,8.125097861711717
154,21.872116926338496,12.553362184685804,8.98037025061245
155,0.5274210441631058,2.6324375749896856,10.872354219731077
156,4.26205476826526,13.29751404193559,7.580283286440404
157,4.360317561390106,8.086012262897412,9.081118742467133
158,14.676507963893199,9.293142828998784,8.060488901387313
159,0.2612863618682263,13.224654363035706,9.866186910312585
160,7.141417144189003,6.532374520501611,8.179493655604182
161,3.9713993864611776,4.057831978181914,7.628747132910285
162,3.6193406461338666,20.608991637892096,11.256078561964623
163,3.945885949278637,13.938781165762057,8.816644686348448
164,1.2939464079966083,11.723985452338543,8.760577821560576
165,29.716674551460187,9.260868420655502,8.401488551511887
166,8.477404689939746,1.9790884201442815,6.55897763910337
167,16.34440978367703,7.433307142260865,9.909668954090963
168,1.671065948121382,10.70892006820954,11.035092558730272
169,7.331647684298552,16.028841344208352,9.89368117073113
170,5.684680983103517,4.6159315461523835,10.507311869745983
171,4.101041464452033,5.018213095531163,9.207083216470998
172,9.11849620819378,6.400622276086322,11.099779506381855
173,11.347524576395484,11.629042419322769,13.935812290579372
174,0.7204231059631752,6.463950012280352,13.011970202695698
175,5.0942172615478025,4.702186560242467,8.662032477238094
176,2.1752677237969036,5.557615298779327,10.372051851338751
177,25.44089320223969,7.521999149355203,10.345965173980357
178,0.46291709879131376,6.755506000439328,7.754926727837048
179,7.8694467409224504,8.939328099511776,11.062716822918864
180,18.262285772180608,3.751164038188674,11.268261081457938
181,6.011531418790451,3.15152320471841,10.836987339287113
182,14.053128539125192,8.113282457056236,8.585761536825714
183,2.0890699109406277,12.664563381848561,8.328545460339262
184,12.411399999296009,14.99823161228893,10.849789784932726
185,21.022345459293085,5.280949167322276,9.7349579647694
186,1.3827379532730568,12.337795994168747,9.15213186282409
187,7.548876012127986,8.227488080555274,11.225762852571382
188,15.390211573342754,6.8987705720319,15.594169759961767
189,7.2743362253523,6.453897834635681,9.94999612909467
190,31.37006874856599,7.6561998571441965,8.470924265946243
191,1.7481859056653606,10.3310432008527,7.217388791648476
192,18.603042454567305,5.238972267237911,10.596788636675573
193,4.942494984890544,7.181207883603596,11.058685515960784
194,5.540015604173509,4.905195263765367,11.207089085673681
195,5.345836026081755,3.300106627855539,9.879729078827244
196,0.8192486029862018,17.898226309832673,10.785670154419215
197,3.6371288147289627,11.538358973484485,8.521685304339679
198,4.216950636535046,10.92464765070346,9.299900513975501
199,3.057695891446893,4.4216842809404815,10.344580744552479
200,6.8836347685611905,10.029632822144467,9.513187226720467
201,15.152558778076958,1.4484449049364327,9.465728732918835
202,5.374047271250382,23.36967998984339,10.351060384362096
203,6.305487497282285,13.57025672965411,9.528606719809607
204,3.942125599694072,8.58071417779697,7.78902713113746
205,6.578819415290767,5.464053295267647,8.638996143088324
206,1.2795340220949165,20.65388035891346,10.032671886618997
207,15.925929346825423,5.062857955335824,10.286880088555993
208,15.931315774918557,11.018449291106416,8.000877361525601
209,16.936478119655117,10.512100361530754,9.700941409210973
210,18.83019477275665,1.831774450957381,8.058027294904184
211,2.6309979176982305,11.110650369353642,14.565867412092985
212,30.720492764683247,7.629559564024038,8.938891862799304
213,21.088354980794282,13.779708376023851,11.331470406495166
214,10.375525844352751,3.471922858513228,9.954486229509007
215,5.242528038598196,8.706571013953987,11.851054727427227
216,15.293052367503696,9.094776571289076,11.347326487918933
217,18.937487254573934,3.6264083392127695,8.80997291281597
218,11.098723237513557,7.809070018433097,11.89822070114534
219,32.49299484034312,10.020554709748618,8.862431766027191
220,4.3378767203150055,8.025079320528956,9.85558789065941
221,1.7050262412565904,3.5046022310994522,8.322627336925732
222,8.255421785641765,8.02613566680843,11.039214847363159
223,8.494086618231295,9.068912348099563,12.323959106166763
224,7.7301050653053975,8.706575442422823,13.634076553380083
225,1.1618949581582678,6.670579668323398,10.433001241510036
226,12.588251952079816,18.749135888418728,8.088162066280786
227,8.114798228822728,15.053938957097728,9.047948738242706
228,8.394257979630021,7.402279840532711,7.372502026741691
229,2.4135214188712886,7.498154419803178,8.863552558818204
230,3.4913220506793827,9.502703652293343,13.384121981286
231,3.121123513524216,16.640611868578972,13.173201786861947
232,8.113321537206469,10.061107343939055,12.215169068701629
233,1.0697931298457706,13.552071429984224,8.873049440741227
234,3.0613491005384335,13.063767895985984,9.786617884232639
235,30.98333790358229,16.56393699442019,9.524834634499035
236,1.878670094225407,5.629884539345711,8.885293259064051
237,11.53746499380408,10.076354259672579,12.24822956784305
238,14.23426227863262,7.476953720442405,11.810381601966238
239,12.81423898475286,9.4415392060569,9.013913307794708
240,2.051749426511428,11.41459053522178,8.902299399289193
241,9.944861777714493,8.631834852278987,13.438924958760682
242,7.064891860603334,6.748548463903087,10.430152115995718
243,3.2405020982068926,9.363424643953227,11.462866744924915
244,18.164081805568852,8.529610661767311,11.560860512125112
245,3.439507422429829,8.582283115090837,9.972564778990243
246,3.777552777112191,6.782298206680808,7.678690501093242
247,3.0226562980643554,7.152540265891659,10.383447316454584
248,0.6494295298220889,12.366154015786197,10.581717411089715
249,5.30420241110728,14.738584450534324,14.322798833048925
250,22.83312704899472,4.05253056377269,9.883641718926782
251,14.99594292602609,9.591890943650494,11.58957043793032
252,5.353373599396411,10.606318153267804,10.277666273016953
253,0.15550270105295955,12.088878305856664,11.10639684517276
254,1.0142373423509277,3.8159347102363745,11.314964561343663
255,0.23245806962982804,9.921472773684275,7.6368448562506055
256,1.3127145036689647,12.48613373037808,11.24033105650273
257,11.578099436471334,14.45463419827737,9.123267488444807
258,8.591570236340647,9.340443340569376,8.691342746701425
259,27.506095086474136,2.468661965933623,8.927444597306769
260,4.312550563728907,4.055353513186697,6.140816579915294
261,15.130227657656818,3.678978649661238,9.712783402603053
262,9.345948884029431,11.507563550299585,11.848031897583335
263,10.633911994660838,14.48565760023757,11.21649762396142
264,9.548882082143834,7.710198251811754,10.698505243998929
265,25.868591238093888,13.820354075483726,11.96886997047786
266,3.7989053673327913,18.057445350661133,9.727964256390054
267,2.4288237132148995,17.084078792704304,8.61264338830856
268,6.211425598369789,7.058360551107599,9.226198845464243
269,38.68586004284015,5.411258973327818,7.734031216594647
270,21.07044646878773,12.28703249448339,7.842246930142592
271,11.598393806084855,9.695328958771087,8.955773143405363
272,19.754475046885883,3.76268116026264,9.694571054133077
273,11.438304834110733,7.389163121534692,9.448034920426744
274,25.73502112076711,2.5519152182318723,7.748870449854412
275,4.92735744215891,6.045803542946797,10.759077389960172
276,29.38664529822729,10.870498665304149,14.453162787869099
277,4.405503207256228,10.3770721047178,11.711297453810458
278,13.294865985659255,2.6734909950054595,6.7010273010145225
279,5.7401635780081905,14.797116832731385,7.7515332208114405
280,0.2394778719258236,7.878398804484502,10.322804711801478
281,11.884296482512116,2.9460858571996456,9.225284384060892
282,3.4186472522864255,15.983894267127942,8.767270066303777
283,31.768759799705325,8.85272141529425,5.938509821601129
284,16.08653841989769,7.376218655588474,10.563620207473678
285,1.3046778193039554,8.747434916366776,10.891387441374857
286,14.6055859179711,19.900396013658895,9.545601362025227
287,3.8402047945747877,5.253772004826223,12.599443995793328
288,23.32636954697734,6.621476987649048,10.80512352539512
289,7.812285935983843,20.913933632415514,9.219396746743525
290,4.192859408654436,7.2631959636106505,9.486807802832509
291,8.229434765285433,17.033883709349993,8.424008241277232
292,12.789773783860607,10.988724771913178,11.2433945896067
293,1.1945673645016264,7.669257310101472,8.867006783455677
294,9.648779298363529,12.404887431564411,9.641081686807507
295,1.2588408135263511,8.752553610128574,8.901212315523482
296,1.3431107425222288,3.909276853087955,10.733531920586621
297,4.370187021183504,4.700619140400035,11.717522663760615
298,10.438214953578486,10.478718195669538,13.112252423319479
299,10.665319250485213,5.587657031682946,11.511981759984172
300,0.292168584794473,11.70253215406636,7.672365350205582
301,8.630513235225349,9.942343367069183,8.5852411794502
302,4.400122234529975,6.4090727287412435,11.232978895123063
303,4.84680272036316,12.481342861043503,11.078045189641179
304,2.7352407666415948,21.903627423263845,9.340422801157546
305,5.464276598708457,14.180825401086699,7.750000475266739
306,2.4790419788266416,4.792067459450124,9.846643459112757
307,1.337692024191511,11.039395337157798,9.597561139164892
308,7.829123039146895,13.536183875613583,10.083360712295246
309,10.83416392973458,20.026601912029115,6.114002216829355
310,27.28234446051145,8.263953855037888,9.763178202296013
311,11.51229001260956,10.411418876233736,10.296729839218756
312,5.056033222881244,10.507976832048568,13.309237745832009
313,2.943365799760936,11.020014320879207,7.663694300863977
314,1.5979719710855618,7.759589639911264,10.37186062393742
315,0.23639213448492286,10.555933257644122,8.707741925982303
316,3.24113115586643,12.139159488016814,9.459054388833334
317,6.5170450931858035,17.91790575351553,10.429025448066438
318,3.062753516903558,16.57659314669729,10.025433095157101
319,3.779637942540458,15.747502712883096,5.972893335089046
320,28.864804892394428,9.233994704828039,12.957861356487347
321,9.005416660636019,6.122450645704831,9.67328065407361
322,18.297934192796507,8.781094300786659,10.945598072971796
323,8.051566729511745,9.087410294964798,11.691615060817766
324,10.504315476710657,6.584975297090752,7.463658261450068
325,32.5205852031716,6.586570763249133,12.133839087677705
326,7.216427910159059,4.718537628044968,8.92805077792035
327,3.081879419027392,6.112510074774376,10.677310787891713
328,10.02411290076941,14.208094809822835,11.68873039508331
329,14.045884740015097,8.209260003940257,9.498378066097699
330,3.8198973257303326,10.6675423244657,7.566802609184941
331,10.725578360742475,17.630814494642184,11.742768625964816
332,0.1147491783187939,8.926443344492055,8.772014541457168
333,38.22578449564144,12.172103425827737,13.911066829744414
334,6.359072192938223,5.100975822871516,11.75905117375898
335,35.1303277076766,2.925376327389123,11.093278028693012
336,11.36760343146555,11.404268150595053,12.36180697322303
337,19.81278138578125,11.711265186095902,10.696549309843354
338,26.204462557111906,11.310164238548563,13.320043539480071
339,23.649411194536334,12.303113696718576,14.144413027626738
340,5.092840272116829,11.386659661590787,8.537875482317496
341,37.368593318083015,5.990193721186958,12.286560992983967
342,30.15933074461903,11.008716654964147,10.649218368579426
343,2.646333783075822,9.56487167999978,10.340915291903322
344,17.663974941581824,3.7223415925437187,12.091544534599082
345,4.21118917973824,12.657083330307099,9.46646637263264
346,2.243685506856429,8.34865769423283,10.795900374846381
347,4.448957133012629,11.371097221739506,11.921075526231911
348,10.13383842768809,11.70914521930571,9.496161177015587
349,7.9583463293424455,4.357286474260663,7.47259103084306
350,6.425731951634444,9.704285617165016,10.588250754956736
351,15.541401862250176,2.744448790490428,10.22190740501474
352,8.688817601877991,6.976221476133378,7.961222971412936
353,2.0813459252415445,3.8168907862405463,8.35151380976416
354,9.889060335825283,5.917160699700118,8.839195760125365
355,1.6697547688228305,11.110153994453011,8.940129455644017
356,22.42409472446657,15.624982314457668,8.819453978472556
357,30.046200752466834,5.556460913037369,7.229794871078734
358,16.806873354901548,9.159101771609262,11.092029792907868
359,18.021738499562197,10.660312073804473,8.974765464535011
360,12.118322521620216,5.09555763000196,9.904752680516477
361,15.865340304576575,12.855239231120185,7.070062122195907
362,10.191995839819604,11.054663853425977,9.702613189789274
363,0.8796526470565555,10.35651436372088,10.74218535161159
364,4.664800281170658,7.16144999063439,8.976540928075497
365,13.130747019678553,5.3481590231982565,9.32517269596019
366,1.4845428813002037,19.36055634437937,10.414883299690084
367,13.452294790598517,6.02752204344678,11.808866741490643
368,67.34898245076653,9.677315335608217,10.816212429468553
369,0.1852294081753288,12.318534254862639,8.983245340210528
370,2.4477915139361115,3.597712272263254,9.956048879470464
371,18.885680695155752,7.391086725575986,9.857583971670632
372,8.732031518269661,11.985136505131734,12.360562581940696
373,8.501035694186948,5.06743263283973,11.52213560144625
374,31.132268036195622,9.252576873287673,9.176859532611596
375,4.789747371544293,5.712358232978073,7.8941025462381145
376,33.007179611142995,12.878695889719307,6.878553781193294
377,7.269024034483191,11.02540497872599,11.638878203294379
378,10.329559010697617,15.832989372621924,10.618270415288206
379,1.720274550399107,5.750823153918095,8.92397677201814
380,7.108254723702081,10.312541491964701,10.275092519654477
381,0.894179644184861,20.675609476937986,9.552521057529985
382,13.189195888389449,14.449525200785036,10.12120001656037
383,4.058801082597793,17.287491438715044,9.018805039059187
384,3.0305844766150645,8.946058648361703,10.802753092794045
385,0.4247815169447084,7.465532215839259,10.716106075273126
386,8.982590145253159,10.525971681851797,11.689540947527425
387,15.476085088535784,2.374524007159814,11.072511604223513
388,1.7698859129428903,13.548598380191,9.332303496418765
389,3.4660165962727323,14.122799881238766,9.859240328846004
390,7.790653009923642,9.392611952005208,10.131703668552083
391,4.419579214853854,12.352156583175391,8.400647936926239
392,36.02852004747746,11.011858828954763,11.432139184289566
393,2.0911386875503912,9.069022436190584,9.991571600051893
394,13.743764158937871,4.512099541652816,11.75227342686205
395,0.09493756051530318,5.762549136692873,10.527610061385557
396,9.31280355081237,7.361969574079507,9.71851623367235
397,6.539497435666828,6.975951662826236,7.206372034249893
398,5.493116385155457,15.032143630440412,8.308870996528826
399,16.71996095152128,6.958516253469732,9.803815611213379
400,23.240868785635893,4.0080261480001775,11.098742445281259
401,38.64324828446175,6.7739290587050105,10.03014356877919
402,57.47797635015099,16.24561492189843,8.899023482809023
403,1.8739669313903564,9.990774407189011,8.184081204423995
404,7.260637969152319,12.656348967377946,9.272726235209985
405,1.9799141868079966,5.551513027222025,11.07731217230904
406,7.74566403458863,6.266614226025031,9.576966533750712
407,1.7905249826440064,10.633234991198828,11.728225291926442
408,21.82071955305803,8.906394378251571,7.898602842283456
409,7.235903156231654,13.603505085977332,8.618599195934031
410,21.39822033951936,4.731059203162214,13.70261124976366
411,10.31154166287765,7.0639275083552935,8.444551310934724
412,0.019946893770657198,4.590898470311101,10.345225857921342
413,4.692956940227605,4.63041348249515,7.620352426139295
414,4.588603959256708,4.0951058958461655,11.954173503741432
415,2.4359035465522836,14.854188137012889,8.010471600562257
416,1.675031674925208,10.826955490540922,11.282710190053873
417,9.416562279237663,11.446188169522673,10.140681319818205
418,1.352751567695503,9.97463952139255,6.21879454257844
419,42.01922466061987,13.206005435901261,12.882265593825085
420,6.627436805939955,7.823550472278143,11.77623925445688
421,20.712938389223858,5.455197603077991,7.686789957049229
422,12.969077329570384,8.739501476821966,10.001279952013297
423,4.7997085273670175,14.000318815063883,8.906501362751323
424,9.596019458975166,11.431563610631493,12.897256284482575
425,10.428339614620453,8.505028865136742,8.76778141307705
426,4.274025839555966,16.578268069438742,8.314728289709397
427,24.023999027392005,15.316045509781565,9.022721868345997
428,1.2890056075481386,8.294589045722276,11.034464466020134
429,7.317764796725218,15.480380733433577,13.75112732819367
430,17.64007117542378,16.313481946007727,12.767564891561069
431,11.505395934846302,9.412484149763745,11.525710740586304
432,6.086844190607887,9.121716979635249,12.440855500892225
433,8.802364942056272,12.24841374625437,7.094570482400431
434,0.8615661679816039,7.822759349439193,10.740364526864365
435,15.098013120403722,9.860660734221705,7.015544524231416
436,0.9196934941868545,17.197773205762587,10.751657292747606
437,6.82826239730854,11.777501156194752,8.96167048041872
438,3.7400456242524527,9.227055352374304,12.85883252055725
439,13.99550851749003,11.810386567866216,10.953697286148815
440,2.5624531874922822,9.36516985212811,8.572188904674478
441,3.930455885743603,3.1807294712917824,8.643421297683853
442,7.0577071646829515,13.294106730510247,7.588008743257161
443,4.030370119842865,15.094049619041977,12.91838040232638
444,23.762915306716632,4.141141641938086,10.779919485064255
445,12.86805909041,11.580070319605491,14.22417510030064
446,19.46669833889884,7.501666154847376,9.307340516531829
447,5.159543481020628,5.089110756684154,11.728246706612474
448,1.9448717431551155,11.551786758144445,12.903022247679827
449,16.418458732264394,5.114065514573023,9.02087516938915
450,2.4868032245259606,3.0109661795421965,14.01061341409349
451,11.684804799229882,10.336772959581237,8.991826052472696
452,4.285493779634351,4.4576848801882925,12.315109769597347
453,15.473272786808874,5.835801868685902,10.255096802595457
454,5.27124253732081,11.78760161467174,7.379249329461514
455,16.257693080433544,10.746985176160207,9.91604887355972
456,4.806644477332096,8.114005486166919,13.088745473783924
457,1.6768347117260376,11.558853751698972,13.524498427116304
458,13.587935007178928,10.130845754392782,9.072845751547687
459,10.695622738341056,8.29903200890229,8.997893500959938
460,1.3648894579385513,13.33628430162643,8.627855178124559
461,3.114680628359524,14.23151805358361,9.888274796848926
462,18.057331207357894,4.689369726010392,7.338128122735814
463,3.8571330280352147,4.059385638682729,8.245047435142604
464,18.399844703510563,12.459314907152587,9.608701467768782
465,5.877951368033708,4.795506174902569,9.5991289620652
466,1.5707764168768117,8.077020655574437,9.091855638381377
467,9.858466476470968,12.09403890426751,9.879497566685695
468,2.669555545233148,18.34719731542507,10.039533354622783
469,35.84502549731988,9.342881460561056,11.389667491579027
470,8.239393187417472,4.574758680578845,9.438562981538976
471,1.3151765435669405,8.425257203741888,10.694463715769684
472,3.473887706379127,20.37119170686511,9.737483712505524
473,6.12607286982167,12.372784495568862,9.695882082841235
474,5.129025322860167,5.76295673675674,10.094713699774594
475,0.2196017767230613,7.768139003093088,10.197341341642218
476,12.604101374273126,9.156771372471425,12.480838527584462
477,11.212165665477311,5.498317217447694,13.61956438747225
478,4.107345819688963,3.783078064714934,13.273185547690026
479,11.368593214813544,21.826608206400035,10.720454631535034
480,25.625753041963776,5.645167600672249,7.066019553768588
481,23.91872955673419,7.046298657493717,8.447549687748173
482,18.796491361345645,8.49876431402909,7.739757792521162
483,30.518294460160867,11.888738680278347,9.238434182034478
484,11.015011381048634,7.405553660549936,8.285281190692386
485,7.905642461379328,5.772646868755905,9.971137123508159
486,2.356124722046688,8.796197137672484,11.64633109133546
487,4.341122116282575,5.623293545284525,9.908358056140958
488,4.011426666420872,19.395940729808007,6.53005508324574
489,25.62532972910873,21.594633061412747,10.284278853672054
490,12.889356745194986,5.414836198422348,12.540251251080992
491,0.10571093816400383,8.042286369298035,10.753671143122679
492,8.185323108106305,16.188453397236795,8.618114100259687
493,2.9058496622183996,8.494233017980516,11.045450051463474
494,4.064861640548035,4.596688412341766,14.718924655231131
495,10.33855117141176,4.475763172295077,8.798592069502275
496,5.35498301331419,12.652192220371806,11.473056305524379
497,15.059850783012493,14.279302490068222,9.54680981853315
498,6.461544058705393,9.3190536103802,10.802030828986997
499,21.998910512616742,9.763328757308713,10.308942479228968
500,4.136180638172175,2.8053139212148706,11.48698758950447
501,0.3821661442740699,13.380887281900367,10.053736888258529
502,2.482961274425502,8.751080651483871,10.47708427745257
503,1.2878855426836682,3.837239732324961,13.15801253711682
504,19.098156645182854,8.539496507716972,10.015188167366814
505,3.128551578570592,8.451324462902999,8.19580335972622
506,0.1794817499186054,6.639437462192426,7.0368705153500235
507,2.347408185689375,7.408268575825899,9.127683735212345
508,6.108975928184268,7.042041685839403,9.9702767334097
509,3.242208059479178,5.9159673676923905,11.52459613116743
510,9.947114498859769,10.042979237033016,10.791902606386763
511,0.8228217026920283,4.259208705849026,10.15626575495207
512,11.790651910369675,11.397233410159403,10.699271060877425
513,7.742731235499499,15.187842267617484,7.364257210345576
514,0.11458536141092619,8.072933224405544,10.257299092465939
515,1.0047528694629189,6.491769618901036,8.622818542699303
516,4.004528991667622,6.4213267783682095,9.754443466630935
517,2.4769794508612057,16.262352149774564,13.266157642354074
518,6.226214386732787,12.84116991163749,10.553972204643298
519,9.31612714633875,7.683112663282534,11.629339836387478
520,1.8726694984955419,10.472863265399798,12.20597559882662
521,3.7026416942713802,8.82043805255555,10.565202496544797
522,8.384632448479445,22.227349289057948,10.18450363172853
523,12.442010031424072,10.596295527983212,10.080655542487019
524,11.430041566790916,16.577475672423972,12.609127687250412
525,8.190674900032821,9.96955575375151,9.65688252905536
526,1.143518051110625,8.802222132031245,8.567582181740217
527,3.1590965315317714,13.227271786282781,10.548670929085839
528,5.4392694732467355,3.920613221279224,7.1360450801356246
529,2.048840061171011,13.369634519532989,12.430111411152833
530,13.252016652775486,7.20844974157834,10.475055844445375
531,44.65483467085304,7.871664721370751,13.800034800320232
532,44.56665779812899,7.003264823554796,9.079899703936379
533,24.130809626517372,15.409463003745708,8.82710774186424
534,10.726084647819235,10.696053342669474,8.070278017662945
535,4.174355942964477,22.2721571838499,10.660533368860373
536,4.268101848957127,5.572628494169846,9.184577724927218
537,9.329444082841748,17.309919148069106,13.164896916494296
538,2.9484041578222735,13.004382797265517,6.742359740689806
539,21.478090320642238,4.085554748113626,7.950924569446552
540,18.261070394070703,9.166286563155417,12.375611694861457
541,0.3740643849967252,4.418393202568039,7.788172863175034
542,6.733539090926636,17.56001105056928,8.45484487471217
543,0.22014686389850785,8.413525204372885,12.463551680364004
544,16.552258105455355,9.366482632077814,9.122561008933737
545,2.9283236696704704,10.70526449820326,7.866702294187144
546,14.063451740734903,13.449932836258188,13.670528089411473
547,2.2156242685198,13.035185699068757,9.745978556771488
548,3.197023537111311,8.327952893640463,7.79028722566368
549,18.467255149090903,7.7770799898254594,8.378935760098448
550,5.107022262221,7.122653388583108,10.172608774432074
551,2.4627685286195273,12.829685781875924,7.377114175841344
552,0.5571110330943874,4.323873240661975,8.878043567634316
553,5.290891579295991,8.490139893205612,9.715797400074782
554,0.6673217278405766,20.57215061047909,8.84644959053058
555,12.803639544497084,10.904747617369782,12.060194051256433
556,10.822263681042553,4.715371936098081,9.085421310084818
557,11.458816724599382,11.820860491402742,12.232696182183055
558,14.517825841934835,7.861328572223627,9.556604987440805
559,3.546853266691499,18.746047012507464,10.146773242395586
560,6.5893362483380375,6.565924663558336,13.649866770460799
561,0.9510033787948294,4.256354274942436,9.115367505958561
562,7.126035072302219,12.834973864174142,9.656661001950368
563,7.390716004142527,11.160474313675156,9.903606951964898
564,3.931870282025663,9.406187381529486,9.090287295655646
565,3.826310857861136,7.478181503333896,8.714652642493396
566,4.1492358968692455,10.55820487077863,14.08479588849854
567,1.9986757050443151,5.186003578474186,10.252409924792065
568,44.96879397046749,6.790382909044107,11.029995997359986
569,19.91427153034536,6.969982391340021,8.068130118632533
570,1.9158144439403206,9.693213540074556,7.922204357890312
571,2.977191228187931,4.389590713661972,10.039698656169021
572,29.464237799042778,13.365918233421112,9.526142811511933
573,20.520759901590864,5.31400605779388,8.613523128965813
574,7.350995127396651,8.95185528461543,7.884003434062744
575,4.826084341897025,5.848520578960822,9.632025644627346
576,1.124570248967816,5.095950679559404,9.913481658842198
577,9.399561233920407,13.823855988564677,12.70705062524235
578,2.4187244180153553,12.363139726449102,10.397855506025568
579,6.232656445211713,8.531874934710368,8.497338583824703
580,2.3530488210339606,10.40587174583706,11.880105499102225
581,7.093462858709425,8.016941954514014,10.827543376309253
582,7.47765346355145,5.631873142365949,9.284224926575071
583,7.208915102167708,15.39725064591347,10.091447134158141
584,15.686869284489672,9.14053157036988,12.823601211044274
585,3.1564662054049464,4.091328163372358,9.830413062067135
586,20.69948729565312,9.174802742659434,10.881850046006793
587,6.70571080890271,11.470367603873857,7.156172610423395
588,8.184551519636821,5.429658055278619,12.930558032873913
589,18.362395519378758,13.20580385313232,10.658313479575922
590,3.9417003560357475,4.607393348412893,10.022644682052736
591,58.75128993406317,2.362529871335293,15.03134651927306
592,4.975838056219986,8.983090501741874,11.714887759306253
593,9.551268744757643,12.21558809974792,6.745841990738171
594,7.745606170642431,7.139240367812802,9.595235943206053
595,1.6486613788584552,7.7803045957352435,9.773107335378418
596,8.014203807703426,12.678566327269792,10.072259199372837
597,38.99619671358208,7.138132785859154,13.882303037080442
598,13.046852002487475,8.15271860185346,9.656498326532905
599,1.4070757496817081,15.087587398067019,10.52382463723369
600,16.922131612205185,8.729445666122805,9.947651475470353
601,10.699723158759356,7.582010896075593,13.384538828595682
602,0.6302273867948558,6.96218336711451,11.04347973235832
603,10.98543146662439,14.596977402368264,10.206603813714235
604,0.3513389177318552,8.696749503649626,9.481581212498558
605,15.583229686025248,4.953030555018688,11.11147215894621
606,28.297543360228985,9.95127588403618,10.47099547219596
607,1.9721550638775942,11.301438274007015,8.005763618985469
608,3.1137186565265664,7.945562986709194,5.80170561723233
609,7.772229478554014,6.67753050693924,10.560545675858954
610,4.410677046345569,7.6628931770548645,6.383925299852025
611,6.111878779465682,6.291836944670367,9.312853866219283
612,2.0649794278927236,4.910406382788887,8.675102578577173
613,0.5513517569444955,7.963106933251443,10.312605551184285
614,2.053455834979258,10.595746846522278,9.071958769433346
615,1.6711590091234567,12.424905929498298,13.64900087926535
616,10.250601599019943,15.289056449117425,7.562906928680716
617,6.728393882373027,11.147236193248018,7.624937487226398
618,7.898131843437319,6.21563506014366,14.155801904683235
619,0.29438748852874597,16.707969825517026,9.785229150914427
620,2.4966278337770196,19.524803185432244,11.557139811087808
621,4.528032700016691,7.39431128283947,11.545171463676555
622,7.82516033456521,10.385837454122683,9.556032800943223
623,6.266852284138131,26.41651992630803,7.636705416785163
624,13.749480647943354,3.9599648019248503,10.993859590668837
625,1.6843987551351376,9.743486225176214,5.981977972558948
626,3.9230707845987953,8.803322033792224,10.078861959829483
627,12.546241951346758,7.671991409684412,7.967377969249247
628,0.4110640927228968,15.019000427970383,9.51800031037652
629,0.07593444033128458,12.810060878602664,6.628153834244956
630,0.9944034713867301,10.82864783648023,7.349039037974948
631,8.819132991187661,9.494534396327042,7.33751708630288
632,12.195681435567458,5.851522017349927,11.60957281575804
633,16.790881295685946,10.71775145140661,8.955766590485904
634,2.973657400856601,11.09394799326363,11.565229811046372
635,14.136948817510877,8.872063333523148,8.41373498146555
636,1.7889991332437898,7.135695554079699,9.710952600664136
637,2.1236056918434074,9.912038237292375,9.514332359167012
638,16.952923239247202,11.18336590285226,10.911322190667118
639,5.4963603281879285,9.168504641561979,8.977590334120203
640,5.676288096834677,9.362610551735983,12.282750678251455
641,17.90390967367575,12.349353838114194,8.032826897669663
642,1.871360514664755,9.116108029855392,9.082900687365399
643,2.5444461187077096,8.89731424336884,8.198015638600525
644,34.39742277144825,5.391793260158726,13.595856153161009
645,2.391632708558915,12.667007799908017,12.148994212770479
646,1.7258480985223736,14.459866522734487,10.242187721679873
647,48.11399209011265,7.111750702067002,9.689172635506717
648,5.481347293239669,8.994813008409292,7.322236261951713
649,5.5022072250382426,10.206671805018969,6.7521819525560804
650,19.391077532966033,10.270624016200312,9.412918440047129
651,12.209236147397592,4.788779171342351,10.876220348074021
652,34.55564020344909,9.189686032425447,8.172143750614863
653,9.924871202354133,9.127977290389106,12.7508983593292
654,5.806700015664667,23.48819626984757,10.160074457415636
655,29.55146945919323,14.85975593105467,10.580397424977159
656,9.329505635986846,18.526599442429465,12.143359450884734
657,0.962505898306029,22.593404209968394,10.830368562205447
658,22.7238453119475,20.07415582984996,8.099997735020656
659,13.434367486298449,12.615747594612413,12.525522789493838
660,1.2313178311265287,8.097411120409337,13.845130817716122
661,0.8209846355290648,21.79417271206671,7.003124824547602
662,12.545872064132343,14.184178991735942,10.704406775133048
663,9.733514216425478,6.758481856989414,10.283831071721993
664,1.7205426074837706,6.856554191291724,13.12828117351307
665,1.8888929327886328,5.04767049934693,9.457605646559722
666,10.247263449986095,8.271348527476421,9.348083058062304
667,2.098562970483008,13.918778827648648,9.003864659135768
668,29.56568132226541,6.66794756947894,6.920221068538792
669,40.767773284431975,14.64177718538875,9.39089541291569
670,0.30976685912119406,10.70726742783804,9.914739353129933
671,35.402434714803626,15.354816807614872,10.323284045374844
672,10.446718530914865,4.086526337454631,8.529868066256805
673,24.495780384157413,5.471832249121254,8.69794580680041
674,15.580355886659724,9.783596400380219,10.018813413308017
675,3.3843744827594255,3.559490424625293,7.162743219116109
676,4.544878390349552,8.977321654328797,9.2384270391186
677,0.09567174797617077,5.287225874994572,11.295875690955944
678,7.360912067607259,7.919056585107493,10.564025771494416
679,21.780406127366298,12.56608296703651,10.031965375949854
680,18.355158843149315,11.533509028670718,12.694326467628327
681,6.697655164041205,9.622516014884457,10.293692403304195
682,1.4843908001331523,12.993479632244519,8.34651101491538
683,15.766395670481707,4.012669637535619,7.915495852139099
684,8.201779986647525,8.277960649717055,8.595188933283138
685,34.95662924434309,14.124468586175704,10.586283077735345
686,6.0883697729589725,11.318355664928523,8.70351615754011
687,9.378748602275284,10.129299866802734,14.43860126121536
688,8.990352272823696,10.805004662865699,15.68931553507343
689,26.697306446535443,10.381331725944339,11.15951440420486
690,11.08727126056618,5.094081443768856,9.845527869267903
691,3.9489849002258217,10.416559315506964,9.31043949197849
692,2.941785973987705,10.407077791849193,10.270216974603242
693,11.457955936899504,2.937637774319935,12.142406697109744
694,6.180177693336078,6.321590857815792,11.926659691786965
695,4.245594319645633,9.431941248545474,12.977640034806589
696,17.48428047792092,6.389133199853423,10.91955896540274
697,7.452771191138194,15.64616053584489,10.251460951822857
698,7.55685035133619,4.5199800508421655,7.054993820169354
699,1.0348603538705068,14.499657134731816,10.408712034281292
700,3.2312430684873177,14.721590241578465,9.436291724076154
701,0.3794099631276319,4.397841720585882,10.423410084708557
702,8.921067875010474,6.855120620890782,9.769505672719449
703,0.7283985177812398,4.481572726254729,10.474634779937833
704,25.582700497664693,12.447352093252388,7.431603462697302
705,8.309802510093482,18.657825376614515,8.924307458407046
706,4.881417839798942,11.157615577851171,8.750899160299342
707,10.369597235359667,4.8292472412487,7.561503497289693
708,8.556109660520761,4.773803437689915,8.359846033766578
709,6.1057967326964055,11.486428402862646,10.603874106191274
710,6.512965081871706,9.39517984041591,11.957643894423219
711,0.2221119926218503,26.518885017763864,10.92480475557729
712,22.844975380443273,11.849748088426763,8.343446301364825
713,1.4424064054139267,9.923800392143523,9.296209639695519
714,1.1110267190928904,6.963425926152897,13.512369980396725
715,0.9635529703700654,13.120478959195955,8.686711506636954
716,7.652175339614109,11.305703271961544,9.685222075512605
717,2.9430157138413087,12.464731162419252,6.216350954497754
718,35.70858729129625,9.525096517962632,9.202162042357612
719,13.820264006654833,22.120952687736455,11.23573738674299
720,0.7378143817535617,7.221055193210407,8.514025554613726
721,9.211961682548866,11.729608752139375,10.762324808748417
722,1.2746380949632157,5.505542914891708,6.876792698372528
723,33.209902774550656,14.72700300056231,10.036949380237557
724,23.547378866163275,7.869911162509763,12.183783356614283
725,12.63145070185237,10.972839714077843,9.878710787301412
726,3.667724621337922,16.30949469719925,9.383752508803886
727,6.363527193935742,2.329268025150554,9.761534765015547
728,3.88982571555666,11.21138964424026,8.67278463562447
729,22.69651342185926,4.936726056598593,7.756859737743352
730,11.726517500288391,3.947529952734878,13.067208812752442
731,5.108898875657434,6.4481184423396325,6.1362130253306155
732,7.217267525853022,15.402284797120515,11.422079888930792
733,18.867447958655383,16.896316835934492,10.128287082699387
734,5.4277591430035566,8.740786402219735,9.744452965974894
735,6.712959105016415,8.445198417113854,9.613654243976558
736,9.05569826550542,13.477667664058098,8.83726395062539
737,5.771843273958678,6.488711309746916,7.816264707266986
738,14.644184178293326,8.91928223789629,12.5427904692246
739,8.876384433356284,8.774469176590708,11.97392408695942
740,8.92945361979136,8.962871404991036,10.573092859323074
741,6.593971073656902,9.812519784936544,9.334869221627098
742,0.16484467030743105,8.44113400126619,9.958504765766897
743,29.084171850543957,8.795911194230218,10.007962302028742
744,4.856794215608085,7.6634030315190245,10.210059413154369
745,0.3463476688164866,8.867527005903511,7.559235991438128
746,6.262761703141025,13.481779708863408,12.10819623199211
747,1.5115791333677722,11.255142542893974,9.950668746794292
748,2.7580087046250057,17.94045883543104,10.104902362369517
749,7.3678462302677765,10.209375568726324,8.217427612489285
750,3.110295852029044,12.674222029036397,10.866200357321638
751,5.6512260788107636,8.061693557703064,14.304637891782486
752,13.290209100877158,9.8976310197562,11.783384792576319
753,0.26649713316853757,19.4897748661418,8.606264590050133
754,9.21844403622668,9.594664186513324,8.882078701688549
755,7.339846135219751,2.784413903351998,11.463631126499104
756,30.614480879453357,8.18679345543443,9.605752477365066
757,1.3029866559073,6.509809253989673,10.849579754650879
758,4.596366201653403,17.25885632357961,10.489395227839886
759,2.4436973873833066,11.338536979796494,11.260008939682688
760,0.7902241387849179,6.7016830759663595,7.852879013377813
761,1.8640517030611896,4.23972038441241,11.921106182232695
762,5.198670184527009,7.832805003396345,8.839597812757104
763,1.1772452257175963,13.412565976906809,10.639754423613907
764,1.1166733570078913,10.601587172721759,11.854660202793964
765,45.99190158109401,12.89279755515106,8.07604620146782
766,5.123548292032522,3.0172142731139475,11.89246058023264
767,0.05788044316025712,10.511711580719306,9.675141637183133
768,2.1895649246417355,20.786912129798758,11.473832138633428
769,3.047309132972005,7.204753980904016,10.025912099840268
770,16.114465100772602,10.725155505290122,10.98407743037713
771,7.438541695657104,14.878747219284886,11.695845841992337
772,24.323472669586625,11.318994414056828,9.603030912272608
773,0.8834189442430634,7.470206930492691,11.698195971667456
774,1.8347918495893782,13.956558329325281,11.26835562274772
775,24.248383461680838,11.100707772673081,10.912371702630479
776,2.4660705920269352,6.065828653016679,10.014993499954974
777,18.461507041307446,11.537425467881665,9.505987432715914
778,16.24926423607444,14.29314293548978,8.4111079121714
779,8.26316346705735,7.195865848167183,11.51057597742571
780,22.96519104652481,11.121291564746397,11.65103004206642
781,7.978402024291505,8.539752626984852,11.747812640360156
782,0.36221755324953214,10.669611408624936,11.93113942158873
783,32.168347742643114,9.158263119291329,11.37892664510132
784,38.55157616687398,11.28139011292934,8.770659500515718
785,11.837268740855901,10.353193357954527,11.053166322029048
786,18.381965630906183,6.605116039415684,10.793391826558752
787,7.246148402536868,9.617701039354882,13.261521764658392
788,27.17775934282607,15.552031946309631,8.661474206009254
789,31.4587414109746,7.014904829350547,11.352473581931413
790,23.24046996068523,6.780131612313022,10.12449187039876
791,34.23755260466515,10.444318152793674,11.877365687606462
792,10.510591631152653,12.517059656471085,10.135440099700679
793,35.41238361953543,4.1079300211521925,9.89765866383047
794,0.4815544137002121,24.029633071030325,7.985352416029778
795,0.9550880060395794,9.957887876277885,9.300097515071103
796,10.551734141734325,11.56777014276524,9.381935835577254
797,3.272862287622618,9.088609102481064,9.00470228999739
798,0.0732961896872809,7.204590979183919,11.994527665820147
799,9.616725241016985,9.393971431378459,7.254363940457987
800,0.4458402550380257,3.1959761566172977,9.795726957787652
801,25.87502440440677,8.769190097799578,9.004072449123207
802,0.7398168957627939,6.9004290984617525,8.237265760774852
803,12.063213536475038,9.179466181474657,9.248902294939166
804,7.908226359509454,9.71467998051526,9.29767109501379
805,7.928652637974425,16.91033291444291,8.976818349484867
806,7.271035718167023,9.660460421880211,8.036909244088445
807,7.769994387065358,15.608985536996347,10.11067649814409
808,6.837250134336307,7.457430099960112,11.333066489895568
809,0.5469176799711067,8.149809013310021,10.053689403411344
810,4.338838643238492,2.9790886921930073,11.8257176376373
811,7.695091435970469,10.96170775325504,9.574456128894187
812,6.236644225055233,12.286265320082384,11.046298968536487
813,2.7745080311217616,10.448965404091592,9.562892230955715
814,0.15246361453460272,18.141423143991204,6.640857973938124
815,4.874953145414831,4.730529746296517,7.6902220512576385
816,0.9362281749516784,7.801868700841952,9.9438081317462
817,11.23524918115085,10.104585107485109,9.683654059658663
818,1.96587297520401,19.717906421662278,12.631568588599057
819,2.703475796499867,6.485425203566034,11.115316952079533
820,8.191050115440156,6.447661855173081,9.47271586553199
821,7.028895480533685,7.887340581403214,9.501345162514472
822,4.111190057954315,10.138438811300514,9.805974792682974
823,3.270163013740356,6.924202778724589,10.54866576693044
824,10.388562379605938,15.549696449849867,6.836999835377166
825,1.850243051259041,21.745644257947127,8.646420870612555
826,0.9696879777918175,13.09366378085247,10.150051870378848
827,4.220983334627455,7.269532673410573,9.640558685231106
828,13.776519700459803,3.195896405561671,8.779833386582919
829,1.3959701709493715,10.9681410260814,11.430597821302616
830,28.179639650807225,14.554866076043329,8.594978095747143
831,19.854008314120353,6.521954640447116,10.798252798429761
832,15.09411255915649,7.48197341003686,10.668597675989888
833,17.30284033450313,9.683918763182499,10.966093792565676
834,6.431400494955458,16.024216514598034,12.141659120967327
835,11.823345622144373,11.079585488274025,9.896221375319119
836,11.606296575560778,4.157015825967764,10.542643267305591
837,3.891889837486312,13.514767095387395,6.048467105324135
838,6.831529614405771,5.750190720188593,8.96062104438686
839,1.2258599301681476,8.563839342676449,7.692570512453054
840,0.01508261266498462,10.472430340110765,6.256832293163856
841,4.772992633034273,5.328405306818959,11.652944506921624
842,33.75469508265364,6.391961675363034,8.95754923410821
843,6.891926813151648,6.673737109665517,10.233054028292491
844,5.423666512075456,4.588170684607608,8.670110116129054
845,8.364522162628319,9.13302660743639,9.624031467210806
846,7.180777455601422,5.308471543230855,11.998732570488503
847,4.399986148989532,7.720237014114716,9.87776899670187
848,13.57055873500736,11.090303370539639,10.219563482693301
849,8.9467689983865,6.35846192585621,12.125291624171215
850,10.506397245850275,5.126228137010231,7.335321263692231
851,2.7180036197583433,8.394393766699555,14.745642598734777
852,4.735946075294854,14.057169936621213,9.78729505231866
853,2.8071778401097167,5.711331980880563,10.372830787538211
854,3.620313107653557,6.513005408807788,9.453880272477324
855,11.253522466745586,26.00217946587535,10.747905239175642
856,11.399074826400062,4.829028901677289,9.718463277084298
857,8.357075958986341,5.8241905008249075,10.14389182052017
858,3.6654800018526412,13.413303996652008,9.563737936656564
859,7.576875456362253,4.284566927899373,7.98122495046993
860,35.91336472378168,10.285651963766647,10.20968471045311
861,4.193878575567303,12.4194420514958,8.496246256044792
862,13.327334512881013,6.309480175564356,9.96408561150429
863,12.532984927303147,10.825819824564878,10.340072402951067
864,8.913738015950548,1.9049940082575538,7.739549842148806
865,2.779345322870296,9.867064291038751,12.053416564800255
866,6.376423405594395,13.819652293726133,10.135164722333354
867,28.45043109352269,6.140331605070448,10.28343477669236
868,9.34717622545768,7.596959247173015,7.369826488384979
869,6.983849067185344,10.620615324843275,8.60498400815153
870,10.85117342833015,13.430173703301264,10.24851318899183
871,1.2006161961505886,4.704169089404883,9.788363588239712
872,1.3601921503566217,7.557436264486791,10.11040026463174
873,9.493190590553091,7.97308912802053,9.881054626795212
874,3.7263684454758685,8.652619505951835,11.283994258522824
875,5.237617805587809,19.494309131793052,7.719401299216254
876,2.904233287225033,5.4045059382182865,7.810844853303771
877,5.875447730284967,8.997758380612055,11.736648847908851
878,3.502522721103605,11.546676079159834,10.175387945220153
879,1.631837438148454,6.864648847332131,7.962842961823127
880,10.038215470218667,10.911851470009864,10.403260519114033
881,0.05021301379066708,23.57929001268745,11.163653605932588
882,8.849412723761857,10.550642447655234,14.388172573662706
883,1.0118400521821291,6.872772240311264,8.427123443064648
884,17.8347654562491,5.210638756607707,10.224272540462348
885,5.86702369879658,17.71327011203142,8.76771347876804
886,0.7069783267128741,10.948740363133467,13.079317679713515
887,4.864679638768292,9.833640260466444,5.324326222677473
888,3.198083990420999,7.830128575988454,11.769840366419313
889,14.667448993032908,5.0626254655634915,11.71446202650403
890,13.016445530857178,36.368149309353946,11.393532137382097
891,17.769483289225334,3.6037349416719566,11.406093308790743
892,2.8890171546156593,14.33153725109446,8.70039050374725
893,13.456521109380025,7.78753242097291,12.410411617307107
894,5.283815024764149,9.014126766889762,12.979729050491034
895,3.516074615605133,12.078579383952391,7.967435196181956
896,3.75638877121242,13.101508726309515,9.781538269806726
897,1.8410567884873192,14.006155726703815,7.823301209753365
898,9.478108657293177,8.341229867424614,11.59371191380223
899,0.3111455376128481,22.270038495443465,8.344964962226832
900,2.399414986607329,12.583376224798545,9.862856124849774
901,12.008264788810138,16.997073740256013,9.489264542128025
902,12.467789733958657,13.904309292875734,8.557842603331494
903,14.26888043611288,20.07927851518699,10.79981869621184
904,5.164598375593692,4.971935065961535,10.540729014969287
905,20.22152071674402,19.873013698383588,8.01510802264784
906,10.927044392612148,11.517560955712186,9.2796296211136
907,1.8137482291028373,15.249841105401668,7.360961915914991
908,1.0703600958379764,10.425514800202487,8.039588827119726
909,4.863966856189103,6.852737228513492,7.420053014180464
910,9.201785894046877,7.4480509498976035,12.180214442840931
911,10.343413197417298,9.748720700044842,6.836021152869125
912,5.018763646910587,5.578603262629688,11.123288378340012
913,9.582044266473439,16.491315413357626,8.559770214350568
914,3.6079716572137275,21.13600411919308,12.235638852246607
915,7.829161591829343,8.221056494957717,7.181574412188956
916,35.32892537854025,9.956926774844774,8.892404907992576
917,11.828861425972578,10.345205535689328,10.842070547461434
918,4.271500411982258,10.329757254466601,9.008320301335086
919,25.534196239483098,8.002060351521866,11.053798029612592
920,2.778177996119187,10.569432499706872,10.067737208487147
921,7.1064053174451285,15.742173293878608,8.489771798681211
922,0.3816715159098026,7.009813657346703,9.89930007480368
923,9.707276657594676,4.661561613100931,10.835216266049136
924,2.1739796535068114,11.009459742736594,9.256885400441886
925,1.8612954640933561,5.351602974577753,8.814316179393861
926,5.63013147412992,17.568995271475774,9.962968103943847
927,8.686105907033182,11.477560644331176,8.808071928557228
928,5.884787725402859,15.749278590043644,11.265541772141525
929,4.702491188891089,6.375158438377647,5.472447359719604
930,6.869581562049032,11.875914455454705,8.161765817225659
931,0.6099727028368227,11.914725734203603,10.051412697522316
932,3.669092630752575,5.789739758314875,10.281417370582156
933,0.36831872964628565,19.700424964943874,7.9141443027473475
934,9.078917602292568,15.861065058775111,8.7963402530539
935,4.116437816344122,8.776657478562687,8.340594354575165
936,3.5374585318741594,14.506276707865027,8.801242905104866
937,5.344769749182326,14.970371844272677,11.826270348888984
938,41.36616437511947,13.677503219579396,6.701566139947895
939,9.927331517614713,8.056011272229957,7.764793892744412
940,7.654442165971609,13.528025472335823,7.982580529450866
941,17.684228281725847,18.525858014469115,10.72572678783167
942,29.264776840326586,20.321292716754602,8.041869936293125
943,3.3626917468925948,8.314787072620414,9.270846322680116
944,10.9312187516012,10.522372008248192,9.321106450921457
945,31.417786239611967,25.690324075036,9.91328411536322
946,7.05272384520609,14.112891083828696,10.588276295207992
947,17.81882593616978,7.806331294881092,8.926853040514931
948,4.318963653685532,10.31635828684579,11.151014840416108
949,4.935324235561156,14.10255246055049,8.891151213054052
950,2.491695188138934,11.586278334930919,12.6997227480078
951,5.469338982615515,6.440022623963917,9.180314840759985
952,5.608258807444971,12.255945962007324,10.233134296526122
953,9.750161698479669,17.696126827090445,8.306605861796237
954,24.029359802070324,7.353576928803396,8.841098412400298
955,19.251131167681603,18.012403970264415,9.982083563033928
956,16.11172041874285,10.651993148629128,12.378942845684522
957,8.191947347574846,6.364855869751464,10.582997376359064
958,4.74672355783875,6.797111521169893,7.500144434915233
959,19.921070463459845,14.87200329442974,12.463317165333686
960,20.02704051315238,12.409985766085688,12.058525154895891
961,0.2957040472697949,8.50507102011955,9.738527995753048
962,2.6935100058901638,4.091976416061269,9.180632725205722
963,1.9215514570050554,14.252694730767521,10.200831741815513
964,9.617425341145672,7.373814742647075,11.614991882123556
965,6.403327030973586,5.7624024145051544,9.028759910551653
966,16.82298040732058,9.78889871960986,10.504137021794346
967,5.717220475061029,14.507326883644762,10.44173395353385
968,2.101167607744219,4.644042304516714,8.605898875683774
969,0.3156713632596971,16.195457523874,10.586017921581423
970,0.8837155016144785,11.189845324133099,10.220985808352417
971,1.0702697007585462,7.322278654751666,10.361608597259634
972,2.450662756702091,6.647860601362095,7.4032214501986875
973,1.3138969548795945,3.3988349253282735,16.051856000091913
974,9.200198850268928,7.3171535065770374,6.885425464598556
975,10.103865447019553,9.844693338161811,13.613494829769222
976,50.438879768178474,8.27931515257624,8.260281790654037
977,9.84173794576324,7.001676906122893,11.64749634681027
978,5.38477230931191,7.170271281331421,11.172640961801468
979,3.874227645075295,12.99828252675899,8.225521619669253
980,22.77703516893934,4.789571660447757,8.524487465613886
981,1.0171496939036562,12.893872110745557,9.36321405908749
982,0.6862169573907761,4.561736869344225,10.616459512565932
983,4.1817719395936095,5.741898749212171,10.15713177800807
984,1.6332016380541787,11.968514840157756,9.762823854850186
985,9.870879021071298,5.524644442688262,9.563951238017085
986,1.0485394526236262,17.27397743543634,9.75550504821822
987,1.1146719181724114,14.842620725686107,10.307298916586513
988,17.057965140104518,6.003533680697496,11.65200368717234
989,20.728912007093648,8.166771009612074,12.848560520234948
990,8.084561655610251,7.795818679296092,8.812546038051732
991,6.6497368800036165,4.943369810771513,8.151903202586654
992,9.025004304568421,11.996230318020386,7.586802368029227
993,1.3309085881716856,3.5585591903481584,11.483556106892854
994,4.253079813608405,3.5474387308275555,12.121828546306439
995,1.6181111407299966,9.53931883749369,7.549242664307863
996,6.278477913627156,8.53513623898183,9.036712913306985
997,19.297647958030637,6.788134806413623,11.753310044789732
998,1.048656308152159,7.020059871335208,8.93274507860241
999,62.3329635913875,7.672228255583654,12.270958338327869
1000,15.879776088790592,15.238624259614062,10.791741137167712
1001,5.509256910772746,9.949657164445327,9.704119051566673
1002,29.419453899217082,9.352661475022227,14.047017079130958
1003,0.9559146404617104,6.182868849652161,11.223850966406046
1004,11.57574717582085,10.346459784951984,15.9108902412622
1005,5.499885274423533,12.886217027725134,9.318513021278516
1006,47.706489621541905,12.55050932899544,11.26500775934397
1007,5.830244138181538,12.330222461949768,8.378746662677768
1008,0.6330407208114789,13.758064900099225,7.8230559138156766
1009,6.454515669335718,18.86899165678783,7.761045912883555
1010,13.7508148705599,15.465093659160706,13.799082963958545
1011,60.759832472860616,12.910796640537205,9.680827331126396
1012,5.236617075748718,11.672721670736433,8.115622307950447
1013,5.588780437724662,7.517117005531814,9.23399234106537
1014,0.7116041395654574,5.867694276185494,10.268456840418965
1015,12.478350671211716,8.674645551950501,7.239461836940868
1016,7.422896666689167,18.14379718648103,11.338193194984074
1017,5.527089374809813,10.195600624007621,8.600938536242849
1018,4.3090032294271134,6.753328245896841,11.567088921371438
1019,1.8498792215027717,5.990597320254467,10.734255069933043
1020,19.418099881849766,4.00532887410569,9.091743832354469
1021,9.2257945391425,11.901483811738357,7.027675647758031
1022,15.664070379634271,14.118930448049735,13.111728474099992
1023,2.985770518254376,13.615629478956496,11.62677690685959
1024,16.171284698971366,3.1854478520542004,12.610918951727879
1025,15.412813094868802,13.30678249814873,9.023414758660913
1026,11.869919346740595,8.562954376520615,10.815955360087028
1027,4.53964705672653,16.117559881498416,8.882225593903842
1028,13.960200776231066,5.105417169309783,11.1801467521574
1029,5.284660817553942,8.334274576954538,6.937003966213594
1030,10.04430085694675,5.23535495690375,8.399310689818485
1031,8.624347241535096,18.628248719437785,8.452728291717488
1032,9.618457112045373,7.327359320349146,11.269937407837187
1033,3.844303057595613,22.063401067566595,8.760201181278166
1034,19.508264045448183,8.82462406866296,10.155750561725435
1035,20.155233421438172,14.940269926839878,8.933662616785915
1036,3.721878125352348,10.531516854711844,10.299362413794846
1037,13.533973679128037,13.54576102634671,12.54182263320271
1038,9.284628909537052,13.836376757531166,9.019786536985892
1039,2.000142787022705,17.129031997822693,9.788664829369388
1040,5.431085692079918,14.748506730764186,10.876949683663595
1041,0.3464663769111549,13.54189552681836,10.091037727201893
1042,9.405775705434332,13.653901029645024,12.80450733753278
1043,7.4937938711149705,9.639584149858319,9.994733561007461
1044,3.426835315925567,17.650251962278805,8.82144961302367
1045,13.411621304997878,11.301111933567165,9.277184205565982
1046,20.335030123283843,6.178262481888098,7.513634895394502
1047,2.3310752515646604,8.965285172795408,6.575789805873404
1048,26.940995941813796,8.554033839370286,8.079252257231676
1049,13.013133962838474,12.692825125792563,8.798924620120463
1050,5.829852757421553,6.742182863318499,8.767840142329918
1051,4.428897197256913,3.1832970409456802,9.70166496602627
1052,7.281729655938712,7.059521594082156,7.948691293111115
1053,30.50672224652882,10.172198655168218,7.164523872734037
1054,3.7293786931641986,8.601733381129007,11.663465886645307
1055,20.575127018983093,7.124232972061018,10.191928751521704
1056,2.834160813539948,15.174871466260893,11.323489618275
1057,24.96079153922304,23.148882397036875,9.215859367239737
1058,9.184676595491004,6.6806468008098445,9.481780301711863
1059,4.1193919154728365,7.38866637837701,10.908787316074568
1060,3.8305584151431815,5.906567893032312,11.354555114711195
1061,25.396162341349275,15.546582662153517,5.673574860316266
1062,10.156742880664835,8.028037173600968,8.58079035062296
1063,10.817776802664532,10.753014244255201,8.368875165873739
1064,5.208848160529068,10.148615006385072,7.144533348110268
1065,5.521780817155387,9.668278879757747,8.595389179880147
1066,6.194653328701034,14.467520425985962,9.581382656785612
1067,4.721444106624156,6.650019427789545,10.865804878898965
1068,1.1261393043608365,5.368585986613998,10.18250644010966
1069,4.6621695862289085,13.750182670164467,13.234408276140426
1070,17.355597982692263,11.309644225914155,8.88293709805538
1071,5.631457393079195,4.855058149258334,11.582311827365912
1072,11.38873537745199,13.907994053548668,11.098577424618457
1073,8.779141383205282,15.51574796664666,11.005701872023236
1074,8.425726670064932,4.431697034782974,7.70980789008224
1075,4.435748720396639,12.828437368832818,6.367296134167121
1076,14.297337545225103,8.591259242129205,10.563473183397528
1077,4.883224782749685,14.333670966059248,11.241204542300885
1078,4.31881654739971,13.506188052534373,8.749486242324211
1079,2.891352338414482,15.672826157414653,13.430055313164761
1080,6.535508076321886,13.04648214943148,7.738129762217882
1081,4.465506706041954,15.858641986712382,8.687645335856947
1082,6.273166321347623,10.716477870719398,9.32225676224686
1083,9.242973205715614,5.744417497784208,8.920267740241508
1084,19.92703508212549,15.605477914973182,8.093089035958842
1085,3.480851610090289,3.4394894014231836,11.608709345028275
1086,37.14724570466937,16.54737487279696,12.340007372025246
1087,15.761225475001863,10.640621796854202,10.11745070854826
1088,1.2347505112681236,8.989241042134688,8.719591644169746
1089,4.017596343236873,6.705909366752626,9.538652077010019
1090,3.0330525245330398,10.712255400426328,10.7720562003567
1091,3.5672112279331945,9.294315602766876,9.954249522793189
1092,20.00736116313177,10.276868121923744,14.919115342439078
1093,12.366483152675022,3.264128523721163,9.041768219363176
1094,0.022334435156529164,23.956612830461683,11.363121243682047
1095,2.462627322850023,6.006604007529508,10.478255579644427
1096,0.8110845507095794,7.0318797867589256,9.842167671683466
1097,1.9424624229917777,15.090526775893727,9.703584641247792
1098,12.335234593444444,10.51815301272034,8.858090532259585
1099,27.355818117753596,4.7500233896264925,8.656894292477013
1100,32.44210255583504,13.868744799348491,7.693986244671803
1101,7.758834589958512,15.517433208843055,11.893956872321933
1102,1.0884106018101796,7.786190161768755,12.51404420688291
1103,9.481088650224532,10.298764357377348,10.85790433905219
1104,7.260129880940675,7.034902262026174,9.829942920817738
1105,9.607900274428198,6.673487168454798,11.40572116370425
1106,3.412052383220571,11.742317105260188,15.820268907590377
1107,1.143940885765164,7.4534699960887405,8.5156567877537
1108,5.419185096015122,6.925469372425209,11.494084049913358
1109,1.2391732234404806,9.554026814953684,9.294987953936866
1110,63.01428087553512,26.442757374239324,9.089823215129087
1111,23.841517915032874,4.36322470841769,10.398953582626632
1112,15.810409817892351,11.203708486291992,5.897258277579225
1113,0.7453654915323946,8.008195719685984,8.636663648607682
1114,8.89865187471306,11.40205654774015,9.007008465421613
1115,13.282448795357544,6.188216013444785,12.24137448996575
1116,4.912611094926083,8.52734669367086,8.36246572685896
1117,1.472565345923055,7.753862487977943,8.288967524307372
1118,35.12257579954808,8.668492741511118,9.99691542440968
1119,8.251945780508137,16.43447815780832,9.144844781273878
1120,0.24268442478432406,3.1196574767007332,8.726090827061029
1121,14.714954137270457,5.803609612530279,10.35114736244889
1122,3.383792012497028,2.8727604333795336,7.600498213114144
1123,25.543732342881093,12.714270066722406,8.836556163597718
1124,8.136118641017559,8.940655934680771,9.687295130254729
1125,17.996098312804836,8.776068872983728,10.607835294532638
1126,5.819409267409907,7.210294547337578,7.608582761149792
1127,26.706285427018503,19.447422314564935,8.89292325881481
1128,5.355510019938179,7.06290696943787,9.004699738769256
1129,1.6201131502772481,19.014876023608743,8.97588965061257
1130,10.20470676044763,9.171934858595545,12.929611519797243
1131,42.06664965517683,10.205740329104945,8.825225352840818
1132,1.8031057580898857,7.71605459027891,9.179864547752555
1133,5.061637701370511,13.100515543128532,8.748322320616516
1134,0.5005653114310712,2.5891917171641063,14.762495423027437
1135,6.040185012750925,11.812451670985856,8.758713309433404
1136,8.53633341796762,12.631219347349525,10.075081848135007
1137,17.222120787132724,4.585013790904073,8.301216201404932
1138,5.8176844680135495,4.394598878718947,12.162866171397551
1139,10.104992195511846,9.459739046528812,11.924676358186717
1140,15.344418647370427,18.86593543232106,9.025561246101118
1141,3.388765741792808,6.936012433624552,9.995749224707025
1142,15.183255610234418,8.532845173183068,8.848868090478472
1143,15.909033683241606,9.404062600200124,12.061920035682702
1144,5.616835350290479,19.06023333267445,10.22784143317119
1145,3.143540726487995,4.989478185730208,7.261702004200738
1146,13.484819604864692,6.452876265995461,10.841220640277381
1147,7.420506678127459,5.7658593675866605,10.827598715536032
1148,1.6339504570219838,5.522274967271612,8.085546158693164
1149,3.876807440387553,13.674908853395015,10.563214236449673
1150,14.39544922077876,16.26243372353423,8.678583338381912
1151,11.702966825901637,11.690974320947305,11.528705797696432
1152,0.3153056823424293,7.345929189430872,14.604466620332452
1153,1.0876223974462516,13.777361032096607,7.73763548372317
1154,6.279452793831353,7.32222443371582,10.146989141451092
1155,0.8019054536716361,10.51767886118242,11.436947438032721
1156,4.957947302206212,8.858864286866787,10.856437767566621
1157,0.7762866673793564,4.250453995434412,8.939283014648574
1158,51.807777196984304,11.623035256111967,13.915427971752115
1159,4.57357828120904,5.47307979106039,12.172332588797799
1160,11.08737524462142,8.806767753535762,11.045972032757781
1161,3.235853348385894,7.307135572996735,7.9515010574413365
1162,2.469901312720505,9.903236757637414,12.87372205110404
1163,4.15792200613099,1.9714683231893395,10.695772974524642
1164,0.9742900124756338,21.371187366310796,11.991262089046954
1165,7.744846340022529,5.111779973245051,11.673920299363475
1166,1.1790790812137724,13.330895574438292,7.590831724812639
1167,7.842040676607636,11.931625945935535,8.95292074886171
1168,11.70217705801893,10.8384827996294,12.708829525792336
1169,6.2358975599358155,16.46687665232564,8.58043777078797
1170,4.272830908095551,14.852531411695477,8.687239528138894
1171,15.323587768222486,4.460426463698693,6.7245027725812845
1172,1.4813204765337862,8.764957220717726,10.042311676229888
1173,1.6212948893501338,9.761509945811529,12.170947721050759
1174,8.036198830027734,6.3162196353860365,8.035700915075127
1175,11.492419249023976,6.995797538525013,9.588776625642028
1176,4.948627670296252,3.496855376838771,8.748429015540577
1177,8.866917223107448,3.10614013134606,7.7636804715431245
1178,6.365702285222948,10.866948837155928,11.413030781987269
1179,2.120317007193492,11.58735952402614,7.726561309191904
1180,14.273747968365113,11.305611488120867,10.893088601791636
1181,27.815543940367167,6.870529031321159,9.071923929467367
1182,6.418890723275004,10.402661130623732,12.527058692600992
1183,24.020314892391198,8.910300382603245,10.304023352293534
1184,9.044671230687564,10.233558253556714,8.984827839269569
1185,9.76069129230396,13.419317133336467,10.781888035466318
1186,3.382544837173275,10.17368428391812,11.88952561076027
1187,39.853376466050996,8.661285514318308,10.379594040682212
1188,7.643130973327996,9.575891558899404,9.826977909779371
1189,45.16671009022142,14.853761221978422,9.110799335043698
1190,4.233468589113445,16.80488625237488,10.592839750541662
1191,27.412537136243202,11.98407556988776,11.64120659493005
1192,12.686676151221151,18.637286637531364,9.578455779483042
1193,6.419712911679389,11.496402833385797,9.896338992241365
1194,25.48991900143918,12.241706789112706,7.950078556787434
1195,24.907649094128725,7.124051858800674,8.671827720171027
1196,1.6469606144729259,5.731835171858517,10.649894008577991
1197,6.056549473653715,17.901406483609506,10.357431072339638
1198,22.019612720871365,5.846623462644916,10.341979770221498
1199,29.71276004116791,7.540776592738084,9.789546592226447
1200,12.507533388136643,10.13890439547368,9.123619517461442
1201,2.3297654464249007,6.216702686243819,10.272657483752164
1202,1.3187103905362296,11.719316333409243,9.348483924447493
1203,34.304130887402145,3.995141214530295,12.99690560314267
1204,17.265792610227255,11.999706559251507,6.751240814767041
1205,0.745528402087117,13.737108151201909,9.953482133862513
1206,3.8010281902563863,3.9183261568495515,9.11066211984572
1207,3.5473666827073624,6.651885174242681,10.390394991369275
1208,35.5417168087468,4.449040166103662,9.358710028426815
1209,12.108841058674455,7.321245887535548,11.847531165327123
1210,17.905549613363196,5.711540628049724,13.413268665554858
1211,26.032360994778774,18.075074408378686,9.923529348280374
1212,3.440240336329252,3.8569814944442307,10.583152448172678
1213,5.709488985663631,12.156545789838775,13.720028858386351
1214,20.88483444592235,8.374435898464707,9.336409408954399
1215,10.61792767357273,7.608993241204584,11.229284377383518
1216,27.668470163039494,8.630602645441062,12.652800226500517
1217,0.11395744815982588,6.647084562101597,10.91293167479409
1218,41.65164747610377,12.171466260375821,8.63800096813564
1219,2.257234214583178,9.000474722839725,8.48432188144913
1220,9.837706699213577,7.914469580115465,9.18042106587755
1221,3.833042965142459,10.516121254034104,10.323035912816556
1222,2.9171771538735696,7.2438682561342045,10.244941753594789
1223,38.489167374304635,5.064431957490601,10.897180896808377
1224,18.217863034113346,8.530407877757202,8.491799539239938
1225,11.488915604414489,10.168156587576503,12.9190734268709
1226,7.778598729224567,10.295755291585493,9.52795460934237
1227,9.559483737374348,4.3759258074505105,8.42083175914045
1228,0.43672261680801944,5.872345927709847,10.814823276059888
1229,18.449129314157428,19.58155414594837,13.097413190105467
1230,8.575692399596033,11.779193361023585,8.295600462156065
1231,6.77874381249314,6.249070855425478,11.557418769342073
1232,11.55764778167594,3.949523689960203,6.063390186557163
1233,11.710571733601043,5.8500002694868405,10.048867549334874
1234,0.6431640823891612,4.363914042251081,9.906613691797617
1235,10.530875719224657,6.87865049938044,11.59255473947954
1236,20.699924003735326,7.689144974571894,10.955138361174871
1237,2.254616804287143,6.802016537053174,11.570698960234546
1238,27.75672200669018,7.095780495575627,13.506230698615859
1239,8.093163966154474,11.331505658915903,7.8742948249518845
1240,7.439981203763113,6.579365127772348,8.347904878994205
1241,15.975441121530146,11.74615566566612,11.472200815428943
1242,7.706762640029267,6.149704534029878,7.431004081577948
1243,14.402329067858945,8.839531042288629,7.954282611552407
1244,10.119035034127943,13.537151723396994,9.14460515078157
1245,21.79791888720388,10.92890900520267,9.243318363639746
1246,15.47398303934466,15.826476722073664,14.303441617906481
1247,5.680750001714616,10.267052015233372,10.771804810391359
1248,27.082917649325886,4.007311458356446,11.553788131822452
1249,0.537287801341551,10.097448200855805,8.161619518775614
1250,9.122955864919454,14.907696977064315,9.729083075928461
1251,6.394398405141214,8.580627650799617,11.645781274037137
1252,20.2197664207024,7.502478943604499,12.0843578865386
1253,6.40708575690511,10.337015570651074,10.324612118967833
1254,1.2816196522411363,12.532668493682193,10.754096825655207
1255,24.69629960592078,10.28199836566782,6.712320947280116
1256,19.813209976810214,19.51529941018095,8.054070213123005
1257,31.56860675601792,6.500993782502027,9.985010436972077
1258,3.0681662495550532,9.40154950633816,7.317471764906541
1259,2.7832918987992827,10.955917895151703,7.638817435770184
1260,2.5561264703862676,5.541424937316909,9.434284604555113
1261,2.326940128270364,3.735810854337495,11.598336854235152
1262,42.83622872701113,15.284312285303304,11.590826729010521
1263,6.164832696012532,9.193188609382846,10.89570876266964
1264,11.550814197745558,13.389968464771917,12.5177917315348
1265,1.2926411589752047,10.782563149603444,10.454748933262504
1266,13.470945456539694,10.367787358439045,9.791295513726508
1267,7.49762440814318,14.450997953863254,8.606739011926136
1268,4.325056594891588,8.722963240336593,9.951085220567046
1269,5.0047818046249075,14.71569005228431,10.75201634169836
1270,16.225206779963923,13.093268173307138,9.833919242714561
1271,10.29044385579586,11.990794814195915,6.558583928532864
1272,16.849076587380434,15.715764221429595,8.1405911567417
1273,12.078895609878217,10.965693363925597,10.09279690226653
1274,3.5889773640042826,4.205599409896059,11.7155341543387
1275,3.6780779360377425,14.198663983031102,11.75027785214104
1276,5.635204030053857,11.71743568912316,9.616140837124522
1277,5.492500257379388,15.694212214558036,10.333222786075238
1278,5.729026513808965,8.885527532465717,8.126296814969615
1279,5.665492012376652,12.68495797156088,8.037343587108062
1280,0.936759594717181,14.706563913699132,13.893905853317934
1281,4.714524614010371,11.445821006682632,9.289576824503879
1282,4.588863030550799,15.891427108694026,7.809496176226523
1283,2.4224069027857524,8.602852298555074,6.567331086007639
1284,7.843989297379033,10.865075034500025,11.203103533474177
1285,9.082605406972032,8.862856896372508,6.847526867239783
1286,14.59926626839236,17.34848499380343,12.075849178829753
1287,31.597062515134553,10.259730909823565,7.365364561450239
1288,3.0352972518990304,15.485842016422367,11.012686298652344
1289,3.8174083218692827,12.293879755599708,8.146921415176205
1290,12.524310766362477,7.069340216580384,9.312990595305186
1291,13.15058823341042,7.4750121925690305,10.211703069709971
1292,16.46680051921988,13.089504129047905,11.054276375465255
1293,19.179400543966214,6.641122414322696,10.975670833859139
1294,4.015134034321384,6.979092346370699,10.438874002291277
1295,0.9306800188729832,17.405311339222802,15.579111361841871
1296,2.163369718030075,14.25307765004664,9.694419875490215
1297,3.11956689206731,7.876197445122335,8.369285284222808
1298,0.8253478167690945,8.195749291448045,11.534577731522331
1299,1.9335459505013264,14.212144112098532,7.877665467163713
1300,12.793807655270806,13.0701516066879,9.283042053904943
1301,2.5553324466343663,10.683985108601192,12.31950269503181
1302,3.6928803553683602,5.655226751247776,11.578548362887394
1303,5.213022750970398,8.995935891010735,10.225782160958598
1304,18.43153597233794,10.353384209339707,10.757712613734554
1305,0.43864272240038915,5.201879604847605,9.986474458335238
1306,3.2039598418655824,4.292491718601004,6.603193724948512
1307,32.48771130005703,7.855079308455456,12.628263891617737
1308,21.679589821417917,12.439761702859123,8.765489078166514
1309,3.4273101867995326,9.466364437214374,11.01555397170798
1310,0.9626710127584083,16.22675564458148,8.423899890193933
1311,0.47366838832179275,5.78549980458841,11.17789571711824
1312,17.933238488998906,8.266096150096544,9.335895734083026
1313,15.04414648959381,8.1149989042459,7.748044411291862
1314,4.09682161314727,0.9308072537143245,7.1142871928714095
1315,16.578141864282763,5.5165347226891885,9.200448318997651
1316,14.305501667676332,12.949669891217678,7.633380185382889
1317,21.96242929198946,11.44463858778803,10.694382354445997
1318,7.1558116559778515,14.882982974553817,10.99497703383113
1319,13.654763979781173,9.162798131767868,6.310088833480733
1320,5.428722934481398,7.55640997341276,8.081451326412788
1321,1.274536700630149,8.356175935603243,9.450578793601785
1322,11.57933736219841,3.2810758587312265,9.31048605089663
1323,1.2689721552057933,10.268846007478107,8.793515458214404
1324,0.5673842927831074,3.5265200700159136,8.146941556979504
1325,20.071718547097646,11.017021469013114,11.676279040102525
1326,2.8388159924099945,12.442873923331144,9.272948114467216
1327,3.9399276445030806,3.49970942458355,10.386985986652338
1328,8.60670928537178,17.35611899824258,11.219060049130418
1329,3.8211428629227715,10.276706846166933,8.447030823815732
1330,2.5601769411924105,9.508243299695167,7.869686763539067
1331,9.523097146552109,7.566285526972554,13.120516773830262
1332,3.149780671201259,7.765650308133128,9.465938026671687
1333,11.379829449990995,13.260930932603577,8.808864127858872
1334,24.121700318324496,16.502531047764183,11.541298468558116
1335,8.341222686755353,8.848714660555844,6.343803244984124
1336,3.1991704523941364,7.077815086016022,8.527904590364313
1337,6.559793431093152,11.765795711183092,9.475196010103048
1338,6.1582432885983,5.492972486760219,10.896574791736024
1339,7.293677936509377,5.2357045769593125,12.030775114242532
1340,12.65629028867322,10.083630334389351,9.60660133655963
1341,13.535519580222863,5.405551258564785,11.025285726133951
1342,14.557871877304217,11.145257546788754,7.762283968871645
1343,1.3794919199918567,7.742256462927213,6.989025260972766
1344,16.295604894739014,7.148700338115242,6.848230339511358
1345,5.06905443751967,7.830155698414776,7.8576144553882115
1346,1.976765994731992,9.816976730929756,8.480436530081523
1347,33.018172749204204,9.353798777318675,15.595836791926375
1348,9.62672860380174,11.983601545819386,9.150399247947117
1349,5.173012260949373,18.566767146628628,11.149402779281663
1350,8.177961359273281,9.221252702784057,8.172140834796888
1351,0.07644613187605921,13.962436873247777,11.841371567508695
1352,8.190282618305513,4.397584043642082,8.482680635806886
1353,0.7204572570850583,13.381155664562076,11.39283309532285
1354,21.53323107026288,6.295442229729731,9.955339589442616
1355,39.195346130637866,10.679514345336072,8.777497789953275
1356,0.43879815859028926,10.709605659689704,7.805619247708638
1357,3.7612935477107903,23.6283731776732,11.586478280868258
1358,1.4048990042362937,13.399364476672412,10.469642514447925
1359,0.212612949486497,2.547610826507257,8.89799343113258
1360,0.5272247673875563,3.5293702177602198,10.386746976460353
1361,0.17843483818916275,7.8238055742918196,9.216239243726484
1362,28.787700403117693,17.38278936938216,9.656855691813941
1363,5.864241624795256,17.09922593714516,8.488367522455187
1364,0.5221326651109981,5.172857035691547,9.594005538739735
1365,13.94875242769585,14.428314166551942,8.075877030660338
1366,9.023063738802575,8.210651721224403,13.19317212396167
1367,6.787530882529285,8.668393826203722,11.377637850112439
1368,35.2415589674237,9.346400594942459,11.471369111318163
1369,0.39563082334804356,11.075383181775328,9.473067406852467
1370,6.032646104704505,11.16087329390143,7.867753782439363
1371,2.224248047694697,13.711711000825554,11.192010190156703
1372,3.736506143499053,19.567625701906117,14.250376028791141
1373,42.26814042346767,17.377917559944443,13.14645320113565
1374,6.490367619895685,20.85829179749404,13.039218930901642
1375,11.83747635709404,15.675847271812259,11.415655001919555
1376,11.85537502510584,12.558613271537165,10.857999214875635
1377,1.0134378242390623,11.55027944396932,9.800240362071214
1378,5.4560503616081695,4.670027700987584,10.7389916011558
1379,12.399874011306995,12.55704749276958,8.771017702872282
1380,19.21079719258546,10.40753733397108,10.75267330442347
1381,22.838890039681136,12.863233629058234,9.164457252024388
1382,3.647489801477324,16.08146350575421,13.607150626072803
1383,2.7219563278320837,15.34458731502524,7.87076126771355
1384,0.8732687415062768,4.827466989604062,9.16832822589274
1385,0.050301054730234725,6.431968958473308,8.404865854163893
1386,0.28854629667818305,15.68873271213882,14.319469128588349
1387,7.168474756238344,6.5776910402594,9.097162578843497
1388,29.482734217974215,4.306950093870752,9.604284437394082
1389,0.5106609670240132,17.606888047219748,12.491161067926118
1390,3.6443569907522675,12.853634500595465,11.004928510345065
1391,9.938971363491124,12.977218966577354,9.488268867168054
1392,0.03451589720541496,15.688752188382159,9.561177715889418
1393,0.06994589573058314,6.410031130984128,11.103037531488713
1394,1.8231539717995695,5.772196785764368,6.6594776255389405
1395,2.1920726146560865,14.359001906109395,9.464621574495133
1396,5.853861738898818,11.180208208430475,9.906988770430921
1397,0.904155413653795,3.931428197844199,8.526695039004625
1398,5.636428133560388,5.53509956103001,9.263638861263185
1399,1.0378552450237524,11.72755339365671,9.874135405739064
1400,23.898318887466168,6.443472958544207,9.809866898853924
1401,1.9636237728760277,8.47127734621957,8.445581914931983
1402,8.95453105885958,4.865666094572401,10.054107744320829
1403,24.544377023742115,10.450388968216645,9.496036387677512
1404,0.8524631266721155,12.54508900726766,10.412198684766615
1405,63.697270177152674,5.449508409082947,8.238533786346128
1406,5.424462872000119,10.965614677865446,12.858319005587834
1407,0.431694872815488,17.557844823181554,11.047908959232293
1408,12.188516999431462,9.840666881563203,9.208894077193376
1409,15.248656296904782,3.0266534095295627,8.586590695798417
1410,14.965565840089843,4.366704853335973,10.537860019681204
1411,19.82474826742334,8.661098003469807,9.232038206446566
1412,5.964830753578323,13.847275696024113,6.355286833915406
1413,0.20573300235917183,4.901671428647944,10.316751600511294
1414,4.142802378544313,7.004203340730942,10.313529550093538
1415,6.909134391498379,8.117266379354264,9.294448458668011
1416,12.810186442925037,6.612620002921216,7.091651770160718
1417,8.784478842437998,7.755735924235334,8.322382043864428
1418,9.649544281634949,10.990794761886274,11.098498933103874
1419,2.2788112479832776,6.6952880189427875,10.600101501658974
1420,18.851985612408495,6.615377285770419,11.797966919312529
1421,0.6993112035321422,3.6523822090765683,10.61518416086483
1422,20.98564198834998,3.2526883692222923,8.93076488010888
1423,2.1106114722949476,12.664205397612733,9.40036748581907
1424,6.75860948645407,12.683072113117149,11.773958394041165
1425,18.309579787381026,7.046678340203418,10.946287373784488
1426,45.9712232854506,5.032911296439403,9.146913710113145
1427,11.52879993314636,11.779304552929814,9.07943912266333
1428,1.0620022330590129,4.9842866921198725,6.740389384546375
1429,5.438687664627717,11.444297069897084,11.152819502761593
1430,4.585605007424742,6.783126249878289,12.36924042676992
1431,20.74733154925929,2.6641882256965195,8.837362551131573
1432,1.45424104568509,1.8350896821358735,10.7922135459351
1433,8.769305397550543,5.426848153421682,12.700144144294294
1434,20.95205556854184,5.237918372891957,8.927858597180293
1435,9.139352932847208,13.36681756562152,10.657973865531485
1436,24.650522354604764,9.399781937560586,10.700882707175339
1437,42.084967568968494,6.6225428430631865,8.495005341225712
1438,25.912629218369183,10.214747885793585,10.607730774035874
1439,10.942054668195142,18.997773935368908,13.689636835625963
1440,6.363929223430037,8.364798864375693,8.71265060204605
1441,4.167433170773198,5.030045592610248,7.534169800145565
1442,3.008143838372698,16.896495066521435,8.215875055621996
1443,23.441845163950802,5.024453851583405,12.809701790107637
1444,0.5819046052469592,7.9662912974643545,11.83092362444938
1445,5.029682933429713,7.619031952669262,10.894539152183231
1446,34.04801268162379,18.737802179674368,12.228013739831026
1447,16.91681375669197,9.28697942576547,8.14394554305662
1448,1.0136566138626386,6.818944454850525,9.631381843009164
1449,6.898363456805044,11.210655467681875,10.465050664863009
1450,15.43287459271165,4.22216371706937,8.933065619907785
1451,7.302434699827571,6.683938272363607,8.78580912700329
1452,43.76222227351185,8.487531116979902,7.717059752146385
1453,16.794972195120955,8.46483945261331,7.754278305097105
1454,8.717319148913507,7.122584504061751,8.44204272014906
1455,2.1809274272333354,16.005026762304404,9.37327953414916
1456,7.958950531067224,8.821624424445169,10.444545891881399
1457,0.9552200624010377,10.35772631878444,10.260899963192262
1458,3.0955996973276894,9.54854801204652,10.597594382800727
1459,6.073162993149295,4.884992026542138,8.785175781246066
1460,41.87640071895168,4.278268702804436,10.56329303099061
1461,11.509019440252947,20.761347926804792,8.819717404800949
1462,11.43652364535907,8.950863399920806,10.884224876592612
1463,1.7559329257813145,7.638251346414755,14.937071660217558
1464,3.0867167094459744,11.730889378315943,9.170417466694442
1465,16.83969323695682,7.9341128246538775,10.179630212148856
1466,13.836641620016358,12.997282890906536,9.149607080339962
1467,5.220631857053833,10.05782530701758,10.57499446355124
1468,16.49420746641904,10.435345942713038,8.963995153614828
1469,7.2758026962013895,11.180309590813255,8.319727959095358
1470,1.862663203874663,14.906326842880427,10.11565587352445
1471,0.2516963870661576,8.683434789758433,12.135383444448992
1472,10.763783914411555,7.709090488113577,10.32209866611506
1473,9.460895186635305,8.512184748189577,10.81518157013144
1474,39.6863563020811,11.882601468293501,9.208509312448289
1475,0.1494472893846222,6.108515350115797,10.358511975920866
1476,13.120793545685112,12.317747059909323,10.738485956624332
1477,12.554180345815437,4.53207232859882,11.395540379355761
1478,1.4401462743867102,8.924656226929663,8.10387680617463
1479,12.76337450341861,9.032388656886992,11.341172337557541
1480,1.6764000142344972,8.56680455744148,11.89891826421168
1481,1.6813313841155997,13.03202542692192,8.782055202202901
1482,13.746309387968209,5.134059959476401,11.496784443604708
1483,1.4622368234313767,8.570936138937302,8.561478685723845
1484,1.7809588128420908,8.342465675701616,7.825961051354156
1485,2.5318248338087366,7.660375776106703,11.334028133866846
1486,6.2937940636693765,15.179102119745954,10.193412086089468
1487,38.176456130659034,8.057121095966885,11.0800218718424
1488,15.33472230354601,9.128338402601301,8.884608130161064
1489,11.479175104423627,11.064307390705592,9.034656445120223
1490,9.01195143150719,8.499861871424168,11.927580546667302
1491,12.013740133256993,9.971994230004166,7.924513114708938
1492,0.4518364272913966,3.829637796901469,13.172329314027179
1493,0.6210760500961213,13.471849461558273,11.507924377355689
1494,69.10862338368887,11.525699196775218,10.99293648931353
1495,1.2793071793465143,9.103955244093083,10.791976496538277
1496,42.50443860333141,12.89391168269432,6.63813449466798
1497,8.866222494773638,12.369672922343094,10.93610716771007
1498,8.093293646158921,12.103602556007715,9.39665148462676
1499,0.11044278166228072,9.757932241865479,10.205768162740704
1500,1.3026945852131102,8.525896338090792,12.529991540488304
1501,1.2837791252491308,6.3026202826867515,11.417318362904465
1502,24.08208818985423,17.00620912421021,12.572265578812297
1503,0.5609758224709321,7.525800042725765,11.729492178099232
1504,1.1120805953491122,6.760932119437115,9.241558290064662
1505,2.626983132033204,4.500220114158928,10.58432938463964
1506,9.813889808805444,16.586871842520274,6.8190391178710135
1507,4.199485564192574,11.627933205914998,11.63669478980389
1508,1.9604798426813634,7.898729546289863,7.529397702869894
1509,8.95276027146639,8.450913628990325,12.591823638968442
1510,21.95462419726167,11.757212104716785,11.511159000277342
1511,5.74627090309501,8.736582418032768,11.05874419683728
1512,29.142231469903408,9.515573841612753,9.900423586552938
1513,43.68489034952324,10.104451903936411,6.8980604160207575
1514,6.360303649560929,11.47801545991272,10.485187589449998
1515,28.3044955935564,7.911639339415812,8.611931343611696
1516,16.3006333293515,3.794150747310271,8.46268285070325
1517,24.691304654793406,4.157671066011838,10.434921585813447
1518,5.040435928345285,6.169634489863751,8.112664852728015
1519,0.33398666656074716,11.94216478929263,8.882071806695869
1520,7.161264932308639,17.56607540163742,11.605248453450674
1521,1.0038067322749982,4.7181618501185705,7.329561177123344
1522,19.339823648670617,3.479965870208845,8.822825957356534
1523,5.155226482717451,6.402508509284978,7.782227044174978
1524,1.1563148179391785,21.161223613442665,7.784772260471188
1525,0.9850930037591513,5.555394412265991,9.716987837280993
1526,7.52066605950947,16.91186677270391,11.550360266221924
1527,4.238373790446029,9.1489775619335,8.25022650714734
1528,0.6280798355446735,7.045717465107833,11.789965647186152
1529,0.42761070056979755,13.264692572108771,7.980287639388499
1530,1.8206785017254796,7.5882441651524815,9.891573930117728
1531,2.3987203661458367,8.79116800905639,10.564195153618169
1532,5.18515839508872,4.508294186360127,8.017016119324342
1533,14.349645132984499,4.604006209621128,10.30538286508501
1534,8.674406837284838,6.926581739061587,7.878564401278003
1535,9.198315691950137,5.300789767665155,8.660473400635661
1536,4.070521282678202,8.814607364909897,10.730393783269932
1537,3.013071542302964,12.42520749803866,11.588771566448408
1538,1.352075721161412,12.098575026642607,11.703039474492165
1539,3.5043942206774314,8.502140339623562,9.812029195018377
1540,5.032392061931794,7.476711442374807,8.685575314555688
1541,3.8346803080913907,9.309613958816566,9.9422154666759
1542,3.8649643967131873,12.666155355987065,10.475029311996163
1543,0.6798780913204026,17.098101809930803,7.010182459235706
1544,20.329717084744793,7.244279278998367,9.79285588938739
1545,13.710736867403547,12.670901679787477,8.18518387543897
1546,1.2690047503616193,7.779961332744071,9.442182312576389
1547,13.113339315856393,16.175437981026903,9.731990982953484
1548,39.56878057755148,5.36496677321757,6.982434930231957
1549,0.5424712604225927,15.111543954959979,15.009565906919688
1550,2.152755383837012,13.233633001531071,8.518822745385629
1551,21.31025053619064,11.148509022192112,10.88514658479294
1552,6.626487719751719,8.700063735013343,14.106395500424327
1553,0.7369334628115279,9.89756497531761,11.511264679854644
1554,12.645914672691406,10.592956965394325,10.820848314486899
1555,20.868928591550546,9.817547534448497,11.690518695730491
1556,6.434819812813007,10.871598784368363,10.93051013889422
1557,31.976689728794288,16.108332866452674,10.873040160075268
1558,1.3231008316414807,13.582073054272191,8.885246010180703
1559,14.373625104241443,7.335136395417743,7.298514380559263
1560,19.616870779882014,12.994056395926572,10.976362905525828
1561,2.5673947250191373,10.431505997207337,10.645751913468546
1562,9.939387079583533,11.142813757614784,11.297672180668629
1563,0.7548574679210003,10.333999463740657,9.507951526417195
1564,4.136616642909189,15.46928909492552,9.649191382192503
1565,4.575407382656109,7.323121361742023,9.22057484819095
1566,9.02671770541066,11.540109154682577,11.362759535443166
1567,8.123368034032303,7.197144480343058,10.73428764427864
1568,5.215732887100684,11.438482882965374,10.9449991042338
1569,7.882630311137178,13.935635038683042,9.60317041506969
1570,14.797148133990351,10.122736698236347,9.60802187265525
1571,3.9271682070626848,20.681999907982107,8.749972142451059
1572,2.4554549274201807,12.03014179526852,12.50652159144009
1573,4.89245259776292,14.076711903374022,10.15389026334102
1574,0.4268758233289291,15.260790253918671,8.795741461177752
1575,25.036240316741,11.587344402816127,8.389271550097794
1576,27.022892994336107,6.0822417484169335,10.476017034651267
1577,1.5628024076889626,12.242157349112261,8.726824326692464
1578,4.320310732327048,12.712976725036642,10.48393580939748
1579,1.7018465101547477,7.215257746436292,9.050836289598246
1580,4.377113848942004,5.695666050586553,10.54366048725731
1581,1.7239641720391075,13.976407791913237,10.890803395265777
1582,4.586773401318474,12.273373617080978,10.734133508529665
1583,12.656945427444334,11.362897212101633,11.671482679391195
1584,0.8789428334949454,9.487581341416973,10.246974043572466
1585,7.588226013463034,11.148203241709831,7.978561451219091
1586,1.4756948302372415,16.3514690447586,10.030796580591108
1587,10.54758120855664,10.603618494521514,14.482227415818835
1588,17.21089876087549,7.798701137451073,8.89019441724518
1589,16.488753794115308,6.202344480723206,11.123923749257813
1590,42.54105162977781,8.930154468659598,9.398747661661824
1591,3.4092850228846006,15.97581276723055,9.612511626503922
1592,8.37942078063846,18.123213864930726,10.227843075471128
1593,19.732655186224658,17.33271674893294,13.687928065536914
1594,1.4301110322884936,5.213709337428964,8.858778365525088
1595,2.4098543396621572,13.01722373690588,11.427291263738859
1596,7.115204851053225,8.196931539406952,7.289867554685772
1597,13.37076418975049,4.372588600969872,8.771023691200527
1598,0.6807647329380124,3.7683271889581618,10.528904283160871
1599,2.5760544432996926,7.7449398812584604,9.856269801319662
1600,16.073980782120273,9.457677580025548,9.918414132819878
1601,13.171314472585102,11.413855315387469,11.589131373977175
1602,23.475731470447986,5.14199224001492,9.394176759507443
1603,1.401204217367821,7.547688092917402,7.8246901609506985
1604,1.9234309807240193,10.656235673993418,10.22158659981987
1605,2.434714576418844,5.32174883115832,9.955735364114084
1606,16.60194404151196,5.804069947851111,8.436513208766858
1607,7.384175878423016,17.30668574953515,13.365314491552589
1608,10.927593769550814,6.137319135533756,6.562828324307992
1609,4.7403701148156685,6.12450933527767,7.389074221900754
1610,6.712281425673347,11.964868007528265,9.141122468488502
1611,22.978056410057288,8.264274485453765,10.626226345326206
1612,15.598823845264299,10.165727134394894,10.404330289083642
1613,6.236940930827744,11.043641811092742,16.090241592834747
1614,5.036160297829507,16.320917217972138,11.571779169156773
1615,3.41243802229112,11.988712398432025,12.748140837353947
1616,0.12004846767742806,12.131252517626997,9.243946329635106
1617,3.6373598862290413,13.602390549255228,9.77307058093834
1618,1.8799358611020291,11.53044057243692,6.176052184510269
1619,18.521153695868573,14.9612730239266,9.901373255314942
1620,7.331585720833451,18.21507439618396,9.289098400596243
1621,3.9307835911791176,10.131252008204658,12.79958257019979
1622,11.373753666873077,13.733018007260402,9.766620153064691
1623,2.9566080741245027,9.190051383445956,11.997468101171838
1624,14.118786418679843,21.20398647222659,9.000941663143339
1625,5.629186096851459,7.668467256542529,9.130801159610296
1626,17.98953678492337,9.161278968671276,10.775256176470005
1627,0.7304386596017726,4.773532100385181,10.36586990949038
1628,12.217094271642726,8.536325798839966,7.482458045165231
1629,9.523179238749924,14.574364879021974,11.15409685188738
1630,22.830288841874577,8.845279813071363,9.083261909544827
1631,9.89035841615774,15.578042413380578,8.133237428594896
1632,6.737892266597741,7.756899644529542,11.683339996333581
1633,2.945210444559766,11.983700381742766,8.894711747804106
1634,10.01480910110593,15.976096902036634,11.469278449742202
1635,5.173741769475218,10.759237345651774,7.038969505509296
1636,0.4030490393082585,6.161596527064026,6.374352317129646
1637,17.725195521764803,6.550935094350324,9.43437591741869
1638,25.323323357113967,20.48801617417772,10.857897466598478
1639,6.292920369073549,2.4597610361581896,9.704005527000739
1640,2.534905987218098,8.349764905701198,8.172048077588988
1641,2.58198398719512,11.065269194983703,9.453588063446352
1642,12.884576800183156,11.916690831233513,9.916956641375597
1643,10.839062871582158,12.785078125883011,8.96460735444685
1644,4.163216225179371,4.273773141644331,9.129361132973818
1645,3.349766204299172,19.85775330045258,10.861063163247787
1646,5.0101207491725575,6.472797195482867,9.300917064516343
1647,29.659571306323528,12.455193600931636,10.720493321580014
1648,0.10803732481656649,18.072090123020885,10.994146845003893
1649,5.328711718603261,11.708564100412788,8.961382157498722
1650,4.1213559464367115,8.193909483244894,10.076339169453698
1651,3.078186570485567,5.27132144740482,10.669203129027057
1652,2.4850691460223926,15.862943112448551,10.670466885128661
1653,2.273136432588673,11.593101502845041,6.747851430667737
1654,6.266279138377186,17.876908068595974,9.488382725943161
1655,15.49861796588313,6.927067392181831,10.269975949093823
1656,11.180735902654831,12.595444375185973,7.579961459801892
1657,1.8234828138854644,12.757319017149275,7.783754751599517
1658,7.847937452158653,3.829069255459795,10.660863776862621
1659,6.619416575768347,10.15632009956838,7.525499076078062
1660,1.1571383465291996,9.270473240744966,7.316210759084594
1661,9.777747690800378,16.66893004201406,8.658149393179569
1662,25.519066367499008,12.30166217331627,13.725778099785089
1663,5.129592994527812,1.9423943908181187,6.941594317429246
1664,2.938613272701883,11.669633893453653,10.79799699030381
1665,5.100248906554405,10.803969824471059,10.444816654301498
1666,9.109230598860615,9.487202096694451,11.26796057394377
1667,16.432883093112377,8.385789640940853,9.19397427602046
1668,0.4586608530162634,12.603257714590226,14.67424304822625
1669,2.7979235209245283,5.735753042472456,7.892168813976582
1670,1.966762050989699,8.814941195274606,12.171271688655231
1671,3.7597117479180646,8.220507696687545,9.97633547641819
1672,7.75211748663078,8.24343062466282,7.799217688713867
1673,17.116772843086718,11.718314607942917,8.230113362296517
1674,25.032960936163942,8.368875392830512,7.5578282782584845
1675,17.51190119629827,10.32153943770903,10.647990201349105
1676,4.926342587208823,10.647528480637446,10.377204501460028
1677,11.329483253113874,8.979575174054704,9.909147583581042
1678,0.041358007750602555,8.678612959961466,10.858249033373685
1679,4.140452598372004,9.39936084827157,7.958597852470707
1680,7.008180896076352,14.59859228861994,12.147247355992592
1681,28.711450029851388,16.509248524285603,10.095191248231632
1682,4.368361505710748,14.795595372215761,9.380816622176631
1683,5.260137320161218,2.7424685493896592,11.040084809032413
1684,3.5960356130868534,8.343488708171098,14.066321204769912
1685,0.5987979906028539,6.257098397892625,9.51579268240858
1686,8.260785944481446,16.445441659066454,11.016185563245866
1687,1.9230234407206155,12.528726578524628,9.224215112272471
1688,10.8298102091663,6.431211597085476,7.715144892952819
1689,22.05088955428039,14.367485131471037,8.335060674448076
1690,8.501426803290954,14.552147269777915,10.46268945780027
1691,1.8744218300843645,3.0649640492761585,9.157667168069558
1692,1.9929729197885677,5.956514345154302,8.65562296611298
1693,8.69219143193229,9.179664354835001,9.791588352591805
1694,7.608602860317224,8.483823031605768,13.176422502814393
1695,5.825324309712104,13.797369216040305,11.980752532832962
1696,8.5249756883915,12.33843895677634,8.223605392890528
1697,2.8539072271678094,11.520071265323308,11.96710835288106
1698,24.288487303955012,12.073406106359604,9.662232059022134
1699,12.658586418842273,5.114809839989071,7.8882062803497
1700,6.88736909201623,9.039146618120089,8.307064426217185
1701,1.1923060757438382,9.661603675403365,12.43487131658671
1702,0.26296755152052087,15.804443660510236,8.837870403939304
1703,8.410210225269607,9.898702392132714,8.476100821604946
1704,9.125963022508277,12.028676694923151,10.314586897164967
1705,6.927079372785797,11.651769296392166,8.79451652642627
1706,11.05890728035352,9.920191621404792,10.842455861669855
1707,0.2989196701931567,3.906657530425208,12.912862049742053
1708,14.151634371233,12.488324855125095,8.416750327601992
1709,16.72601153268982,9.189072971008653,15.060034236325409
1710,1.828728537137011,14.010807276836506,8.770538445565238
1711,0.12539038414397513,5.041885026938553,11.338376979396163
1712,6.7971702304404475,21.882274839882445,14.279072754506226
1713,28.51880426604945,9.706741883041634,10.947508706106037
1714,9.901047967307429,9.29081522086791,10.751486191108219
1715,16.26194517001762,7.687727094440705,8.851075930944303
1716,31.988338067579186,12.224681718398443,9.471771678970224
1717,1.5639700650921835,7.498167065318801,12.087774348895651
1718,9.617097506024153,15.614154350245744,9.979687425679243
1719,3.0264977397113135,2.632219741380995,8.728747732564113
1720,2.061613361470505,4.252749805004214,8.011020434914482
1721,6.896806667613751,7.003174141159289,7.750113067634542
1722,1.548229361380538,3.9822000167721905,10.974658369375875
1723,12.105202245488966,2.9257767681260947,11.70729970214098
1724,13.253464391935758,9.863846566773178,9.32714317722891
1725,16.66236330725926,6.857954484087081,11.057267384152643
1726,3.2368688433285695,23.25082540320989,6.4441479817026135
1727,3.0983105407188343,12.111822585202837,6.742708018168502
1728,0.6475050445731247,6.8730981380477445,13.692666189277743
1729,6.292410929518272,6.719310055994869,9.899456002715473
1730,5.780932982806939,9.204772632736958,7.641697893887081
1731,5.534035931454163,27.556765640297318,8.773120549312344
1732,16.26743961145392,11.558642398001773,9.832987584025416
1733,3.1662695678596013,10.742193494324267,10.163061743042288
1734,1.810508748444651,15.638455994963696,8.981939679729003
1735,2.3281691077348383,12.294514731837427,13.399923295766065
1736,5.654321928946048,7.320497958479963,14.711080276025516
1737,6.434939461652896,11.733585207657365,10.064686310734748
1738,5.788480508965123,5.314607872157301,11.957892589638927
1739,9.067400324531084,11.962456168168803,8.535533310254838
1740,0.8848291621595095,7.453600573488058,10.642498069018165
1741,0.9619403606198135,14.14361129585159,10.186565587064033
1742,4.65775403840405,14.317609354271116,10.11331004928468
1743,30.927292318802564,6.537814765125319,13.491086084659313
1744,19.579321929929456,11.190082504093654,8.875835183967677
1745,14.256011779200032,14.558313840071296,8.318863870184684
1746,3.4234533933644067,9.315811236222036,11.249178309302575
1747,5.835264547505432,2.7496505667962388,7.151725191239393
1748,15.604627598027493,7.082558348984307,10.595054119518952
1749,38.24696299885714,6.378811592855498,12.737027401131266
1750,5.010834219155247,6.366262170781073,8.170258842578525
1751,1.4304837494671951,10.801200227724204,13.293705953815442
1752,4.322144753935657,5.186990724571437,12.757981784222244
1753,1.8906732014857577,9.417414409224595,12.416745884394372
1754,7.588244316845315,10.757921785791348,12.857159116058137
1755,8.955428682414862,5.922636443134296,10.314311787284383
1756,0.36028881805666974,12.941186173163453,10.135398159232079
1757,2.357438304356442,12.750004529600186,10.613187099673873
1758,1.8429256785398953,4.845946617757504,6.721336339403111
1759,1.360939324848059,8.767757467784445,12.398600744495615
1760,5.658168124850425,13.34958407503783,6.407693452013631
1761,5.043844905213103,2.74610717656731,8.69602792868007
1762,5.390638214853763,6.02815870602077,9.341016082866437
1763,8.921644990056473,10.232944067311537,8.901796413753399
1764,37.78959368419545,9.098576801754913,9.781945783840422
1765,1.8197225232464123,15.253239245553516,11.901150660941612
1766,18.03447663846385,4.283930018620252,10.725818214646228
1767,2.4850189286650437,5.472289396663516,9.930319723957556
1768,2.089162781038605,7.290897573500624,11.935645692628777
1769,14.684604037789981,8.358607264893955,11.727099402065642
1770,1.8860763322414726,14.435423404366869,8.793406097682226
1771,8.333125454147732,11.308943635870499,9.236527403369019
1772,13.602330502338866,11.323873922996373,9.074850070688061
1773,6.710690979539932,17.255803778541342,11.677368687210238
1774,4.642871255342021,6.968018391184254,8.41971518094657
1775,0.2787974388465787,9.310146556183435,9.83103010731045
1776,32.77855888584661,3.6680103488227247,10.12412292819875
1777,1.3586849177240405,17.674978026369423,9.452993126824014
1778,13.829960037030064,6.4344191935587585,13.681656213975254
1779,9.67296122651477,5.280415027755223,11.511974622041597
1780,1.6185222329238065,12.18811499100197,9.477202967413069
1781,1.9970609509473582,4.790494697854447,13.54703332101793
1782,6.7516022082769815,19.287391651496062,8.84731546430125
1783,1.8764861321846922,8.5293938565562,8.691172862011348
1784,4.865871596594516,14.607168276470109,12.846004192916768
1785,3.8740273546833603,8.192544654878908,4.905809408850802
1786,8.41725107854845,17.021970421624204,10.034113961328595
1787,2.099773642084516,15.179820224392742,10.629305978015203
1788,1.0260592338398515,4.568696246199775,8.590747204943758
1789,11.954213325039058,6.628195185047495,8.732929496428763
1790,2.4482834980898267,5.6383954262585405,13.477361776202796
1791,3.9489711209742926,9.941009215775544,12.619952409018246
1792,5.619231154127903,14.975006856750507,8.158738460073652
1793,15.93363262552121,15.71800380223072,14.832278263527673
1794,12.306565897036341,7.631328459226298,14.497418365499621
1795,22.466538206494786,4.955074401482878,10.184253314581124
1796,2.9936322554594987,9.942388061645506,11.0869272531788
1797,0.03832425171795445,15.820921298126043,13.06886141102383
1798,19.514559790401435,13.501982012089005,12.085230332965311
1799,0.8082610511927053,7.684652143518929,8.520492499316891
1800,4.696889020220043,8.050069129491948,8.750551624334975
1801,30.088552018521177,9.938782372368447,9.882009679396267
1802,3.3824549320750434,14.257105823638124,9.577656742105152
1803,0.33240155509226466,9.202606505354714,8.903577899765473
1804,23.4626563109632,14.739569269351975,11.192038529397758
1805,5.623614040689142,4.555817882022648,6.542034342015476
1806,4.475570773780019,5.159773901349997,7.219707372773694
1807,10.049495585072906,3.7291576674513336,8.80639114316218
1808,3.3451846340291373,6.599989669213916,11.347090701216423
1809,13.445580040182984,6.761371187221165,7.76594090382661
1810,24.952720915258947,5.0017372407740055,8.459402760892331
1811,0.2835958615326679,5.547783884661578,8.708491756415514
1812,9.982022394570155,15.916920039684086,9.589560978492113
1813,12.457509269010611,8.840342503791998,12.24593409962178
1814,3.907518865986966,8.253944173317391,10.99203354762703
1815,23.54056938391077,12.419540055656197,5.3770899840661714
1816,7.8377656365054955,9.945951645800719,12.31256207876072
1817,35.721533302429066,7.362310871423032,9.352672279668912
1818,1.1821228387939409,7.522538866680113,11.516379872809134
1819,16.210296129067743,9.578045122459047,11.808506723942156
1820,0.6611936302957566,14.517798285314196,12.355425627518754
1821,15.232881417991042,25.249820066811516,9.389283103161288
1822,5.594426203259688,8.827010397529829,9.047966767828434
1823,2.981901824709181,5.872574294733498,7.380280390185415
1824,11.476211773114985,6.105649189308623,12.035353259053396
1825,8.079390400623819,6.140444550151602,9.375940933672942
1826,17.901129001101303,9.13747104295016,10.346564771219853
1827,22.651550654551826,3.915094147236001,10.883494837091131
1828,7.164852956439762,7.080655874201213,7.894998321157669
1829,23.38247001265775,5.927623967690738,8.681074321692977
1830,9.393067122217563,16.9548779210682,9.19226173395497
1831,17.650878852190754,7.2785050141947165,10.727147910857685
1832,15.066018731627699,3.192313953927615,10.236415122291383
1833,26.516579703815673,18.829098726519597,10.874999098623249
1834,5.463407990304853,10.68153004471235,7.779555357808255
1835,25.13782979214409,11.005711621709118,9.143640028283146
1836,0.1551910079738314,12.405278459587516,11.576059824849457
1837,0.6429255201219888,10.943200575616656,11.555293708551806
1838,8.569184004432707,5.225677737864087,10.946155196170805
1839,31.999205506814096,12.355421397438715,8.864303862821423
1840,17.82141410564948,6.0085485493025494,10.225354513314402
1841,12.454907535882592,16.126296219640032,10.54012913994826
1842,29.09488339294117,9.601022084053133,8.839197410605106
1843,27.93404097864281,14.396385976248496,6.500029056953508
1844,3.6902984963468697,9.800658609123147,9.419605056820972
1845,0.6676616400449668,9.267529151749697,8.246979058935596
1846,1.075403151921463,11.009603508882751,11.647425379759175
1847,4.382045987043012,3.8040900784824587,9.028190934933447
1848,6.695549362512543,12.257393438344874,8.89216897302915
1849,13.563472963803509,9.113674823979565,9.336105156986742
1850,2.8413199697170786,18.77303985018431,12.423717385444421
1851,9.9999298055322,9.19889468820101,10.880493808370602
1852,1.4379224738371854,12.349548429078393,9.290170110681695
1853,0.7158349837838132,8.217018257751198,10.512878950472889
1854,11.043448971976376,5.189637393671444,10.541069932583241
1855,4.324715018964468,9.338310471723208,8.083165386003579
1856,8.475840234868247,8.786149224553938,12.344706952672174
1857,13.702298070166608,26.367621652481226,8.34360726674013
1858,19.215922407000356,4.578853705113543,8.01779134762914
1859,9.423973463089798,7.916850280830907,8.954030254518905
1860,18.132759106787365,8.410619048642632,10.274155089459798
1861,29.46301617367411,15.685696042901204,10.657232258272991
1862,18.440999064800277,7.295401713242836,7.473235406179589
1863,7.987004901505419,6.774652922558173,9.83142880789427
1864,7.012613226982679,6.115524095783217,9.61438103945643
1865,17.462233576629423,9.182997905177457,6.432155987816154
1866,13.381064322606592,9.231646923087094,5.628542750319421
1867,3.332963076743517,11.158677220812413,13.054837451585675
1868,9.257459438201009,10.581780951175052,8.175051460341045
1869,2.871646778801805,14.06179754214747,9.921910058746754
1870,0.7871709975832741,6.8107406189774595,9.568531696028796
1871,3.5500683947673375,18.462010467150144,10.678261238897857
1872,2.497993115165783,2.563294293332838,10.615858422329332
1873,9.84010425123232,21.481271495659456,9.296078671272292
1874,2.427012254722641,14.854243899038915,9.160374781153099
1875,4.819805421901771,5.126919304491449,9.846270509506033
1876,8.3532312817947,13.276454698693943,12.186393171449962
1877,5.881841132826554,15.634092353716957,8.42435243424836
1878,3.8400801228647907,14.329266043422601,8.063080932952138
1879,52.016637340419756,10.285381885644663,8.66032975042601
1880,5.405511059123593,25.086248002567448,9.166251165866491
1881,3.9522230080001823,9.471084164086601,8.904392355497857
1882,29.190034140158662,9.072651865079711,10.477350900543534
1883,1.521673003576322,3.945244816030911,12.057536713761055
1884,6.1896595372964285,6.074996238639984,10.444644852670232
1885,3.0859395118754245,8.73854551407501,10.700616585437887
1886,12.686578976235111,15.001552168956241,11.81989338522951
1887,0.11630542773003197,8.828030184913214,14.522949088129971
1888,8.72800705107143,18.034988636859943,10.779968584096576
1889,41.5834373832233,7.295333812953973,9.095866518525499
1890,6.960498595000367,9.875837785635275,11.360557610292542
1891,13.193725642872778,9.648415757456556,11.142461904185247
1892,4.609185674849039,13.542594585222895,5.45960230812874
1893,7.380027591209012,4.1145823618608395,8.375529144174001
1894,4.366156114375998,12.462429529201453,8.558515937094098
1895,5.750816819526984,9.198686242092025,7.76532914476124
1896,16.492299504414884,5.122916346914444,8.06417213367767
1897,1.4818197693813506,9.859932626942093,9.718538823083678
1898,3.974814542020112,4.689372163963662,7.6637119466700065
1899,7.619105101294063,7.225734149535768,11.879598815999746
1900,3.9030083197315193,7.83917792654578,10.273538617305295
1901,14.80712123611223,13.629843360402472,9.62398266695552
1902,0.7889555858857769,8.15570544415352,8.970494736755914
1903,7.3562191851592935,10.329732894150009,6.678891975585883
1904,37.06699526210168,5.990893100767722,8.543772432646483
1905,12.213080676690463,12.203157348161643,10.014323142231301
1906,3.0340903534269748,8.74967524665615,9.130190358285153
1907,10.35628145561164,10.196672914066603,15.094257040167594
1908,5.090636850799553,9.534926709480093,6.898440619509639
1909,2.4394204654549876,8.76776467888916,10.373422630709603
1910,6.828386284670317,20.972990144624116,8.436928543451675
1911,4.48904817508442,15.077019550380829,8.951057544182644
1912,5.279521970387127,18.02524853791133,8.491086335008188
1913,12.0657524048005,8.058206830831137,11.695575733052625
1914,1.7157087723947089,8.147084030866178,10.014978395053289
1915,10.456786224967068,5.81833937005436,9.350471590417731
1916,10.360617181842173,8.556530075350349,10.977986547145713
1917,7.781785669096399,21.71176265131178,10.386523606404133
1918,1.2853162699611544,13.411918722139873,10.46495273691713
1919,3.6677278144207905,21.094108189335742,6.3667764313580415
1920,2.3453259311458963,3.82653703431156,6.691908553329907
1921,0.7739800841555297,11.30379787948241,6.690170527631863
1922,9.468709113770764,9.809406835679258,11.85449658315108
1923,24.19465703789548,5.8301826649622175,8.443393101045121
1924,25.610969067833324,4.951808962375298,12.086349337226956
1925,2.507117539025708,8.629755311273179,6.8490387077098625
1926,0.28689377145247286,18.38532215941056,9.933415201268916
1927,3.199511145442068,11.621698924443143,7.273023301202054
1928,5.998862183735621,12.079239179495604,8.490260398330946
1929,4.8756552847341,24.305041633273298,12.426632821393563
1930,11.19623947576045,9.693364745024263,7.772652304354837
1931,15.24975260088092,6.8253402049118295,10.504477765116292
1932,7.323208063968356,17.549428943893542,10.154518799111464
1933,5.178104980034554,11.651360770746493,13.510064390025342
1934,8.370598859080358,19.030839800961306,11.49602678231337
1935,7.713361027254751,10.55771581813647,8.556566163108073
1936,3.68628948025176,5.446018699737406,9.86025268127881
1937,15.87656863516288,4.409150785824067,11.04952195007647
1938,11.911364035059348,16.288335865164854,11.236990387635263
1939,0.7801494478820951,13.423921382566638,9.261444686749298
1940,5.6392464397242685,6.648708089980197,10.122233484161763
1941,0.69927126611952,7.761442811798081,9.499621102322552
1942,17.555956578841425,13.481668626140873,10.980280508331587
1943,10.534301252071598,10.873710802168759,9.741349331757753
1944,10.534499144348036,4.610557047348602,9.235742623692062
1945,0.4697008213837759,3.9373622392736465,7.50803395143328
1946,24.324541962657044,13.141234607590615,10.09169351996938
1947,5.551928036615476,7.0734887442932335,8.979904817406636
1948,10.067289943205372,11.87268220033436,9.212214823939307
1949,5.503073511773421,7.045899883895572,8.06815399246124
1950,2.5838105961955184,7.785087859102845,7.678672762897479
1951,36.89773169178578,5.55525749873957,9.374106742791467
1952,2.087656078964444,16.148208164181785,6.703903811679629
1953,8.755362422356376,10.779431454880555,8.137988233270699
1954,19.353986004931095,14.667875654805139,9.372588697081198
1955,4.482017880478882,6.718235483596468,9.42412015877984
1956,3.2273463054349047,11.004436651247698,10.521069562272489
1957,5.161014990820393,13.97879647089444,9.038048470043313
1958,14.26090342130308,4.602638882002909,7.815748221632308
1959,7.15720852496578,9.689655661447306,10.632377307879178
1960,13.07293749254702,15.399479918635098,11.906907026743436
1961,25.931063230400113,12.503914762797342,9.663293363484257
1962,4.3064078725234145,8.991644494407023,8.268034644946521
1963,5.7672512319309055,6.388043144299541,10.594223168907535
1964,1.1990085249645643,16.560642056381305,9.763066566965668
1965,6.851019219176757,14.931742758833739,9.420809129783153
1966,32.53281735734956,5.804916482864881,8.591109974427203
1967,3.2758878744025934,7.009010466432993,10.144962538631763
1968,4.908126971620701,10.494977681699986,10.74210260690216
1969,3.510723412649959,12.112261571091867,8.585340652262337
1970,1.8696989670135455,5.214571909320066,10.69672022223135
1971,1.5856719201427008,4.370156464301326,11.262515929473587
1972,39.24299292454784,7.6019190223603585,10.447000856767723
1973,27.46749242965632,7.449339107133471,8.15590118330363
1974,2.051629949167675,13.846541581665889,13.274105078518721
1975,18.050468471228527,12.188586687323816,10.179070969487125
1976,7.938750090357384,12.424894476603862,6.365388762207948
1977,1.373303974633196,17.627528213348402,6.523354138109739
1978,41.51421941011323,10.002055633917767,9.325435069692643
1979,17.253305203971507,6.808343869056435,10.232155772587015
1980,0.22356732323363396,10.323228615931473,9.578613279450936
1981,1.7095676759279894,6.327816157110133,14.03623990143893
1982,4.576142280874709,12.136106412303715,9.585364839611376
1983,9.815673606313526,9.586029748142549,6.557625199211313
1984,14.40681526207093,5.285481883929135,10.539018671257368
1985,16.28819430332671,6.822946502357524,7.247577512987705
1986,5.869806504531399,6.60032445004966,7.138727337995709
1987,0.6569644987449413,5.322810237034432,12.80730101002764
1988,6.661550350922301,9.679511474375442,8.694119218338582
1989,7.274680984419601,11.331792471877952,10.917725785302586
1990,6.805165120717698,13.99688892703345,11.13659325106418
1991,2.9257400542552383,15.191050528459916,8.867821555439559
1992,8.554342220567468,6.8906434714440765,11.001637413459203
1993,32.702261897053354,3.443741766027702,10.118633917515726
1994,14.840200801518563,14.11314967204262,10.738340429084484
1995,1.2790297022813903,5.495270472065918,11.524557918259578
1996,9.011619500638131,7.722721134491205,11.3828479039717
1997,7.78723687768734,3.004707004689326,8.736509896130224
1998,23.1730886956253,14.998277568346108,11.017518854419702
1999,4.231066455465706,10.798998094201067,11.245925367364139
2000,6.738671159976324,14.195662563483017,11.41657818984913
2001,5.298974137936002,14.037916560512704,8.857939180997198
2002,0.11548915498146631,14.826453768764598,9.607095094131209
2003,4.653595733741847,6.60276426109832,8.05894933131671
2004,33.46663221405704,5.734643060161902,10.817771905779006
2005,3.4463921788759944,8.34683867242642,9.74925067021164
2006,7.533848198311858,9.238826038401076,8.473203140134869
2007,24.292422111053618,8.729349348527027,8.137062036528006
2008,12.959374119583847,10.732100491745813,7.353193229432573
2009,10.923350181311763,5.966197265453314,8.412673708863625
2010,11.34625567759787,5.813693113555268,8.843280086834824
2011,12.203430225787734,5.444508023395768,8.57335949728423
2012,12.043205347053176,5.288766287189853,10.53327749528861
2013,5.29240416865183,9.764740451856063,8.463160748304098
2014,0.6064009082773356,21.05001312666827,12.504709685460984
2015,7.901140526833259,10.441735158811058,8.191326546424923
2016,6.810847860527823,9.125097693800203,9.743698246146673
2017,4.138380175848788,4.91454951389989,7.873542314670654
2018,0.7217131277752539,4.188854075671275,10.738116815924611
2019,22.317708563598522,7.373895546748196,11.66792998280599
2020,3.0289868069353068,7.805329764786835,9.405715033122668
2021,3.625057950861288,11.174624472900714,9.045575524304446
2022,7.311793957068698,5.361331524573219,13.056213560116328
2023,0.6991098314259231,7.873191727927964,9.46613244305716
2024,6.028427612924549,10.100534879227489,9.876439767217045
2025,7.355455835986171,4.590096167114557,6.60719501420204
2026,26.774201946988548,1.449399842941751,10.858060031654833
2027,5.228487341649444,8.712981020613295,7.429586313934239
2028,3.2635819479198807,2.833397688859692,8.686732834607586
2029,17.191452271716948,11.745040519476456,12.336892147493893
2030,1.4954545574427869,14.808952604972243,7.060523801440754
2031,0.7419390163499325,9.305368333078382,11.723074803994935
2032,0.9011211318050467,9.704587261700249,13.248875733046125
2033,1.873583777723888,13.978819373526624,10.46742542508823
2034,1.4828729312517932,12.132181469975148,8.717682982681085
2035,0.5618372269235049,6.199430083601959,8.272283961445803
2036,14.564828773946322,9.491581700858562,10.415317373883086
2037,6.093743465497675,10.002296972398131,12.957607982197906
2038,0.3181616776333862,12.839778939144342,11.350678342312237
2039,7.571925518448787,4.7367338977246884,11.128861900601468
2040,6.448184914023932,12.23305398467725,10.302405746629782
2041,6.7657599794401975,12.100490344070428,11.83932626519909
2042,7.065965721173298,18.21288828741324,10.039898045207574
2043,56.311243219441785,9.795131545164425,10.52610707479132
2044,4.121599668901707,2.8107563330111947,9.3730996082007
2045,3.5957181258299262,15.321613719555126,11.614739244857754
2046,6.443904492911613,5.203101086812984,9.207349221336228
2047,0.9145967276644352,8.519444780800965,11.816322926017286
2048,1.1779858494030426,12.018240793438753,8.934503986980085
2049,28.120338716802856,7.420785039342223,8.924791065013304
2050,4.8639030497549545,12.125799484060877,10.216150761762115
2051,22.410456552369666,22.058226257549585,11.185736396538003
2052,1.9736092137789143,11.081586663627956,10.921504711512059
2053,9.449390664423696,11.45573760032748,9.890059707859558
2054,13.458626882629922,7.636975119591895,9.59956438240061
2055,68.32925974560015,11.566860469797518,11.997434975836136
2056,2.1196964313299094,4.709686778724751,11.201113238657543
2057,5.904696069793376,6.97234104658101,10.673629203406454
2058,30.848197774049588,5.032585907699457,8.155620724925303
2059,20.572516336098882,14.324332696426211,11.331761462361255
2060,3.2924356701494273,8.104172471011813,9.030754792911516
2061,14.59560968260103,4.9123953776783,8.58463748701875
2062,42.23010582112124,12.252925291658023,11.887650913655614
2063,3.214893403095026,3.5080404773087652,8.870865702629269
2064,3.8495888847411943,10.543264816794693,10.06712284216558
2065,1.2711682959069006,8.484250376947827,10.824422127128313
2066,3.9203501549445807,14.625135599643206,12.30559092179687
2067,2.3348452156052533,4.003914031007062,8.541951194972386
2068,10.075190576328351,7.158019021401311,13.16493418978539
2069,6.033295423674274,12.008041625402695,11.68817399375238
2070,5.177882243213012,4.797580140726845,8.040477115471022
2071,6.55000892738074,11.026778298952431,10.108651051391353
2072,16.168102653474463,23.589775229992085,12.942219768891315
2073,11.935252172989985,3.5557004595323436,9.09702073117129
2074,3.65388251720088,10.26535245601329,6.8433926933027385
2075,0.7866214710616091,11.971512745703915,9.734298407442672
2076,35.84220230503991,4.650737556873184,10.453724817839701
2077,2.1741320571069145,9.588805850458295,10.448773963054007
2078,2.5360957590354105,11.554055503121859,12.852004158810205
2079,1.80704104472231,15.502652787477453,7.219761443322889
2080,14.100857278910798,2.4164757421535117,12.16236457239244
2081,4.625668718226055,6.452281888042687,6.0058975848999125
2082,42.44867786464312,14.532725064455445,8.825693937655341
2083,28.400517639642146,9.399567000060728,10.07891360964051
2084,22.721449453154857,6.710264498438701,10.198887458993257
2085,22.055329270706913,11.778571017107936,10.789205961608184
2086,6.6938684220983165,6.302087669507361,8.631848667057017
2087,1.2210228573156114,10.760518476338259,7.463017758506644
2088,1.9068570282338928,7.354079020649389,10.81354516386591
2089,5.936129572791644,19.25403146062822,10.543449190268355
2090,2.9013117288788286,11.794082126022357,11.873426917732264
2091,19.990953985474782,6.572826210305015,11.29906790807533
2092,0.13748416379471914,10.142428143002386,9.41422846316152
2093,2.5206275758931045,9.21913670205414,10.353506346316518
2094,0.40382169020543485,7.627227583772537,9.779060306840545
2095,15.109338158737163,15.828580719205622,11.281223696697547
2096,3.267829471164055,8.228518978573355,11.057390455009456
2097,7.338127033963717,13.309026949851951,8.347045121383807
2098,3.6980942650209725,4.179472767686709,9.787172928279057
2099,26.76472653360485,3.8756965778954013,10.073760553103428
2100,17.571170306050778,9.68892239378,10.96774421233507
2101,17.720036450361267,4.698676060672061,8.661984655978527
2102,31.3577489555772,24.684831060933444,10.59092138306396
2103,17.698370759750485,12.383707116026532,8.822036126545552
2104,2.1922413193136556,7.671753513345875,7.014389381563151
2105,8.59071601975316,6.318265629402667,7.3865249053962225
2106,21.29803491868489,15.591845938627387,9.78074981081637
2107,7.170710941051662,11.564244551585187,8.866104085077714
2108,14.412510588324364,6.805558802038943,12.921626421399727
2109,25.132767342735377,10.340107768599585,10.665186073206128
2110,1.0674813728238641,9.963126342757663,14.955359928593516
2111,3.4243931654008355,19.383466458444367,7.556574355012203
2112,9.58553248938602,5.839842755020454,9.64583677797856
2113,4.063725996006283,3.5516330768488755,10.698447969529644
2114,6.435421057424132,15.520301679900566,10.686001417566002
2115,20.55426276130949,9.594787830410691,8.87601520539672
2116,23.825278027228745,13.80607965953657,11.808277169109983
2117,0.760906370463896,9.06305681989499,8.157993049805404
2118,15.254554196544525,20.130835467491345,5.719566545685043
2119,28.569113476308225,9.35242619861558,12.243563547043651
2120,4.816842653159577,7.882328192596302,9.25035646301476
2121,1.8550686176180147,12.789329507674507,9.967894772665726
2122,10.511586566894554,14.266220457477,8.598747043052992
2123,0.7754265187587761,18.367913864750214,11.041928824425698
2124,1.4645882653223126,8.642914361847959,9.745469526058834
2125,11.810610068698134,11.130139695513805,9.447025083188349
2126,1.6213844222149336,6.085956462436586,11.31196722690558
2127,16.414720431613606,10.130509906703018,9.983925214164609
2128,12.360368416490639,6.132883324658084,8.555802400257903
2129,10.081509060113413,10.884464708716248,10.23752916157014
2130,5.032640450639271,15.270419712719772,7.358708426064215
2131,22.02640849774014,8.30561322573052,11.374787907780847
2132,0.8135938556727795,12.29562225146498,7.9669588132827
2133,11.33815055224955,12.818184692086826,13.478912997710555
2134,15.531887167588906,17.68045465681626,13.444062390749865
2135,12.505984593171092,15.40135591834244,10.729227423518138
2136,1.9835054585942617,16.672571429158843,9.898431347581594
2137,23.51689528098231,11.127065399541006,9.644428743556613
2138,9.785082215440868,5.371597795132525,11.98002529537842
2139,70.77076515049941,5.763029938077444,9.724172517828755
2140,7.790678820292844,20.170764624750454,10.613794626620397
2141,4.439936846621918,9.904680722124635,8.549901224265597
2142,26.680466476019163,13.294762081384397,7.899360798983225
2143,9.47164538431339,4.15699039580287,10.946063475711044
2144,0.6115580580138699,6.412979375144145,11.40853721802444
2145,6.394212937896976,10.238537205259387,11.939924229623367
2146,0.7742810499368885,14.555195271349982,5.539593404795349
2147,55.26234375862604,11.725714255471006,9.919261114359715
2148,4.476429218298163,12.17320398148097,7.9303866712537685
2149,7.746238026922879,15.304437786557608,9.561280893824584
2150,14.915760096275559,10.239165646529331,9.506667637082035
2151,4.3686810242251095,7.274982072104566,10.478335740248102
2152,8.683483429597075,3.861225951232271,12.238564552545167
2153,5.612572570492513,10.872401912973041,9.8450723262923
2154,3.9079572041175514,9.79886408453135,8.265329249504314
2155,0.9796648813337971,3.5783140578974817,12.727932248687347
2156,17.043336797190324,12.854518918854245,10.153414134169635
2157,7.153313464185967,5.2357348141385485,9.687894200624845
2158,0.5234965130697565,8.044482353523716,6.106299522811367
2159,38.37741125795542,8.323740636204436,7.5110349980530895
2160,9.885757768453862,13.622454247046326,9.424800873284747
2161,6.03518592489323,6.625990510303187,9.700786687292295
2162,3.741420723697384,4.525407436467097,11.764364424281522
2163,4.860073289507379,3.6932879374568324,12.180510353935716
2164,20.271600017964104,4.556247899385129,10.59304910224526
2165,33.01562972852351,7.599131341626356,8.202135799182866
2166,5.969095785244913,11.709662787600902,14.889452336849953
2167,1.9672417433874296,9.179922288334788,8.75176249154575
2168,1.8578727313773769,9.82817406486156,8.78149335577769
2169,18.80726160150952,12.337949534281172,14.364385042774929
2170,7.372791031562649,5.8832329765323506,9.738776799192033
2171,7.393518937721791,12.957320586160055,9.30887119487507
2172,2.6253584491761184,7.750524592754457,10.400034616468362
2173,27.391121461919006,9.46966439327461,7.562986517603002
2174,1.8636728412935082,13.946695026240084,10.450341428208656
2175,5.107805427808267,9.125206195201368,11.08470041946821
2176,4.20075020404729,15.966777613121355,8.249911520135017
2177,9.498854045749544,6.967014384974696,9.327981909595392
2178,0.3388921399704537,6.925186456767935,11.867957011334338
2179,8.876734146224615,8.629576654404815,10.760718290497993
2180,1.8771320527019753,6.856727270318321,14.051485877854553
2181,2.6902016508766877,9.050990826412246,11.568307471471373
2182,16.24631039506509,8.634229745750295,10.359725232970305
2183,2.343718248576864,8.122730643387966,9.427896201783172
2184,15.746208041066273,11.584420552688037,9.392746015397785
2185,4.16250582089537,9.322056756402581,8.894525192770836
2186,16.61827902577107,6.209148948473926,7.9107315118013535
2187,12.652249070768905,12.517723964171036,10.390031990084486
2188,0.02984552645811512,6.3904655382810125,9.764369039203917
2189,5.5287362063407,17.773843124569247,10.921745662550478
2190,24.06661633416521,11.198188340264522,9.838812004815589
2191,1.3601845650325188,8.900611347759051,8.85469272622811
2192,16.605351095611482,9.666723766354849,10.195185525018823
2193,4.61503617355388,12.717732675492373,8.72903482139938
2194,2.657724100058253,5.871063922777578,10.166181904462855
2195,3.9968763975007064,7.702016731612074,13.373097807635581
2196,8.195204437876457,7.888794701232131,11.615787659070735
2197,2.722790078356868,5.47361939235355,12.104966456002025
2198,3.058255777668664,10.83406519391873,10.003964024281448
2199,6.895078138821445,10.906732978648964,8.075958636935407
2200,3.683391123627771,9.545573222975046,12.218508204033729
2201,4.307174480324494,6.782392366183605,8.7929624724643
2202,9.18986969011136,7.803064933864533,8.931569465694754
2203,23.144776164683574,13.6938017518675,8.214228294095802
2204,3.8499156135565458,6.86426080309632,11.597167845288487
2205,27.47045143606679,7.521414409203112,8.957944567530953
2206,13.075579178328455,14.236440554931582,17.64747352096725
2207,4.472341418470982,19.028315870919787,11.733116797768947
2208,10.073478624070528,10.203202934755716,8.67514789864742
2209,13.31092749450059,3.5205873007950585,9.643707318969282
2210,19.267102122237823,8.256864932307668,12.237394887795777
2211,9.079861383840399,11.281799326606063,7.7468619716441385
2212,29.20124187465522,5.353943413580073,9.575835217892298
2213,7.767129648357316,4.086845361835958,8.414980544936025
2214,6.235270205797823,2.4399486473344583,7.92696228372331
2215,14.205571104733814,9.418725050289108,8.072873598961378
2216,2.153635539732217,11.258370712115589,12.420971325399812
2217,5.223160936085593,10.863070565350842,15.48409268071647
2218,10.003630354158505,10.013917729578889,7.2538824414110215
2219,11.725755565678787,18.50956240412567,9.594504905539289
2220,5.8550485500337865,17.74495365108411,9.976689764253504
2221,0.1117721516756442,6.856218068579312,11.039396167249935
2222,2.8276787727113777,6.939534870269699,12.9001318792887
2223,4.530664271764109,10.214301781308247,9.707857878413147
2224,19.72592758268996,7.388734991647712,10.519614425030543
2225,5.329128417106268,11.271796515031951,11.739377379215707
2226,0.07199679286808117,12.872333516920895,9.757163554653333
2227,6.813709001111117,15.531869369828005,8.748985476977015
2228,14.349035246715742,7.466183700573128,9.191176953823335
2229,0.5377065069729846,10.44559072724162,10.603217776002113
2230,13.243878904611522,9.932611555492992,11.264538733527624
2231,1.2053661632155868,20.738461775286073,11.000925561136427
2232,11.470748123529923,14.83526613925461,12.204015866229161
2233,10.375072542754555,22.770443088444278,7.766876489573667
2234,2.4553565110153577,13.934006252512898,11.787738839963117
2235,13.823723833703285,9.721638079762831,10.201981425443337
2236,10.83187615468706,11.755937529466616,9.512131315299023
2237,5.208535146340116,8.067490684683483,8.187321220350714
2238,1.5709169314356068,13.515422291110013,12.113676744673256
2239,2.724030525566551,11.757609619224413,9.215187900644512
2240,16.43130778584595,11.934221208621123,10.671741608487467
2241,16.564344179170376,12.84475282932919,6.577557532756405
2242,12.400960496231944,15.807632188492926,9.732263569281113
2243,15.961826084898668,10.289833034621969,9.39407836933869
2244,6.40760356247492,5.019562073756015,9.024785691644846
2245,11.747572021270983,14.543050163292557,10.403501887490124
2246,6.053891435467535,1.7459461944547983,11.331632691056097
2247,12.995767493305188,3.2216787892968624,10.344755489653574
2248,6.362954633083793,20.12882217451832,10.210505210045264
2249,0.2695255755621648,11.701385263536904,10.214942003707987
2250,0.08081027858150254,5.848554440989051,12.704268924772778
2251,0.4914015432919171,10.165950696835363,8.767275815161296
2252,4.84647314836758,10.485503089520067,9.66769869178616
2253,1.7034886114515562,9.432018932775728,10.337113646030103
2254,6.2941770745708165,12.401545522259187,13.68605412037763
2255,1.412055312456875,10.17346536309076,10.223739938688176
2256,3.1991584532484185,8.058141574917444,11.047796195343157
2257,3.2536989349615246,7.054391831439334,9.935331275612466
2258,1.730798920000292,12.005709504636732,11.878115845408685
2259,3.493146823789606,14.060872254718273,12.004605149051097
2260,2.5681884040191973,6.153484431774005,12.2477219277027
2261,10.08193651256628,10.51058277766029,9.472465804386797
2262,14.86718992484382,21.402609917598927,8.863333474020049
2263,3.102429073334471,14.359794552871634,10.462648156640977
2264,1.2719334024315112,8.623834706163269,10.727456974514517
2265,3.424334088404791,8.507465252839554,12.338311229204642
2266,11.779378917536608,7.66030916600568,7.178680612963047
2267,6.729431999904222,4.127441201466904,7.735708555498987
2268,5.196934782431303,7.792438414888903,10.444425595968054
2269,3.223600651594114,10.340149863197958,12.54678575021482
2270,11.387816878563646,10.985636502893644,6.555480132956387
2271,1.8403269576667203,17.85450696377651,9.635342225763258
2272,30.082109104899722,17.294214377818165,8.649921035755888
2273,1.0809954671870747,14.104523636178936,9.042437953939922
2274,3.8753952170095407,8.275631959648779,8.51770209939318
2275,22.518567846102425,5.627455672601919,10.159331225856478
2276,5.043651754834668,32.94637089529651,7.727322049312411
2277,10.390305204718485,20.879306540463325,9.869431848386084
2278,6.620964579160253,16.876465581201764,6.899219150316724
2279,5.926205277655479,7.121318748813307,10.681553352906102
2280,15.777052298764819,10.24233961477833,10.735678588121043
2281,10.81768287317627,12.981566513913057,9.451576670541721
2282,16.368215150575764,11.279263829310414,11.247996166205523
2283,31.74597746459633,16.265790116271056,9.283743868865802
2284,0.21286196463003065,7.160345831854102,10.329034990146296
2285,8.257476189750674,8.167541371311565,11.579964576683642
2286,24.768769139243336,5.716262152138169,12.48907295075628
2287,0.9191741437371187,4.514858957481922,12.729159934768294
2288,27.360001298576954,11.475205177833121,9.866620882347746
2289,13.493819100994223,13.480116955088624,9.707023879685135
2290,7.754036830240135,20.202479560329447,7.801666824800134
2291,8.585224636389816,7.700660442742091,13.028605929541737
2292,2.161177583635752,10.745886622662095,9.07103658518285
2293,2.4750115078710935,6.607289547481739,10.736498504271914
2294,1.7155498426714022,7.3033085194692315,8.207712041361305
2295,9.067290842077353,10.956176235977725,10.436469270969948
2296,0.29675860249024577,8.63826593066386,13.459035174740595
2297,28.913756614562732,14.720756295715734,10.141945836294443
2298,6.45609600794014,8.357526829869382,10.20889955563126
2299,9.234028679005224,6.705815454169823,10.824823557786349
2300,2.5333177947992955,5.7117149709516815,9.192208252839452
2301,0.8986630157501228,5.059738959846976,8.537495122861394
2302,4.195408653518616,16.66756204718265,12.620607957622807
2303,0.2904280415931585,13.913684422024199,10.172223443565136
2304,40.251814879107506,12.222880606413742,9.031430301359404
2305,4.92302911691075,7.553167479532701,7.529508849035367
2306,1.2697577988566167,6.415202895532754,10.056536807158627
2307,9.053080786933734,15.211372181678675,9.684101887677693
2308,21.306141083710614,11.677701545973104,12.782591224095569
2309,35.39141949077952,13.114914039252,9.689049211460125
2310,3.6296183275728238,6.897439888108567,8.653007215596187
2311,3.1219767442008455,4.798218881119826,8.204174182677797
2312,5.960783551145752,11.792264022645519,10.636238131999894
2313,6.034289508267037,6.737341070107651,11.285407296705444
2314,7.1586442392188365,7.557205174090815,9.335442795672405
2315,6.916420215232426,18.56574149918272,8.41338116600953
2316,7.017045858913096,16.016467832259945,7.5453518502261305
2317,10.958859988034208,11.696036529979308,11.815140870536158
2318,25.714077794204513,12.101583769783229,8.793866388695676
2319,6.27770778355629,2.139499838163688,7.18563010014025
2320,6.0558501065838,20.11179287600888,8.720433603462023
2321,5.656166533381415,10.295503666273381,10.75473253635855
2322,0.6450729824185153,6.596992753026541,9.310597830177366
2323,23.87586511252201,7.461056898252325,11.541205304319305
2324,21.386357447253832,3.4748230570461205,10.075961363783062
2325,2.1218041410887913,10.040763897714646,7.854492465133185
2326,3.767694433186284,7.853815815646108,11.82339679997806
2327,12.23994170031359,5.84082060861167,10.374750151296869
2328,5.41938950780606,5.3839368050188225,12.484105490587286
2329,12.136199266916853,7.4294973279984164,10.902116753228427
2330,0.44214645530304253,11.21898878975379,9.815907492936779
2331,5.724265728742504,8.677357884609535,9.286599568145869
2332,7.941734612558966,10.794970785050271,7.213164901085701
2333,27.708585188593897,6.793982592636361,7.369852507209822
2334,4.067284842002112,6.830990230159711,10.960632076322407
2335,13.678320736538657,13.761190778877525,10.702288659049197
2336,3.2557766987655423,6.577693066026494,8.6120486529817
2337,3.994844721495697,5.188772801639427,12.341645620626426
2338,3.3146793574072047,7.996714058700763,8.74324794313022
2339,6.4650946756393255,8.757985904069006,10.625883501930751
2340,2.078116757240435,4.350766956878911,10.349365496640674
2341,10.018963827913067,9.93321604138492,8.535745231665748
2342,6.135557307240693,3.3183377917100336,9.040473167900668
2343,14.396310775831465,13.70513432207986,10.646744716584776
2344,14.170541647666052,4.445763998762243,8.861307136756146
2345,5.482848825494158,4.352895236837757,9.602871489485128
2346,11.055459331639522,9.589387031359285,10.001823786808936
2347,11.579043158632546,6.571298404063593,11.766596885321633
2348,2.09631133601462,13.216195305198237,10.879264745014535
2349,32.600480136433944,6.297680832754551,9.953716425847917
2350,15.208581043207198,11.53773031686118,9.762864669383738
2351,2.9698965747206296,10.230942309704842,8.125600130247452
2352,0.996194565124896,7.70915081778539,10.087154334110354
2353,26.383055155911762,2.978446734679737,10.037496011565821
2354,1.2842872706449404,9.602608176143118,7.92195190120575
2355,7.055450830880618,13.453097566821615,12.00323467684935
2356,17.51365738104117,4.745707023624061,8.8560411341982
2357,2.3709728062386115,4.196502295509413,8.123951036315587
2358,6.470178665421352,10.367792794668155,9.592412564905855
2359,2.0312963610869224,8.59710383788194,16.35987120662813
2360,0.5369425684114318,12.40018453038046,7.557255081630538
2361,3.7201920854945256,6.008891589657322,7.759349697099821
2362,10.999599650459084,8.263423183716473,9.44363877811536
2363,23.347094126676325,4.152650642590277,10.102441993440367
2364,3.709012060236272,7.780336487707411,12.419211816468815
2365,1.1877128486471082,7.619088775389805,6.984130449504201
2366,2.44486009801352,8.930386261689652,10.631589015524844
2367,1.0896311611679117,13.063067037256038,6.8651812492251745
2368,10.998854979214903,12.401339033077772,7.255506051256273
2369,6.56380165817909,8.884693800087252,8.534463490180915
2370,6.2932634870052055,16.008733196475838,9.700017449071634
2371,12.291633924050362,4.023027327077502,10.373020375097651
2372,3.3877813112106647,7.454843222366996,12.178178205264292
2373,11.858503476497761,12.224639018113614,8.086884856437921
2374,10.854335922401239,9.62922077127829,8.313460664118859
2375,42.71457407863377,5.145383426101688,10.139257249944272
2376,10.373496744698336,12.514866536465725,12.525554135452358
2377,0.8790351819375469,15.676772372264935,9.970885528495895
2378,2.6251087466894574,7.17602801272749,14.07015033254637
2379,14.117714539583126,12.624194886430104,8.836146481587114
2380,4.326480134475663,13.55361820983749,8.209207796111473
2381,16.06488327120891,13.716228584933933,8.637305765015915
2382,21.714390501098574,7.807993095451319,12.593020705611348
2383,29.76818065920405,5.246392852877559,7.881403673243882
2384,11.561174147111437,3.0728331960064956,9.783637663621066
2385,4.682860041351192,9.44113281195558,11.305747182623952
2386,9.913493685964166,22.1538989969092,9.056272948817021
2387,12.943301030422779,5.5203008738823005,9.19089270730308
2388,11.383950573393928,5.461897840626905,11.979910793613767
2389,3.9381076211736143,7.668325524852331,8.733073371532697
2390,5.793026621739597,8.168181540640239,13.18203069458576
2391,13.96625304988854,4.832707972213148,8.555722721457292
2392,1.3781619399008596,6.043635745845746,11.787373498810744
2393,5.366522602844557,13.390486231370582,11.620255155591895
2394,0.41202845500808855,2.541195431220081,11.62461182698022
2395,29.015918584361067,7.317898873304133,9.610022879551922
2396,1.502211690595729,4.383317954497284,9.111332139865052
2397,10.690034624202069,12.618346597637068,9.784272166857557
2398,1.9317793664581453,15.314947531978905,10.62823541274782
2399,4.937120864157704,4.255326693050747,9.96844505533649
2400,2.0535688947642545,12.846803137628461,10.042901326973604
2401,9.086349993822825,1.9192958898012815,9.00673162350028
2402,2.334952953495607,5.996067331856876,8.88066396262161
2403,5.919222809177272,9.05845963704395,12.63592362186385
2404,5.565972245417315,8.903372218250839,11.327599812169836
2405,23.131792055608134,11.35545898865579,9.190932795893849
2406,9.438817606355952,1.8434189391910452,8.907660043300524
2407,0.7530526635155124,4.756907004716009,9.45566767314804
2408,4.744162933235687,6.980066048268777,10.952472315398023
2409,10.689939724552838,8.164893311176334,8.62242553233614
2410,14.426951040568492,14.637823908118321,8.638006646769554
2411,0.7301748673843792,5.197202123311295,11.170328592704807
2412,3.1784734182925316,11.095374764182042,12.639037802394519
2413,8.383759244234861,11.381755324462917,7.1943206038031775
2414,1.0467477394936908,7.2809955414458845,6.828588730974915
2415,7.176415314771365,3.9935916070060045,9.488946763575626
2416,3.270475788778311,8.316377203463905,9.01068587148943
2417,26.400564331271248,6.962540985905302,13.177723098835258
2418,9.630589444746231,3.618521132504681,8.361854849012014
2419,9.09038830945212,11.407075797119857,9.469067114327098
2420,16.618516198645278,5.388996240508816,10.336409942661406
2421,27.179823307685485,11.503925678327203,11.57384229797969
2422,6.363530055242814,4.181959286712917,7.1061299658700126
2423,11.729413162929369,6.981923464477892,9.132908131772133
2424,24.863591809216857,8.799308928753264,11.755779778524632
2425,6.313544333046514,8.375116038457795,11.44495805938991
2426,9.439049656816216,8.975532603990924,8.058860998250347
2427,21.4480775974521,4.987896629150954,9.376922973983605
2428,1.4635609872862672,9.626051144309269,11.246738176393746
2429,4.433835891066318,6.909155583222784,9.650479692164383
2430,10.266426940321818,5.163095254516297,7.229421084151351
2431,0.10542901123350666,18.694597751806498,9.172912235778428
2432,2.926037933636361,8.22530768318967,9.126933338918548
2433,1.2107236087596394,14.921760554986381,10.057246643695645
2434,15.16119993222799,5.1911731287446425,10.075521938759433
2435,3.721578194320828,16.983870779551527,11.00825361411331
2436,18.818230235160453,5.517945622813189,11.29026272946291
2437,26.892672948711454,5.718484925400842,11.949881938658608
2438,0.30580787281768274,10.512023892909474,10.431494251385862
2439,16.57139343485464,11.047302285200631,9.55144502152583
2440,1.7500220549258654,5.843808195988027,9.30403958217224
2441,15.654177875802304,7.281448703251672,14.00829285613351
2442,9.300365200746723,7.926687111457572,12.011331497744017
2443,28.522863950502504,15.592254312169269,11.808335138650005
2444,34.97581827904801,14.484694940394016,13.450689091153798
2445,3.619314406565033,13.368867010999434,9.992346158878313
2446,9.100741818665643,14.830655120778895,9.066895913398197
2447,22.04130472953951,4.757089791363493,7.3613507548002515
2448,45.04447202711391,7.067514010081874,10.932557973758959
2449,20.086343999961937,4.002032524640812,9.978074177615676
2450,3.5274281378257526,8.415610756873466,9.241106677120227
2451,31.326825935571925,9.887677881369711,8.886872739261857
2452,4.307010475021193,9.216943422843324,8.020437292380072
2453,1.0495609523632026,11.056973940205427,10.37559379687579
2454,5.511993435447763,17.636730839217865,9.033221893101944
2455,6.5012330967996785,5.5852647555822745,11.901337463958951
2456,27.820773866727965,10.304963386656189,10.119917578538919
2457,7.655692962640092,13.240176749274337,10.622331084803607
2458,5.497993281123142,9.133864012417316,9.614949778565204
2459,2.4269387189849274,8.711633512027365,8.27624315884223
2460,1.1744313016948127,13.291057630072064,7.519486765725544
2461,9.022441773569637,5.240433804464919,7.736487733013669
2462,0.4753162285282071,15.561634684468515,13.732849129700941
2463,6.37036951786632,4.923272470903791,10.350238943952878
2464,7.510564145936317,3.7045234990264957,8.361143635511556
2465,22.270082009112848,9.142574245196325,9.260976107794262
2466,36.478974675144265,7.529304789072445,10.989911508835396
2467,17.256653671612014,10.308950052289962,6.987599992888551
2468,12.897410983905115,10.678544394016406,7.308981473629827
2469,6.554410832080602,6.619314820731823,7.2304947999439095
2470,0.45322822375622046,10.200220112375549,8.342550346533773
2471,31.816708132100793,9.05763166186263,8.828467090739752
2472,9.108843279554835,5.728833477779814,8.829280411821916
2473,8.556446155906652,9.879585875545263,12.284226148712197
2474,11.815750623594978,7.406905909150325,10.775920782066217
2475,8.939055635433146,9.007303705329265,8.270482534942461
2476,5.059200191699138,7.36776636359649,12.27728837571204
2477,31.092980614134273,8.895806893777143,11.418510602440723
2478,1.4452697186341703,11.642088907210868,9.013124468418068
2479,4.933798780811635,2.329388645471608,10.711354495890086
2480,1.9885974338293437,5.837677983250335,9.939446016476685
2481,8.367343555666965,6.844978302432411,8.344742688559933
2482,1.2194349294498814,3.9199449531298036,12.650059869724588
2483,5.919236696843627,3.9623760829343055,8.353254644996728
2484,10.362136056078983,6.3959438794430925,10.327598755052016
2485,6.014402450124714,11.018761425308895,10.254546834394755
2486,22.0988694494921,4.40780496499782,9.71521873999172
2487,13.035749052380092,8.634618280229475,10.887668044067182
2488,3.530354411109267,9.777031332665015,12.873495489857648
2489,13.494826706022105,9.00130395151153,14.937986355901756
2490,8.50966406830397,5.87329010103222,9.28880435558187
2491,18.537463137526842,4.1542758919655505,7.517062111731647
2492,7.915988892698153,6.795560640348883,13.160047232019087
2493,13.641973763059003,11.731835673023916,7.98224860557705
2494,16.340549180974033,15.116605164209336,10.837728422105785
2495,24.227092155425456,3.403158589697255,8.504522312332533
2496,3.039534995805161,7.024492921153893,12.432199193345724
2497,3.891816932677367,4.107991590871733,8.491513255891501
2498,1.4272439166205582,4.325324286987278,7.767843496439689
2499,40.26561891667548,11.448060084925812,12.306478615081652
2500,4.194371102604789,14.443185124647233,8.404298625660998
2501,0.25689782852755494,12.592178677411395,10.801132936848822
2502,2.9704366014995673,7.113060266964448,8.355678969739936
2503,2.6403008910586427,11.779524939985395,9.036849730415925
2504,3.965713584521685,8.602061690077527,12.174474356728124
2505,24.39952930140448,8.230611366035085,10.698168395835303
2506,8.59876965185447,15.304801865371838,13.8025641042235
2507,5.493556380563844,5.156473452856743,8.726597815443943
2508,0.4472023057291814,11.356993770045802,8.529894652667439
2509,2.185837182377503,8.73482907693139,9.894295056557564
2510,2.3279376314685902,11.694461300277423,11.980217647227336
2511,0.9313545821649949,6.945169814604384,9.58268947374926
2512,5.851627204371252,3.111275783261452,11.193099970527166
2513,15.808044971346135,7.664086421989208,9.066268244118229
2514,5.198974063047937,15.6799129306726,10.234257754024648
2515,7.863430140563384,12.781631376617216,9.95451411022686
2516,9.151700444062767,12.901651424742775,6.729563110923996
2517,15.418359850569729,9.879398306098507,14.9015779957558
2518,4.865329660452991,8.904844492618594,6.8801378097815995
2519,26.3354728007874,11.339771159994413,11.071870356080467
2520,1.0591372484533412,6.933509025966994,5.8995456467778435
2521,12.26237417973957,12.91892689941091,10.661895053538975
2522,5.717399888885493,3.774945366830093,9.707960972520983
2523,1.951395745836385,4.208269544919984,11.078100870932762
2524,24.366672322547622,5.521596925231235,11.818541531190943
2525,3.0331870445482756,3.186557937665159,11.881195070895558
2526,1.1967642276353978,2.7646912297393715,8.466615195745845
2527,2.689711353676303,5.89716155348959,13.014580937103863
2528,3.932534917504539,18.78219137535869,12.23821297384921
2529,2.05363283227143,8.074062705701595,8.440827283791263
2530,6.510056545710513,5.836346204001411,13.40288770279072
2531,5.983308220631784,4.79266347620909,12.849653164444147
2532,2.257903814503419,22.14811277891736,9.132442832753956
2533,0.33582605309554564,14.699592506639059,9.687815056256504
2534,0.44877222016724355,14.729786272079831,8.003829688658533
2535,20.20817130398108,14.959771161207073,11.2891098206069
2536,9.439180269009086,22.04844609668964,9.226799420539352
2537,17.42377607198357,10.448696904681988,9.123705486405505
2538,39.931573952561116,17.572943325649764,11.021306239575903
2539,13.120686892788772,18.95395967185492,10.745288558600626
2540,25.456621406627658,9.963337485537403,10.024334442383923
2541,4.650930352679936,11.513517833230758,9.035138608114682
2542,3.6706765667303007,7.445959442517124,11.411195826733723
2543,7.6050006474009555,9.454823121407843,10.239584348567705
2544,7.822395429978745,8.609331151123532,10.283001682167303
2545,0.368573586506853,15.81445084118848,7.454987250195209
2546,0.7670033291975565,19.933772824016792,8.503064670371904
2547,7.026378779558486,8.212137610525343,7.806445222980229
2548,0.4519257384719864,12.70943194086052,11.80374690415435
2549,36.6541879348645,21.357636869515137,9.898981560595
2550,1.433047549970211,14.094891742766276,11.13197546152522
2551,9.460473047431442,11.66726001228368,9.205437737184731
2552,12.871981828339841,9.820204172129182,9.093063101151795
2553,0.6169174594219236,9.299749626457814,9.046469839057387
2554,4.69519932865838,9.098294569861359,11.19205566746522
2555,3.1158868044237877,9.752006931846378,8.559553092539808
2556,26.360764854947963,9.897967641482655,8.369678779455883
2557,20.783115345438,6.487870233387085,7.404454598728637
2558,6.918066632379563,3.053365982603073,8.367967104942707
2559,1.35162192510757,11.116863977108842,9.648873609606438
2560,2.6934433185112017,8.054636477943756,6.714656997907934
2561,15.175693000110126,11.793947672146576,13.147338029992426
2562,1.7412689208948724,6.432118784783055,10.544051647222265
2563,18.01232622431761,15.005149947040058,8.844970425769171
2564,7.626180056649306,12.972219618422415,12.644224622546238
2565,6.714466343576491,10.710833470711032,9.597092592392924
2566,10.400755993559288,5.083979830821811,10.204160450125048
2567,15.430629090951916,4.805926874691197,9.629177379980925
2568,0.3711312553787044,10.467159109758885,8.929490250012934
2569,3.111992410070286,8.103259268078697,7.488938710338655
2570,19.400620350634867,10.05317329102902,9.228289871326442
2571,2.856479407622666,12.195277056118595,9.799479813325048
2572,27.70644751092623,8.02370334131641,9.788094447102539
2573,0.6984169471531722,9.8477371161072,10.141531634594333
2574,1.2206497116292636,4.188489875687281,9.356646555015613
2575,8.058554444808447,2.478949533544678,10.810682761207863
2576,3.04851674710164,6.30204091480536,10.004133491759848
2577,14.401451299136024,15.220130758016804,7.450723995209104
2578,20.55826323774823,20.219299421365893,8.775511782619152
2579,2.093217626448949,7.966987785770388,9.694396778437845
2580,5.080202788985556,12.163960291387834,6.763446279672127
2581,19.332047067844535,16.530557948994627,7.7288442445223104
2582,0.3244204438809183,10.977589200963388,15.121168382015378
2583,0.9548021495673203,3.9111951241603764,9.71736987931448
2584,1.7594847620365688,8.310266578376368,10.265021127286683
2585,2.0217317973476305,11.948391612228397,7.692836619531567
2586,9.85181884892155,15.0647517022908,10.0872442678057
2587,11.878043079401776,17.28115425919914,8.803900886698749
2588,4.837233897494555,11.79862127923657,11.684476429725397
2589,5.590030961348581,6.377551583748257,10.653007600977263
2590,1.5947983785286108,11.56995232284947,10.080337900680627
2591,0.10285849852421897,9.513954130212298,7.510055645545775
2592,3.9442426602881158,6.417217985905191,10.12929974341452
2593,4.083493553340367,8.176479300971929,6.962457519276604
2594,8.314057440941719,13.048134284410702,9.148185716611136
2595,14.813049834498338,9.272780180473433,8.005162150362771
2596,2.6665719300612887,10.385843441521821,7.251633242923314
2597,1.6473816885967763,12.383138719285302,15.074790547484506
2598,1.4134965969958808,11.88006585345613,9.817655088134583
2599,41.83492013242955,4.066888629291631,9.813042348085572
2600,0.21473427282744303,7.012917240515085,8.144615343710162
2601,11.158088206534837,10.24460035800457,9.773915951801337
2602,15.411599727053265,11.966620878626362,13.110301142771824
2603,0.9377904365897058,16.503256956042993,9.803773588709499
2604,5.262817773022903,7.813814625865975,11.529441524473125
2605,5.904926599419392,14.82911848552445,6.974799548535513
2606,0.6610814230519644,14.487493439392404,8.765445820037113
2607,32.00462416063173,15.212475075582493,7.541374272319668
2608,5.541802000382321,9.122701910109145,11.028852565348934
2609,12.013918923033488,7.053332004948073,10.447577234919088
2610,2.8812719541142284,14.041037423499716,8.985033539054378
2611,0.9365906166705055,10.460424251097002,7.482099191566801
2612,10.947239788252478,7.886445189486847,10.527091642705512
2613,8.038404073635949,5.08069877597389,9.075306914908188
2614,1.301297598085771,14.343115055782345,7.249610739248407
2615,12.670883698897267,6.41695497758923,10.570814793923494
2616,12.18098713502315,5.345424059761085,9.47022374222937
2617,10.753054107847758,4.382365730323058,10.023278201444377
2618,18.942842929514597,4.75284609087999,8.634954722617067
2619,1.9002124624856054,11.914882340263164,10.186372552532832
2620,2.3207933669098257,14.912628867642557,11.353419606837472
2621,15.587701491788271,7.619016344906228,9.334014873165868
2622,4.117498986899794,10.006336960778395,8.01221396951126
2623,10.31798822578259,1.7309185480443574,11.697310028476528
2624,7.067426549096922,9.146433668557226,11.437968120302546
2625,7.765740143183877,6.085498974892021,9.045769980288851
2626,10.35406308482964,17.339228220765424,14.647479030030363
2627,6.442836528292917,4.537412565417246,10.648556378132195
2628,4.700122002788645,17.991493924461107,13.81496207098822
2629,15.643790198914648,9.792104845723076,9.48504030215417
2630,17.452761767242723,9.366723709839427,9.264747519236495
2631,2.2780059088479243,9.82981771968728,12.86951895070339
2632,8.65187903303182,8.437377965404478,9.433704035112122
2633,7.700304036304056,6.434838238452441,7.626929333054459
2634,1.1517529277957976,5.5000907744798955,10.856127545165263
2635,33.622404720072204,4.914898593974568,7.0525201289959
2636,1.8585708791659474,11.70889081204964,9.393841885786335
2637,3.4841639189133438,8.212251029779798,9.190159313263447
2638,9.407728214142821,4.183289529462288,8.44208761856354
2639,61.84961787939654,9.027757929319572,10.59851904756864
2640,3.5835305922087834,5.96957371918332,10.160258391006916
2641,47.200644626193636,10.102112167457367,7.635657333324853
2642,20.916911840411835,5.841179731787139,10.804847629335303
2643,2.8357114881302734,13.912561464199484,9.439227094120858
2644,15.676086620761556,8.733152531950925,8.07330006431223
2645,3.816894179355048,7.796770042827357,8.02164619337713
2646,6.396779594176206,6.493473820580403,8.735434562983908
2647,6.387229698268397,9.811751014797046,7.517667763896005
2648,1.0960090341857553,1.9248179873653428,8.774662857171869
2649,28.646861411070166,6.320784694195835,9.403503039856933
2650,7.971593312056642,6.256930452915068,12.384404391371506
2651,17.085767729165287,9.565620906116527,8.957605368415074
2652,22.57993379876101,11.504516382080775,6.429350695018877
2653,15.462238277288675,9.455018799077354,9.041415695003353
2654,5.9863491234204025,11.894577235396781,12.332114392417617
2655,14.016927222315411,13.2847466466927,11.512342942908095
2656,14.150200427426968,5.489946488477457,11.49547098042214
2657,8.957566254052802,15.313712158208329,9.500953307223623
2658,19.849929657493718,6.2347047786755905,11.417587990242204
2659,1.2968382229537558,8.907167065317086,7.805888189780763
2660,9.453555471162543,3.290144145374449,11.269750047296258
2661,12.069180982795057,7.279693622869045,10.323713237005029
2662,2.1532157591999965,4.200708391260735,12.414787719741893
2663,9.124242879256881,6.850164895706669,11.26048321525804
2664,4.152141003059507,7.2650511984611414,13.399984510511278
2665,1.5475526595531908,8.44444418541171,9.5373018911341
2666,1.2573171973983426,13.359968131496961,8.27188191327557
2667,10.62269620019236,20.28018460920783,9.381371434561828
2668,14.72852089796182,10.750196849464013,12.121563043282922
2669,15.08699681967028,7.024334571438144,9.029530552493647
2670,5.288305152416162,4.769690203998012,11.136264465137105
2671,6.6619668243906975,14.10198942872366,9.397276581106468
2672,1.5088878303537934,7.584894637211754,10.665980455492843
2673,10.04494863915355,4.81024446351627,8.144560816506658
2674,3.057925976651558,20.99490102116559,9.662748209922364
2675,1.1308862058539295,3.9225270674518464,9.883159829262002
2676,3.865747704667458,5.10641075647927,12.039200310531294
2677,5.2663571994595255,12.706722699640885,9.427906211940199
2678,2.0265090742104652,9.404696571346118,10.464753196647179
2679,20.683562145639097,7.824399167356731,10.769775900901196
2680,19.57211411160291,10.108067863925484,12.040882853548469
2681,1.1703194039823996,10.354132134486566,8.732114952569104
2682,19.067452409735875,18.014786665794688,12.988327723637916
2683,11.338268265270752,9.279150295973574,8.200212046774515
2684,31.28707859457114,15.245999798736444,14.67895094748456
2685,12.940874118990333,19.26676953289215,10.494178833349592
2686,22.183892501471743,9.214610628695814,9.8097760354413
2687,20.961261725212577,11.47852048404981,11.159241092859622
2688,7.99394640073497,5.028742986429471,10.336158026746007
2689,3.337204877125398,10.355259613730455,8.549231156560756
2690,4.2810205432771715,10.896621616488058,11.178922127952854
2691,9.82557431172344,11.382829180126842,10.576467374511271
2692,11.89351275292377,5.709278686351771,10.88837976165941
2693,2.94736015561987,7.098408160352823,9.329448876749337
2694,0.7071915748693953,5.405125789687482,8.270919180849484
2695,4.0100567694375515,11.960223181984313,10.864127225583536
2696,0.5528666005185524,13.621852716569299,9.159985747801647
2697,14.98773070367531,12.290833570586686,9.690227120520289
2698,3.2074339370515252,7.600666835094698,12.918695036223815
2699,0.29418333174427613,23.641760846208083,10.046941768247555
2700,7.6701161380819345,3.2257675084377633,6.563274141209417
2701,13.760666189887724,16.285393940192073,12.905730576313912
2702,8.95920522209348,3.955213899115427,14.186809291000825
2703,33.25495905824402,5.364265969418468,11.248325117238192
2704,3.5935427653214496,15.000668348288354,11.267730151493096
2705,10.152769404054656,11.209020207199973,9.393648847728
2706,8.914723720826583,4.629648581470268,8.399996948687363
2707,27.32794816065033,8.268353221343071,11.685917433531312
2708,0.6632517883221746,6.078345122872424,7.944620932787496
2709,10.006892101993245,18.758868189099672,9.168355367200236
2710,1.0773618623441223,7.74051537523061,10.908583058707977
2711,0.033596165542736166,4.851054388294292,8.364544066777679
2712,0.24915121135561213,10.904977401288814,9.186524285769163
2713,17.17176303672677,3.2827885929657534,8.382572636094084
2714,6.516055860673586,10.131974155437335,13.132220102580536
2715,3.0380760645633464,10.439965797217155,9.640948854570206
2716,16.037289222865752,4.371136967809482,9.886455732229704
2717,10.652165109666157,5.093516380843582,10.895388392534587
2718,0.34553469070195647,16.87874976142728,11.807764683455552
2719,20.231601309627223,5.058054280037493,10.74169620245916
2720,18.865438448689435,4.788895576323258,9.400752403776835
2721,14.54568078393484,15.122475688245974,9.81719836678705
2722,3.3405310359795646,14.696241314180662,13.817824925751141
2723,12.667167861598081,14.162055560819363,6.488231075502096
2724,0.6478808892198097,7.169715764116253,6.629293436404931
2725,7.417664999881156,14.242761890506277,10.769584930938327
2726,4.2196419398208755,3.908151444087191,10.830633616868134
2727,21.31972268047572,4.874409724961399,11.658228782263082
2728,4.1289509450958155,5.053590590814666,8.920248908237657
2729,13.770601133561915,8.952384035252908,9.396272302605873
2730,0.6701938937387681,23.605720121175683,14.21622235460698
2731,1.0975570487178865,9.567680229873025,8.887832244867333
2732,8.799079423666806,8.374435595741279,10.287025088040206
2733,4.923224918816278,16.483088968315197,13.935712037949823
2734,1.5511501186712713,9.632525930898488,9.984568318479473
2735,0.428460213881874,11.100098800085956,9.074801420283565
2736,10.277306204186582,12.957393513855184,15.791024249258738
2737,5.103912664046744,7.571734887272818,11.223650417607237
2738,3.201922789141114,9.255711684298202,9.859786372936384
2739,0.022227259072931372,8.917120874077293,9.260026348033856
2740,2.2536472199396833,19.6414246156206,9.117634073958106
2741,0.3318888133782878,14.465007761174865,7.955455119633469
2742,6.164716823230224,13.641708221291944,9.796555244098066
2743,3.3658577008906923,9.000964512816164,7.438299532402914
2744,4.522422139473128,15.711542135717357,6.36257615663571
2745,3.554796507307597,12.190551072319025,11.93591014726927
2746,6.423793615739092,3.8241789773318486,10.172901885020934
2747,6.052131933366603,24.062378199607117,9.672957154815528
2748,4.084732838517342,5.261318008790391,8.542460053278726
2749,2.627371826394119,14.851585963780824,9.881013196590477
2750,3.997231201043379,4.596284694166758,13.371686025827584
2751,1.5767781216323495,11.505857925340415,7.674059575195137
2752,11.393001984944377,8.745391748846865,12.405268786271112
2753,12.320734965978437,7.693057154467594,8.437852272347325
2754,0.6163410877949196,8.852751663710638,8.726213552460111
2755,52.60681560457252,15.132691256086707,9.615726968310305
2756,0.19801832351619825,9.094664123015814,10.18060432348102
2757,19.37527640899732,24.480760405447647,10.40105236680747
2758,3.9080537471476298,12.563200377914022,10.2316363517544
2759,2.555862812034591,13.774258294629394,8.466156422744202
2760,6.904831850268873,13.991544988456685,5.410328842759792
2761,0.12011017959510924,13.577610927835892,11.912512539302849
2762,11.702977989878956,22.420734623743474,7.67114865238689
2763,0.12166245611784318,8.178175378976226,8.298862164313226
2764,40.3116843603188,7.835298602116917,7.287047955847238
2765,1.205621289567737,11.835753939370504,11.629201421497847
2766,11.69477122238463,8.986543006623357,10.292402999895552
2767,6.8741186446905305,7.081923955516753,8.476603070846437
2768,20.014965852967556,18.935740904340708,8.428792924590683
2769,21.727140450171003,11.984124092178728,11.530525296516636
2770,0.13146775781846917,6.534257557140592,10.934870894451585
2771,6.022739581725369,6.985382992141409,10.328934907466923
2772,22.857437575641956,10.475588205016244,11.239665901418212
2773,1.322278439345201,7.919181124112559,10.503849623773041
2774,6.316015536545514,8.300062916520377,11.160238008557798
2775,1.4109367191368454,12.532772941976544,9.381952408599437
2776,13.2790780368719,4.275149157497185,10.397470300523809
2777,17.64650619588523,15.675806917606703,10.35275098298637
2778,16.600654601181585,8.001279014874868,7.89046888296441
2779,3.333097830052255,9.208431666399091,11.232423457330821
2780,20.66388909822051,6.702931523889942,5.397512641688306
2781,0.5787669778232286,12.091601509922636,9.026343620908943
2782,4.68541942130749,5.535040630552068,8.186899578302919
2783,8.403055928217544,8.466581802505797,7.477975601712858
2784,2.812848830154814,12.423661617476203,6.672290008932707
2785,0.92205604494045,7.143622518970881,7.949298171511723
2786,2.091124371953828,8.97162767616383,13.17563256678168
2787,2.181663321223835,13.691341081783388,8.061167731902358
2788,34.76232106228584,8.12716969422959,7.580744721169075
2789,0.05024680354431429,6.289257239810733,11.85322031293321
2790,10.345182447209677,8.07281552197443,9.54307827494975
2791,1.685245223725932,10.159176668386634,9.204275850010534
2792,3.1169834424411067,9.979557388638833,11.200296930678617
2793,3.1213619644127735,6.037073290796316,9.008028830312517
2794,9.974559120527694,14.477243390328372,11.244214552141107
2795,1.2308331104377364,16.44213341648255,10.451362901607895
2796,5.5099286624133725,12.064598752490776,10.959059992991609
2797,4.003831643301686,8.93276294267971,8.75224915505185
2798,2.3117401748024804,5.17528527958581,10.801353899233792
2799,0.37109377095165363,9.477388505103406,10.830080424141473
2800,4.787524215894868,5.1885208353116585,8.197701304440168
2801,4.989980336190107,7.011056389033859,7.576037693223126
2802,32.8755448344855,9.289181247316364,12.33120334893845
2803,2.406294919416524,12.05305241664287,9.960937970516122
2804,17.699686392973586,3.02318079558597,8.346931973844987
2805,9.23560546097474,16.091822089614727,10.462938527922464
2806,28.46900902187355,8.754522717404589,12.826589662856266
2807,4.774809826472104,16.49830660773815,8.558590688263699
2808,4.4129119247226924,7.7596211996151725,9.576665593563625
2809,11.913057315151818,8.182900477759695,11.358763762621944
2810,5.387415998843081,6.843626739528896,12.217566047404848
2811,11.145542761982387,13.250019760759818,9.671639957226002
2812,6.675684822015473,11.727919592766067,9.20086313029264
2813,8.741657771622519,9.449603785583305,7.363233288062066
2814,9.825186051980586,13.66672483588603,11.3520960373698
2815,6.146014524998536,13.781861588396529,11.194476677865769
2816,3.2094728215301735,5.84911428240836,14.801169021983672
2817,3.4918909943058543,4.610135176199184,7.146443940924446
2818,25.57058471966868,12.831026283582077,10.538997334688835
2819,1.176034932553878,10.74998240762459,8.835909667322793
2820,0.4114863458424709,8.163768600378228,7.6989221778429755
2821,17.042782540834956,8.951253708905314,10.003048336733775
2822,34.60903645913513,13.196910550613854,9.162601060859323
2823,1.373022602370764,4.0873999183635155,11.11844472406164
2824,17.87115903867104,16.148312266886386,10.791280704031443
2825,17.158142313341823,8.563524846993747,8.70470243411525
2826,3.911496727278115,10.274057549857355,11.004015351188594
2827,4.54725885121628,8.833738795105354,6.323914910918848
2828,11.468353033560609,7.3745305624696105,9.485435074192873
2829,9.137434265697637,7.768373613175041,9.638906493833808
2830,0.3274112590860835,14.080381263754196,9.726141296685075
2831,14.164746820216804,9.187926232194007,9.096280137172185
2832,2.8462115625028517,23.560135168115362,11.696548249706233
2833,26.949737731384733,4.916702606944346,10.22483721446462
2834,3.419941735175992,9.81371066313385,7.696731737653702
2835,3.190181566766544,8.864272773251644,6.390800607204876
2836,2.4729318113884733,9.200367337264277,8.274166170965051
2837,1.6357246534289565,7.022945319896737,8.193522974336549
2838,22.6502700271499,10.2636733492855,9.085333613171818
2839,5.927908692049862,8.62831198755789,6.76278427825236
2840,4.207194480722785,15.128831247501381,9.537978842849823
2841,6.750707896461662,8.249522973182042,10.047423066488376
2842,5.890599639796974,13.36050428515333,8.227593031912926
2843,29.472860748629756,5.253056404261615,8.916191974540096
2844,3.1592942961557746,12.195615567220239,7.04281662013432
2845,15.943147186251682,6.414465030232721,11.42861009128904
2846,4.463855953404816,10.587829767251177,11.032214418183726
2847,3.5359031598643456,6.741462788494414,8.410328717470636
2848,2.421201951482146,7.500202210850025,11.684123348995152
2849,1.08632184179479,4.513552873623168,8.23967122747603
2850,8.627421545804085,6.7874511283021395,11.290377228509328
2851,3.1730222113618543,6.952108355531697,8.766092217335713
2852,12.068900370950391,11.296643716165304,8.043926423524598
2853,0.7817705509664639,12.938542042884468,6.855020022976079
2854,2.0837011625215354,11.181690468535033,9.195748742791396
2855,3.1802509959218197,6.596826316092143,10.958498414947513
2856,13.020651434235836,9.61286787186359,6.694922910979358
2857,6.36422143909622,3.0555135577658117,8.827923588724413
2858,1.0559490830433338,5.666119043071759,11.803346830834075
2859,1.6553779094191015,8.55373853981315,9.955661846176785
2860,21.315002489222284,8.136954102320797,9.790683965099579
2861,10.438642194851255,4.624705350335027,8.965122173657322
2862,7.514127365751073,11.160771284153437,7.708803599926845
2863,4.1571173442648055,6.880937323378471,8.614220818935163
2864,19.648429851723968,16.143099984442244,10.28104046057612
2865,9.911320526603706,6.743056946852853,14.21209898231446
2866,9.730088254067727,6.622835203874461,8.55275989997196
2867,0.6308769424995205,13.809139814819583,11.414973802739834
2868,19.626120721136786,10.16784709070124,14.949319863400941
2869,19.766591248957422,8.643401865680769,11.260073013978719
2870,3.386667045849058,4.135848783506935,8.709143336343836
2871,4.57661801482335,12.575162598534698,8.851730071779702
2872,5.635651903638764,8.863756505270057,8.811033569837342
2873,1.6302159722357012,12.342518301877238,12.537854904766219
2874,5.310720036550648,6.188618086694598,11.77401596652176
2875,30.980259919052767,14.628277977796525,10.39858622017437
2876,4.108142815449873,12.005263934122791,11.907182624479818
2877,33.51398308570881,19.720860070185573,8.175039090169662
2878,12.579553959719409,16.788697315600658,7.763595696054074
2879,1.3685799771912555,15.588243879054778,9.563187829770177
2880,2.340992284717016,7.489823024679424,12.083632550227575
2881,4.6780351785853735,6.423305082267447,7.374186698702024
2882,5.5904128513222,10.319936527841817,9.531943935787616
2883,24.011370024736046,6.779108399083998,11.910900739113355
2884,14.24900428113251,12.513281442900663,6.436893394992533
2885,5.226274746196847,6.593622479242609,8.926917446760493
2886,4.75404730063514,10.280420945434603,11.748786962770506
2887,4.142609380220471,13.193391101351832,10.751139850265224
2888,4.1184732972138445,5.6041231883089155,7.6868915417356245
2889,1.5616974273018496,21.133673380325284,12.381267447766563
2890,4.00479898303207,14.77733388351967,8.32434205785894
2891,0.9331384033795388,20.2500445237743,9.707610166315396
2892,5.795912083227394,3.20474790498441,6.16557205427733
2893,2.5204040613263965,17.96366537960712,7.676644373684153
2894,10.493215587252342,5.520111560951829,10.687105985022798
2895,5.555980603934328,6.108663527702869,8.314733087229484
2896,10.893988340695303,5.370921643799967,10.280002854663293
2897,10.6071390513426,7.220090916794772,11.107623039622126
2898,4.412687241932758,10.599659649625691,9.100661824960943
2899,7.312035265417239,11.12356632523271,11.222604480853704
2900,3.729878770548386,5.937601930723916,10.217982267239448
2901,1.4486566122134126,7.934068210916439,10.125721150396366
2902,6.437401304244044,6.863921488266908,8.214742986573123
2903,5.522964670778353,7.418105323956357,11.116006211236144
2904,4.014387705240425,5.740293729268445,8.291921963053706
2905,7.85851871446093,9.504696867144506,11.46572036888365
2906,20.67471437318286,6.800252678256058,12.072202541150459
2907,3.3607678425819567,12.551775568511845,7.449098261833236
2908,1.4298126683905839,6.328333095244046,10.134290104660117
2909,6.8675210200399155,12.156302719454853,6.766192564617257
2910,15.715997092622663,6.074177382584457,9.867511918625295
2911,4.508299701675564,10.852290950532307,8.561868259386424
2912,0.4290289063598533,7.549995242686355,8.341436363180424
2913,11.593642525462847,6.062951561615805,11.273269322214023
2914,14.806158145767965,5.545002744264723,10.990915846837943
2915,2.9233929702044748,9.142974188385043,9.232924768046596
2916,5.374684460821634,6.8000437444777,9.63744938787455
2917,20.404860667008535,9.346442021665293,10.75734546319845
2918,0.3763924704630773,10.768362718688605,11.058556198311278
2919,27.866711614403957,7.785014411925273,8.17656935903152
2920,2.377769514907422,3.3428004148425194,12.181566201463065
2921,21.195166158353093,9.013664224717616,7.992007224405055
2922,13.097818494906958,13.858155463656264,9.782509896806575
2923,12.016147462876358,20.121818225180515,12.482890424448543
2924,4.845042431038949,15.917493027708133,7.865267256013014
2925,11.374144007531163,14.344231562317095,5.418306816107714
2926,2.687196783697001,8.58155683340854,9.82278583235922
2927,6.597123888061172,10.585258908967134,7.625911555054375
2928,3.7576859744660767,6.241286302393734,6.558684744399658
2929,6.6528626543024725,12.849400457154326,9.55112732101507
2930,22.8444205656313,11.598631103334913,8.655052814566563
2931,21.538272810673018,5.852068350378831,11.548863398262808
2932,1.8417837515865545,9.512563044793628,8.269292333206247
2933,9.75079050259663,13.828684246027255,6.512989406677676
2934,7.915109707809631,13.757395304842882,6.991301554521828
2935,3.1195300778039696,7.916250595918278,10.334270094051096
2936,7.530608621450048,6.154320824012511,10.605539676668574
2937,4.114504074091718,9.07056645120699,8.6267680994343
2938,1.873518538105015,6.284558135296213,10.389612239043895
2939,14.726357769063068,7.819192951714882,11.381847464369875
2940,16.043180884065944,9.32082610476819,10.82726385937831
2941,11.219898851865322,20.55098158859754,7.648894005342401
2942,1.4728405863390392,7.247137817785751,14.743731003310469
2943,7.569242337214056,7.468215748338055,10.456367470991207
2944,25.63494144515099,10.52188679632347,7.992435857815298
2945,9.284142814749128,9.327393587072958,4.865119995021848
2946,8.761408621242706,6.322840138987246,6.176927268251619
2947,7.196951193445923,16.83201376862523,10.8395357814974
2948,9.613415700734919,10.03866320327848,10.478404530007143
2949,25.729714537813326,12.281070112445276,11.719472044382998
2950,1.985164251163019,16.740741791830537,7.993135234429877
2951,20.939893155910813,7.749326889326719,10.996851723072945
2952,9.764303395345136,8.626445749182334,11.936281101243837
2953,2.4161814274181594,17.724134928857747,8.889006785971931
2954,0.5387351900930814,9.540926686568236,10.135638401014406
2955,4.163982597552054,9.745006291051824,7.40796521145453
2956,10.845546115085783,6.649723315652524,9.28853936192638
2957,5.86518355887147,23.741627704567065,11.428457573074176
2958,37.62938218797094,6.579509556550981,11.4184580336391
2959,0.11387505687485777,9.955204496455462,8.691877902148645
2960,1.4940449585336681,14.948532069064077,9.761357006563843
2961,6.650521467538367,14.19070904424358,8.65060790279042
2962,4.296386130483814,11.243487089334966,10.30812067360891
2963,20.19770495621595,7.331274339567486,9.408595639192425
2964,0.8671494126627161,10.901240767894574,11.2927421441036
2965,5.297540051493375,11.752626728791304,12.079235235611183
2966,1.7592957151178894,7.408418561156649,11.628966491679737
2967,3.1492600124996732,12.451482306974519,9.345070900663409
2968,3.047292659171335,2.1550756371653312,11.642169294216393
2969,5.449043908410408,12.831587519620422,9.244679919781325
2970,2.6701201098034,11.944024076604338,7.163014138874228
2971,17.767252422617723,9.186048022770063,10.902108345707878
2972,2.4666425719597656,3.6643322961005906,12.006661838243032
2973,16.2317622348044,14.593836981284738,9.687049385172198
2974,18.182310854057143,16.823982213412343,9.371532021534593
2975,16.833302814634866,9.985350709458372,10.570841297234375
2976,9.535200390456561,6.810383802722069,9.872793768899347
2977,8.698474554815348,10.571477465528817,8.450857732371075
2978,11.220404087857611,16.411403384882238,7.667112700750981
2979,9.755994980220578,25.538765478166635,9.881407351934154
2980,12.260524260244908,9.864005804829727,7.746341365397101
2981,4.8135572902157575,8.805641848094208,10.279580246116414
2982,37.71547034138824,17.214924078167098,10.69689624429395
2983,14.766054481891464,7.84364321963672,11.264098100089884
2984,5.434175070301046,5.847646428046984,12.43723009944899
2985,25.658683362353656,15.745847361754992,9.670501934650053
2986,0.3229990752526208,12.57251434810902,7.866468516388666
2987,3.9229669669815825,2.7935179108693875,9.310766270174136
2988,3.298059272758958,10.062512353689673,10.587340552063322
2989,8.941250353894628,6.794418302968159,9.356658344351949
2990,19.4193676340065,10.090172754414347,12.478233105066387
2991,6.975527793537217,10.365384456998875,11.698100436315054
2992,3.1050411844040853,8.028988016080515,11.403824351021154
2993,1.5544046407914571,11.1846000222778,10.979586144513206
2994,2.4810267315737744,7.714036759616041,9.356174042376265
2995,13.246933326832758,6.337680489728924,7.5822301797331315
2996,4.914057719063409,5.751729490168858,10.719169826438401
2997,5.318518545445714,9.215009909081848,8.882972332946242
2998,16.682076866167044,11.43698846446331,12.41127929939837
2999,4.023672422243065,20.690497458218505,10.337644082973368
3000,8.497491794768493,8.85235184723307,8.643867911757573
3001,12.890565995141756,17.981859193643675,7.1010954793635
3002,24.843556046950525,5.040800620808644,13.2409694395166
3003,13.040773103893354,11.842964408305487,7.827758731322825
3004,12.641481635500579,3.488971334681284,10.046037887951293
3005,14.607965309851112,4.246276252241678,7.005967930741898
3006,26.56599933433665,5.336895109476544,9.843631756399096
3007,24.107923416250465,12.031845561379008,8.156764038740171
3008,14.528389466997739,7.355017202537502,7.5312334515746135
3009,2.2918999158894033,2.8694711886619833,12.314866706605775
3010,2.7558115457544856,10.611450242081562,9.437912146896512
3011,43.95220296489202,9.943668320136732,8.813591214893204
3012,8.268353590468772,6.184449228609253,9.529985059319758
3013,2.8522076371089438,9.012295313928012,8.330322780088656
3014,15.952419420656627,16.49064765170681,8.291415128515654
3015,5.18661334985912,7.623266635525985,11.269705046777462
3016,5.120197896761779,12.606963653260921,11.259418548375715
3017,13.458897564624266,7.1553297587880795,9.266192257876515
3018,12.285037418145018,8.005716903528505,9.499823927761007
3019,7.854541577799943,14.247580747613224,11.26246402634431
3020,0.4962685669622364,7.002366849030652,12.7359139352984
3021,5.526480309315587,9.579896680124174,8.898774041567027
3022,1.2547345308972015,4.972136449999047,12.978997964979982
3023,2.7369180961064226,8.853420929027966,12.152388932110584
3024,28.338989130817435,5.865466097237066,9.770170390354922
3025,8.350286533542437,6.438672116864159,11.960620783209176
3026,3.726748312825739,4.977001272554449,8.91670389159608
3027,4.4476742059842245,2.4814192007865254,10.177791834650089
3028,4.948403612083181,12.147009316708925,10.447437833436878
3029,12.337334727048487,17.859078281118588,13.04208168031579
3030,1.2975477633611772,9.335422934236927,9.203649922527692
3031,7.086551731401639,6.450276959042324,11.01778411083989
3032,13.077376485365555,11.561387330992213,10.672637844580597
3033,1.4777856982741362,6.1115190041558645,10.329236352908143
3034,27.343223390182654,12.05283519598539,9.671197327563602
3035,10.833250924768043,14.909815786900122,11.106092840546141
3036,0.7794504575187745,10.87774142800869,11.011969389407078
3037,6.504808664816935,5.3317521870234135,12.292443297741853
3038,14.9671067817702,6.413467695612981,16.53866266606882
3039,1.1049421641591841,6.122273744018839,7.997899299202236
3040,0.12856040544207747,13.788584693173297,9.091765387164715
3041,11.775571525052042,7.843282680013942,10.732402565295732
3042,23.270423123890087,11.550795498650265,9.715582409235529
3043,3.1634148522593817,16.01714699347683,8.822324546104008
3044,0.2751447863977652,7.487000029825535,10.891048361917635
3045,6.318953965922036,8.953359153848142,9.199534109003528
3046,14.531519207928364,10.79614506131054,10.23543414935346
3047,3.031175695361361,14.814343501694736,8.685113602115278
3048,23.156959916238264,4.445382362005003,9.055574621094554
3049,9.18003865846672,14.048221562507862,9.829427248796666
3050,0.28855898134544516,11.368923821580843,10.821246073362877
3051,8.344619218387704,14.103447719368427,10.23113242740704
3052,22.383876993364517,12.58294733337232,8.629466932370356
3053,0.9269585066562458,3.2940558489646663,6.41881050270326
3054,8.25984675534652,12.732361704059326,8.395912500506183
3055,3.7075900304605285,8.08733049588001,10.439966533423068
3056,3.928350738721097,12.170869519353744,12.83370540134939
3057,14.081355502039925,6.476053265750345,7.600222367252358
3058,3.4988129092182074,5.836951576081959,12.737556410743169
3059,26.974742932186803,10.832503913015678,11.788968114065426
3060,37.78559517779326,10.23971415928899,9.193443301467536
3061,4.886065925221358,12.833653763297482,8.257374545103168
3062,6.64923847533871,10.875515141338921,10.64778346619147
3063,22.70468161775444,18.062389697425203,11.697108478975021
3064,37.09225381040804,11.028282352523961,15.433128339692328
3065,4.885138259730547,11.10045302138509,7.4396392803563804
3066,5.068112510093091,12.452698630063919,7.6704536174549895
3067,16.946579695442356,13.667588533240153,11.063373151516192
3068,7.125591388673551,4.99090219640003,11.042597047273238
3069,2.5640522992937034,8.479838941476768,7.415534872618139
3070,7.385615364690793,23.443613982790957,9.722728831340794
3071,3.243182201100579,13.073939314538507,9.64107393729816
3072,2.839253105912587,7.185563737504732,8.131187989991922
3073,11.767274090350165,15.728945195710747,10.86241305375234
3074,11.772904435715526,5.945367120573417,9.621875381470245
3075,3.1625342623480917,10.900910591100963,9.859815578827059
3076,2.578914544384198,10.927160411666723,13.157318704068455
3077,0.07388627087360276,17.71907584610285,11.788889571482573
3078,4.160963716896122,17.647735447960635,13.143422387799612
3079,3.559265650252562,7.95895566213178,9.387147297164029
3080,9.900264566540496,12.604404892832681,9.522862142482948
3081,0.8876337024595707,6.228613235392514,9.66888205355354
3082,1.026291136277008,14.085000646974223,11.807529838915396
3083,10.121303733024325,7.277198900488844,8.36169984171894
3084,3.3103029261375827,11.134618996949596,7.808088314054036
3085,4.610576406185211,26.65481880872586,8.148094513680451
3086,3.1989766061873084,17.05131297254424,11.95539851103453
3087,7.581650312269268,6.799809434731467,11.63646550676585
3088,1.689017860605321,5.449868572603876,9.438271755444251
3089,0.08352699102935866,14.602261144992926,11.608359745578356
3090,1.821385605982666,15.667032087537502,8.916034046772014
3091,0.40095579631688305,16.522713094958505,5.663666974019926
3092,5.462094588368001,10.95392384245179,9.047878658120764
3093,6.690148713951106,8.897134536275638,8.186965429394219
3094,9.039436489813712,3.4353496737570266,10.322564257415676
3095,0.14728922656299484,10.393134380416491,9.888049609853118
3096,13.712021329273691,3.3256368195829205,6.339620923084562
3097,1.4253156283698658,13.269451822166749,8.946344596093725
3098,1.1419829072581198,10.681809179449498,12.312077860741475
3099,17.87875345817023,21.111036900117984,7.24813869317009
3100,6.49652982632349,8.0982497546913,13.252595124031124
3101,19.588318686683,9.166046127272775,10.119019233937037
3102,9.726253071292993,9.67394541954042,10.361167132483398
3103,10.224281224178892,9.728120048014365,10.25060820858049
3104,19.743091302772743,9.796078053123741,8.708769120873566
3105,11.295560390161711,12.259840497492158,9.358687439423878
3106,6.982423943846798,11.417101176611604,11.874697201878122
3107,13.93252687916607,12.342030740937764,10.631176703663316
3108,0.5147207549416246,11.227342823453139,9.122667720146426
3109,16.352884588329424,7.225725445320559,11.589934974642139
3110,6.431494788929582,6.661710435941916,10.951901206851034
3111,8.128440474791132,9.929227040778688,10.727017340494836
3112,12.560374234960172,11.89423443281487,8.52534833403831
3113,5.38086185900532,20.686050638891473,10.173425835380296
3114,8.08085656153088,9.929121994925197,11.48414906961553
3115,38.0891078407036,13.665043657974334,10.280398192688669
3116,10.204663245697791,12.369931841131532,7.193195475781248
3117,21.419263385883735,10.199571467373449,9.253268031014636
3118,31.92030078419485,10.74787817068952,11.041578342166629
3119,4.677533055131667,20.357092248728808,13.3553557999688
3120,5.610426735194071,11.33093601252195,13.597207863270109
3121,13.494926511380188,13.610430172288082,12.017763711702763
3122,0.26785617660787653,8.227005807355434,13.918163710888384
3123,0.4557697957342781,7.438999398169891,12.214737183101368
3124,6.276884084207236,8.837861636600866,14.66441373216717
3125,7.2217914923948,9.973895945621583,12.460583514780406
3126,9.581365145270915,4.9099811840666625,10.958296771869616
3127,9.16503183324903,5.673442849802488,11.615419845315762
3128,8.814832182020735,6.668268452944015,9.032430128614038
3129,0.9662430714764356,7.9019357138466475,7.989023230160778
3130,0.21774320059097,7.6758383077415315,8.649777080461039
3131,4.4116405278852335,13.54956194918413,10.64868868563689
3132,5.304807922522879,14.04638921289973,7.261472817455328
3133,9.192444970034396,5.138972772666622,10.821860783338028
3134,8.085212001456382,10.789263924078494,11.280427709253503
3135,5.1748209507337934,6.734142978481533,11.419980580569534
3136,4.07073225976542,12.345886425583606,10.031498522196928
3137,7.8969365757839345,9.30964365084854,11.17687294774868
3138,25.90370711369144,3.47604816857372,9.942739570572051
3139,11.865308303254022,1.517361695310908,11.089977679313733
3140,0.8574981091287104,8.343465154368111,10.7967426962971
3141,4.237110357925424,5.858138608213686,8.957462114201721
3142,2.214248595260738,8.073372234598795,10.857380480531964
3143,2.8784277474338937,8.640802382568511,8.730967769828583
3144,1.1170601128511692,3.946272166972913,11.608258705492037
3145,1.5257569733089988,11.143787072532655,9.334322953630151
3146,7.385347178079796,6.558501215355028,12.328260851279795
3147,3.961277611746942,14.004445991180091,11.127496885731295
3148,7.999867315612264,6.114994080495867,7.039008746504722
3149,18.071240308026923,8.946297554739068,9.085992899085916
3150,9.526609932448903,6.183489663855284,11.91704846362169
3151,23.48481143711877,8.5078787850199,8.487713796712269
3152,3.1502168545263367,6.862271781488374,11.24909078173805
3153,5.2121825676045805,13.117849509256473,13.11639754773904
3154,9.740562696973406,6.511027509822332,8.525573361267059
3155,4.867335112529843,8.115757177500385,11.868464907408194
3156,3.166511703608724,9.585553992214397,12.158804526057727
3157,12.672869919936565,14.205619416799172,8.275043977761225
3158,27.839133306662458,12.65495494258779,9.84734101295256
3159,1.2301523016014686,9.53546206012047,9.438501072029561
3160,29.642902920616446,10.152590631191181,9.75589108208227
3161,2.9873020948739835,13.41119510872817,7.542843948154671
3162,29.937897560837552,8.009976666385707,9.929442237378879
3163,7.169619085772859,5.196240154590155,8.632702288032071
3164,13.560701771131615,1.6309069587077007,12.94675744297181
3165,40.40078098575131,14.638060430220301,8.621321099511047
3166,2.003550857021602,4.056978042733027,12.535326678654968
3167,14.354937491602383,3.8436630025157728,6.694182966067965
3168,14.070473288233211,10.816561176319208,8.850647834092065
3169,4.527187527350251,13.381545290660373,8.124076096380026
3170,41.5302301409594,7.438214425275994,12.332285944206445
3171,3.153625123393312,10.557769962807509,7.425556668535339
3172,16.59259852814844,12.036400594401481,10.271491049203101
3173,32.801259567504474,7.422225966923911,7.5894761947326215
3174,12.336437010021605,11.622770194687568,8.994711511334597
3175,8.968416689221689,11.128020401920603,11.706885704122707
3176,2.3902000005971593,15.136429733436097,12.105627551533193
3177,17.73769045827804,9.062167438777998,9.420591699043904
3178,6.825947687693065,8.880428053751094,9.855099358214584
3179,5.2724907465354836,10.36800947829055,10.921663879833025
3180,6.946190260996407,7.881448609137273,10.3587069995138
3181,3.0888436537433233,8.15803921217103,7.996804996211679
3182,1.2074623112592617,9.831835612682356,8.611360362866515
3183,0.364155262252901,10.456103430609772,7.658093944185268
3184,13.408878088949457,7.363779888865771,9.205887022201356
3185,18.502379163691167,11.220229488934887,7.611086340239618
3186,6.911204413677499,7.858104609801698,11.694218583532377
3187,0.8674020924877233,18.473945760125762,9.468532910853375
3188,1.5820451393504775,14.755974044665106,9.386482899988271
3189,1.79136456188493,10.873522659746683,7.336894065699729
3190,18.670047013589993,4.190426630537013,8.879978646902284
3191,15.258435678989501,7.066543189067481,10.449924155308514
3192,18.829994195055537,20.27297323337839,9.483903225811114
3193,1.8698223910538818,21.83681346574005,11.196036936864765
3194,42.38188191141688,10.8838682115837,8.92708111490675
3195,9.510399726177488,10.188220806091632,9.326178964444884
3196,7.328050342843701,12.390390886092677,8.79051440033075
3197,9.801845464242076,13.937619192250413,5.768078237757056
3198,17.178127535047746,11.80206321627387,8.16222390720713
3199,10.201640530398226,12.452873108712541,9.072365828525623
3200,7.5597334306514075,7.505160050683014,13.081276474212935
3201,6.327318846102578,12.417907846712524,10.942538231512632
3202,2.682432708320627,13.629666711668184,10.830650591627434
3203,15.711477658813541,16.377069551658906,11.151165344285635
3204,3.071123790472251,14.430103851610856,9.922503695011967
3205,12.864960863091001,13.911848063468671,10.483131230560735
3206,0.37742915312489733,15.501596836110926,8.010277784019731
3207,6.723549359704115,27.302599114850494,8.488020830818792
3208,3.786432994890734,4.6673300119203445,9.339279190906499
3209,3.2130313954780148,10.223106771524488,12.384457295528671
3210,7.619570849886472,12.508235191932217,10.465437874998758
3211,37.33275846369439,7.790955171670772,8.369997749968531
3212,9.454232560588865,6.62285761029753,7.925330433204345
3213,36.10420862763981,20.618838017826715,10.682501577546743
3214,26.0078283752549,4.512826161881833,10.36480661974218
3215,6.850145076478051,10.582221950408037,6.699482935230696
3216,9.6599831838925,15.521398033858038,7.8164702156962935
3217,1.916567497138959,16.067023005319246,11.397512053318023
3218,16.780485558986552,19.262982996638186,12.037726635185537
3219,1.5557834757194746,12.936105309733644,12.876010788724644
3220,8.612556046925356,20.011831206960743,8.142925385557412
3221,1.231040797629685,7.956693568132283,9.60566041014349
3222,22.892417764212293,5.1257831766015105,8.987435867173721
3223,6.929660710079244,5.449373079481841,8.923705107704421
3224,0.4048255121041643,7.9152252767145,8.10608326228942
3225,25.177969882379234,3.8729245816832956,11.640645516614097
3226,0.49450233637143887,9.671524346640876,10.630350376073864
3227,12.792695680248315,17.22196107420077,10.150226814893024
3228,6.627388922856282,9.991282477166072,9.062515301384373
3229,32.006005574453205,3.8860147048871676,7.937668233054715
3230,18.262841780558716,12.782981279490926,10.894827961357352
3231,6.63685584645926,11.496751104634635,9.466192951194735
3232,1.0958887006220226,10.015843111740672,11.184784342327152
3233,5.474142232981946,10.926848073067635,12.976631906205045
3234,5.399118109835654,7.633799261400948,8.976501055423885
3235,2.2105402746898153,5.870545889139815,11.673216414975505
3236,3.1092308136314566,13.094748457560328,10.783279930669
3237,10.10996200045785,12.818992833164028,7.803267776526999
3238,7.984281262817908,6.529771323302119,11.030763355088533
3239,0.03832848597126087,15.548643275082773,9.462206398629267
3240,25.16940215168813,16.117259656281448,8.554297810729114
3241,2.3575470516282895,13.05143407574777,6.564781833051907
3242,11.260790141951599,10.28128854917133,7.2017748717952355
3243,21.045181367981012,5.417697101291886,7.940797467539031
3244,0.2585456257856512,18.11848232508305,6.9382348917021215
3245,0.1893613041224905,10.191560464884788,13.489939595116699
3246,3.8922479794330265,6.757101210851149,9.271314272992372
3247,0.6807126297501152,12.302542688662703,10.399056970325356
3248,6.001064887389127,5.480785687189252,10.32427435180434
3249,12.177200457913761,6.299295157300429,8.534554931114666
3250,4.4494292686054715,2.7357437048124167,6.18684930201792
3251,1.8496769405599007,10.377883655741936,8.797736962277762
3252,31.40671477072843,6.460905048404955,9.467105874030294
3253,3.4883623120803984,4.148195985945814,6.671016496775791
3254,2.352112430375851,14.934436468831024,9.573747905925908
3255,1.8544676280270374,9.635345116927649,9.339356546822582
3256,15.758466178487774,7.317007894007915,7.758884588645489
3257,5.990024366294736,9.00759182009435,10.494733970691188
3258,14.551928599839236,8.866895823181412,11.316156265692705
3259,8.818676657425772,14.882487870651659,7.970280253992508
3260,5.546090971078039,13.981367032748631,11.432184710490061
3261,6.5888815698610586,7.036400161476156,9.544557850381693
3262,0.9734129643613232,6.125201164206567,10.593088016901813
3263,6.751845626550419,4.047281346285564,11.445409766930442
3264,11.873172342492207,10.279873709315947,8.2315399022621
3265,17.04353601225916,7.112414493614459,8.776749232408498
3266,14.027326374272912,15.313602642374459,10.772327201665483
3267,2.911738454476729,11.745305885937858,12.801038096843964
3268,14.87664376773198,19.91990828861011,9.78507324075287
3269,1.0710723422534263,11.294823551928259,11.49213461473094
3270,12.077875808830589,9.141035930197871,10.283449282244117
3271,9.429467008743682,8.783856189594756,9.988251845927948
3272,4.6960516481689965,15.578727048394754,10.008682237059924
3273,6.726942838306165,3.1976501139872164,12.887789525436487
3274,0.6005858911231551,3.3695234648231116,7.554100297086966
3275,0.8898103112556147,9.964007177263534,10.001372362142645
3276,2.5529601837034437,9.11801874430974,9.460471925062572
3277,4.894582688768576,10.55114134036383,10.164699820274786
3278,0.9775292763896726,20.24245603223066,10.108333641758744
3279,2.9856377579676976,7.355322590820566,9.042307045972644
3280,1.0470621368369577,6.937388329793852,9.26320860867747
3281,14.606592471544669,10.661540352365979,9.121579395980705
3282,33.75074466683023,3.8627624956660624,6.826886238795231
3283,4.177196228262048,7.319810552436432,10.75490666264768
3284,24.777096885389582,11.340607805791674,7.555462309020254
3285,2.9997689836667893,6.950802907491282,6.682876330472697
3286,11.77013160858064,13.217258804994799,12.155220593848448
3287,5.60008462527287,4.367015375443633,13.584213656118754
3288,13.2538262737985,7.345994061077478,11.151193342025815
3289,0.29804191946413877,15.001838192640136,8.317890586267714
3290,32.204239595921926,6.698708734785451,8.390256822860712
3291,18.260161971557416,6.9353234402337876,9.120918854886733
3292,22.372822111747197,10.712351960252462,10.3633497554663
3293,13.391519127343239,4.737047719817887,10.594321440454332
3294,15.27891090845034,10.790547969132158,12.012660906621381
3295,13.14645278163613,9.640577301954753,9.122280451499272
3296,10.3709781131578,10.995800445763596,13.396376083201671
3297,2.185893354701596,9.61315168373266,11.493136711355119
3298,25.855713576775372,5.8202264387778,8.619895960553391
3299,3.152086977552327,9.278669487774815,9.02596523939847
3300,21.279154126367445,5.991188126812803,10.504184166488015
3301,3.920287128001596,7.985210698008035,7.149427704398642
3302,0.031533159615670964,10.730596524717994,7.443933152424651
3303,3.003095558104598,7.274669242455782,8.507663395917923
3304,13.326204960653557,12.96186267894438,9.301456698039656
3305,3.654696151648329,14.14998592863692,9.52890635600139
3306,3.912500368275263,20.33533696796848,7.345333252629103
3307,0.9918594138460304,10.271241005440213,13.081287576089892
3308,33.26425559211793,14.879627994097442,7.839513518486425
3309,0.07619825706622836,6.862876651373689,10.324322993253706
3310,35.733638557017,20.5596568555163,10.21022508470858
3311,12.143241065761018,9.55173167212938,10.03121327133026
3312,10.37949386643418,5.931913847635653,10.053720215217144
3313,1.1548349345626268,5.010187121536495,7.865125881774925
3314,8.811277583163582,9.49433642707741,11.024175707914965
3315,2.3908184715674796,5.889482913630403,12.378740213766823
3316,11.65237648460611,7.525991019302137,12.568324504552013
3317,14.611862401458115,12.023371583419651,10.053990858389792
3318,3.2659675315476027,13.962752750385906,7.156981496825719
3319,15.304829893483642,15.158966737345276,9.201507696459988
3320,4.176203659520706,4.9442629117136105,7.27575442624102
3321,17.72658030108512,11.066267067922718,8.003121802436082
3322,2.0805807841065707,19.595097904361097,9.366957654400517
3323,12.206481770437163,6.243236929798337,6.472628181079088
3324,26.490193666435488,5.579815902072536,9.430691523661174
3325,2.313271736601977,18.193789332957753,9.069797138485153
3326,13.42686298249046,8.306572994736234,13.408350016145784
3327,1.759193590531812,5.758555518953754,12.25646001517265
3328,28.830034960012767,4.800118715768416,13.820597706924918
3329,26.33755013256464,9.68480388660083,11.192625249272002
3330,6.702446148871002,16.590409579998852,3.9452805115738574
3331,3.570190857818523,10.657643410796023,9.246568955808211
3332,33.547225520947265,8.009232294085825,9.883087236301188
3333,4.6988825381908566,10.7589967671613,8.003759039139949
3334,18.00463385134192,8.205739042049697,10.392713974081364
3335,1.921039585162636,1.1414294814194768,12.154509832388971
3336,6.975401133326384,2.2823061663536492,6.787306412971052
3337,1.5074707210040534,8.612055359370503,9.198824794833419
3338,19.96608053762441,12.64965289987165,8.319882968664603
3339,3.372805579958831,11.776186062492627,8.219662111483002
3340,8.067143113819787,19.530542308527615,11.899292596107022
3341,6.113818490167318,14.490916445072253,10.30467566873916
3342,10.729821481699668,12.244263694493146,8.994403650406106
3343,0.18503546763108217,8.001347575019487,10.101053813502139
3344,20.98200919429863,12.780893911099449,8.071753242741867
3345,14.421251282138524,2.5548220167568347,11.147636560545656
3346,3.9067333701309104,6.547915453981744,10.873215229333914
3347,2.5754303074297735,3.438843293899093,12.25941947480542
3348,0.4030504728205731,15.44482389209129,8.337187865492979
3349,2.1147839842101526,15.40904055623931,11.304685617564255
3350,8.495659237940018,3.7895190068414344,8.709729908246084
3351,14.42074074239463,11.530412064077648,6.505797481876451
3352,4.171373027255275,9.798731349043944,10.862598603582379
3353,11.420712632105367,15.973423548801723,10.76968635363541
3354,5.823944726746635,13.36510175664994,10.768177467161236
3355,0.45650196437601837,12.092706182918425,10.529000291948288
3356,7.892230849250341,18.222430050710933,11.834373894736165
3357,4.410041982613002,6.290249892653534,8.96983399565134
3358,2.8112155068152567,12.618600240833864,14.462549539144682
3359,7.729568489704364,8.914877947097382,9.663237816890208
3360,2.7004711195347277,7.350447500355179,8.57525866984048
3361,8.736702199878957,11.686567325083615,12.684825836491036
3362,0.2774281359482219,8.331277561241434,8.10718535948655
3363,16.347069401768827,7.719934804692525,11.297700420426933
3364,1.046099455887286,6.3934016106488345,9.589400017063998
3365,5.690852282845098,7.2934515710454395,9.021575201987144
3366,22.483621502556392,10.221229417124402,10.276262283053399
3367,35.25443960444352,12.062244075975276,8.027908636280552
3368,3.712757040938625,13.524444157901012,11.033651103395723
3369,12.532549153238861,6.9593167755491,7.672951722265088
3370,27.522418935854816,16.682839477860945,11.089388357008414
3371,0.12727864116514534,14.203477405838957,10.42308514244138
3372,5.598331889925242,16.18794098152123,7.858559027093772
3373,10.221999331219562,10.91897999385741,10.00602353813739
3374,4.915142563868171,2.3001071948273677,10.712919130574665
3375,4.999893395463083,12.4199775839749,10.380849433956907
3376,3.5078044407201436,4.624341280834478,12.841722194746922
3377,7.30816702050709,6.316784345075998,8.67084806401167
3378,11.974664835913998,12.639148522416821,10.41997134765863
3379,22.092244525026658,3.841061073223705,11.183926965054646
3380,0.9453463100560175,8.61811434876411,8.339464730480605
3381,18.29810293217982,3.5932354780328715,8.857116195966414
3382,3.065654189617272,10.0203651610565,10.588759776633108
3383,15.76595220202883,15.29709333137794,9.116895282238414
3384,3.0891768957650165,7.719601039257912,9.827399013650929
3385,0.8238626452762934,4.718942681658104,8.054276746924163
3386,47.402724604813216,8.832914398592631,8.470933078357904
3387,4.778049246342189,10.010224830067884,11.465663489156496
3388,25.518253600677316,5.9605248664942305,11.655534712184142
3389,4.610350387519066,27.33808075660311,6.761633465514313
3390,1.5017294684321487,10.137543598650131,10.085818069297185
3391,6.967965556616831,8.125267477252235,9.44499876256763
3392,12.239573279062336,6.251289026923077,9.392197097438416
3393,2.1510026155842468,7.769870613028575,10.411495938542815
3394,2.75087065176974,10.989223546841165,8.844506159415477
3395,15.535045597957115,9.231346540858539,8.586730699032824
3396,13.885820120931701,13.13807325305251,9.51116162401634
3397,13.899957502542772,4.357153015485044,12.338924991955976
3398,22.23928065600047,11.9457015293951,9.119552526238762
3399,8.590028608173226,14.084706839643266,9.1735793650954
3400,1.2814769634313985,8.227560002170943,11.307935005726433
3401,14.092062127627473,12.34276253887953,7.783918384370623
3402,4.120573113424704,6.471770387316947,9.74846551833714
3403,10.2359775975591,12.16006182703464,10.40649374598575
3404,5.629209481851297,3.5199611848620607,8.47766094169724
3405,1.846829947231209,7.369266649891317,9.006962228611103
3406,21.646469616760324,18.385208443338435,12.249942059222187
3407,2.3764963860472768,7.808276648562071,6.976941774320638
3408,0.6615934069670094,9.482370045509636,9.037577124941834
3409,32.89916263012505,5.630358619220017,12.595828434058557
3410,4.339289609647405,6.007566570512351,9.741697479316176
3411,9.738137728408635,7.212501076570693,8.92849956955002
3412,3.631460740904493,10.830468200813064,10.496415589786842
3413,3.9309353069575397,8.555242994626205,11.727625180515746
3414,8.605286116732234,8.135310282612405,10.322055418077882
3415,9.179050079700154,16.562994622948906,10.167904685065123
3416,6.62900181812161,16.55325392609753,7.063398707768323
3417,7.741311853324101,13.142839607294338,7.835560451839343
3418,5.706220063145159,11.635200449523873,8.773946641556522
3419,5.897647028065924,8.976068651568644,12.662139102551576
3420,2.312826915208561,21.949441885383358,9.956266573057825
3421,0.10439267993022268,6.173526846732154,11.227142071157964
3422,8.008395636935317,5.301680829156889,13.057762454825697
3423,9.458497334997707,15.291631013099693,10.751119993777479
3424,2.9217224387081613,15.769312125269433,9.055881717281476
3425,1.8058988738564012,8.884135066247953,7.071920048310727
3426,12.079431904329365,14.774326508436591,8.467587724436363
3427,3.4714535856240833,11.18292763472939,7.968440767488187
3428,2.9285873420463364,10.759084104583405,7.106850769056848
3429,4.068527945123154,15.617883299570599,10.580458489477488
3430,56.77117166822671,5.928373133390801,11.129082290707904
3431,6.635290202894795,10.8314963253599,6.608520907225574
3432,4.029503974818813,11.224726654683414,10.248743455779763
3433,0.08316701170899223,9.951961935710472,12.478405889079925
3434,20.448769176685147,11.519567851621916,10.602925490648175
3435,1.6669020966962456,6.960693240916579,9.00309892877007
3436,28.08696647527569,15.374575366662594,8.297936673765006
3437,47.08100336341137,5.088814706387982,13.974253525150857
3438,2.297526622072966,17.12513634624292,9.614190480703586
3439,13.67614873843706,9.168059297842259,8.025200033157285
3440,1.140097943846323,20.70466366245009,9.629288024785426
3441,1.0630277352456579,11.410875129802626,8.636940971949166
3442,17.729390038721235,14.806846168005759,8.859549921139415
3443,1.6892799367229674,4.48445809958656,10.099150156793108
3444,4.227549824761796,8.172625165787611,8.930781018244687
3445,0.5963175001570697,10.649721816593997,10.82723341591513
3446,13.526240076887436,11.61464947653747,10.876335134709276
3447,22.23659484836479,10.62923744263244,8.880175425524241
3448,6.326286463358139,8.826253127200072,11.04854832468186
3449,7.312750404213021,12.062993320917787,6.940336645187542
3450,10.665735480630275,4.504187151174404,9.806147271291309
3451,24.13789041230376,10.631728048129384,11.242286026762972
3452,4.843085254985159,9.71643487964624,8.019058610040293
3453,13.017970712750083,11.389691816610762,8.967928468349353
3454,32.27333498792542,8.663406280034419,8.287454063227896
3455,68.37500495356065,7.546034447361417,10.2704626609885
3456,28.89210932230532,10.012089389992967,7.523084110834408
3457,12.820007165459186,9.580328577029231,10.494096045265392
3458,8.147992908386183,5.546060714077068,12.417708243592282
3459,6.039997316764929,8.036635287523065,6.482111807765933
3460,10.074216842148385,9.998319067942646,9.356637355486006
3461,13.779754774827566,8.616488865825238,8.778561253029432
3462,18.65776542382708,18.179657541180152,5.259914730924273
3463,15.116947291888417,12.416396790041738,11.23322524142114
3464,18.42075567790356,8.794711421967106,8.04814433308423
3465,6.36689512066821,4.12986688007525,8.856526930922291
3466,5.100171594391598,9.923797273137087,12.5311535800779
3467,23.083986987319854,19.046546423174142,9.963018084837309
3468,0.7824686809959072,8.895934334627633,12.13572714625919
3469,21.12547365872004,8.706321481028413,7.278729463818934
3470,1.7314977458947083,8.74838093762798,9.530033384091508
3471,6.895605902914787,8.596844941581576,12.171544152393675
3472,5.757380011343645,19.959223285113296,10.469058391492787
3473,10.687382017914084,7.10106751582605,10.548336060017103
3474,16.666772885129387,5.766017392056275,9.082189816764522
3475,8.627067538964623,19.87702330659858,8.387052815987825
3476,1.3202554841442928,12.97009708682881,10.931952781643092
3477,4.7287497362299,9.572717204331797,9.649619830889504
3478,3.8643470875768324,11.7316345035732,8.76679000584713
3479,1.3902594492907931,19.513689467184918,14.461194598062974
3480,4.2786678736470725,6.515865709043242,10.048555763315786
3481,3.2553059479469324,4.467856201518547,9.278402043939087
3482,4.999274537466286,15.47863213652598,9.641593721485162
3483,11.337836782809713,16.63417678518261,8.558602282929504
3484,10.388730157682197,12.778279784334199,9.923562125380998
3485,5.775048954169099,15.530625506806235,9.853206999668068
3486,14.617316555437434,10.066470941770113,7.993485652528122
3487,3.263249657622579,10.326426388125077,11.082068469381515
3488,24.586643718418316,13.62867419379414,10.901738461241413
3489,7.056703397443649,13.066769728833554,12.987414537987048
3490,1.2964824883871995,13.280214983152737,7.491175658332101
3491,1.8618012879274464,8.838199165466738,11.552648654261391
3492,2.277013653504084,5.969930094419837,13.636666391512897
3493,15.512166102975028,8.681181227959224,9.278437705808829
3494,4.2929798329305005,13.502630461573753,11.417285749882579
3495,11.131589372374169,3.2141656293531704,10.239385280121109
3496,0.7830581793436865,5.914938934864481,10.314051753650984
3497,7.752013219201761,9.201680348578416,11.209719234164943
3498,26.86953317318369,6.565818609424179,11.285508077302175
3499,2.640277999245595,9.046912427179887,5.785554648549091
3500,4.696029265543071,10.549209292157062,12.506161569259312
3501,3.6188918884920898,7.861549885709998,9.72378136161672
3502,5.505622799585501,16.25846125415736,11.993354741425007
3503,3.290287255732676,8.484885238080563,8.833713019041161
3504,39.45523181346599,23.05476193440089,11.51699698844524
3505,2.2660524936945055,5.545238439310349,8.32418659221092
3506,1.91520289857998,12.499004743301443,7.14994130897407
3507,3.4995940172444633,9.501109137853522,11.111215519105095
3508,2.511005732360693,21.134549124505646,10.323080944739873
3509,0.27900692583077547,6.850544937292144,11.324274925742689
3510,0.5312257715553039,7.656805241404745,6.781455191239145
3511,8.864275121206925,7.73064738673884,8.96453236516324
3512,21.79205355345423,5.347017536034961,7.087381218319343
3513,19.280570420635968,8.290311316235117,8.28250287029621
3514,17.98188204112559,18.950631855154562,10.008554805667464
3515,6.838445204979717,12.028868548275197,14.03894602798519
3516,48.18263890490152,16.10556338050445,11.079367642502879
3517,4.365159556901744,14.275540943579387,7.472286592282549
3518,6.666193458408515,10.760600556528592,13.407405688582092
3519,10.463547981861403,7.596896720904229,9.322807525691616
3520,1.7446721485253371,13.442592383919683,9.623061769867066
3521,27.02435256048127,14.278798105004242,11.750773360796614
3522,1.3172565808603405,4.096567115691447,8.73610419908569
3523,0.6569678262164711,11.772699342204291,10.638237979552441
3524,35.369638771779854,4.37585687549536,8.634573494177094
3525,4.9106381125679786,10.255035579413098,9.668552351895688
3526,24.35318559105767,4.216644475127058,11.190472190587425
3527,6.70744065925945,6.377297636315178,8.83191497366458
3528,19.63438543652044,8.526236888297696,14.206993934284732
3529,14.963800162267537,16.100317233430054,11.409831426681336
3530,12.050892342258607,11.64940379490003,11.471543240211444
3531,3.700486253679666,11.7878567334246,8.768046624113474
3532,14.35969300058177,5.947668804031019,7.993523404677617
3533,15.323010848096898,18.257667409768203,9.310765242831932
3534,13.709990292712986,7.201752924970657,9.263689892857554
3535,15.355577345103805,13.425760476141368,7.984610332187533
3536,7.495674737218817,7.324914531432114,8.687746806622995
3537,5.394811051608463,7.346446536578023,7.922072883222208
3538,3.6918373962973763,5.289614167239842,8.473776845258739
3539,3.756397506799374,6.779656950931748,7.761113613069081
3540,15.208016626332023,6.019608215612602,11.01302577948721
3541,14.309847994813182,8.405653374226347,9.681852606466215
3542,14.329450079497411,10.98906909938373,10.998850499321097
3543,13.637411510597484,9.97059224905424,9.956878129469668
3544,14.385145548642567,14.812374703629064,9.836804742623594
3545,15.811927885004383,3.5971953732511563,11.54889249102381
3546,17.049366512179464,20.64371533276676,12.24551159872997
3547,2.2319437242413507,15.91675319967509,9.855247192518998
3548,3.6982472561373463,9.535304828750405,11.334590006783786
3549,2.040376268855762,12.720463459617799,9.432680519637023
3550,3.542409474505072,14.150997299097563,8.765900108660402
3551,7.377774548157154,2.5588858299566177,11.894472674568815
3552,25.49376261288949,13.539183280278262,12.940568729594096
3553,1.8729363706844262,6.237629548880259,8.253383315143399
3554,1.1254294309793005,11.081705581568297,11.099061839933027
3555,24.834233248280917,9.964937248294016,10.333525165209466
3556,15.763532254257939,6.650575764719093,11.955065882924528
3557,6.364430606952564,15.879787505035443,12.55438351553696
3558,6.44359371187492,10.575798975116737,9.122827145194945
3559,1.0362705245920245,16.469520729774025,12.154223732748637
3560,13.908513750193409,8.994520658174647,7.576579870491597
3561,10.193426320786145,6.404427103697008,10.968716122636096
3562,11.227987835633026,10.780640016831093,10.43373048501693
3563,3.569117087693766,4.8811045096907995,9.422430669870655
3564,34.8006445458451,16.701240172156538,10.358654877738303
3565,1.6522977286084708,4.867422726107854,8.908802413051633
3566,29.397252325795744,7.350657297631971,10.248710618137277
3567,0.34978281898299685,8.554264050170769,14.159311161191374
3568,22.28974676569825,4.315602402954807,10.406185210127706
3569,14.664647498836514,9.715887137867176,8.069252666050552
3570,15.145109918854569,9.5109524274516,8.606297396685909
3571,19.519011854542672,20.46822323150669,8.772728991886957
3572,34.74880633416325,9.124580833571656,11.825222824942312
3573,15.776624353160251,11.655475141176968,9.605383912390634
3574,32.68778828423977,4.27813846894288,8.958583367873977
3575,7.488282266847439,13.914746842109253,9.394290035205541
3576,20.153519117163093,7.725343655948554,9.921990271403281
3577,0.9107984284739525,9.215070116862476,11.68232074681997
3578,7.309478918696055,6.818742571792922,11.900893014955667
3579,1.448094552898951,9.89851247713971,9.673887746017755
3580,2.8097826029215147,8.85232133326453,8.390757856579569
3581,27.28838545220044,5.6045412920769095,10.070220805655408
3582,15.477205553699456,5.548506116800895,10.463434511765266
3583,32.87698564231806,7.680767629087363,10.52363172366808
3584,19.84756022789935,6.91520611288698,12.74759425867932
3585,11.350794967774313,11.55590272758916,12.327501406264451
3586,9.780282096446415,3.8503322135441707,8.99075328924924
3587,11.290824029859632,5.460916590977073,8.797753009751178
3588,17.715643865047316,5.894235002547285,10.889722727347221
3589,14.567769734786266,13.981210496887803,7.516694207247549
3590,3.4787135587015374,16.093700672089163,9.27554836910115
3591,1.2192244801987966,11.396530701365512,11.536423972307611
3592,5.315102986786527,10.609688396722083,7.444594594932354
3593,4.676288476016343,15.847598208652741,11.991860560042356
3594,4.02987854238784,3.3853200931054888,9.353627705406067
3595,7.012262693257155,13.952762482229497,8.953846800414548
3596,1.9189817369403832,3.1697634220614135,12.583384933811661
3597,15.170366833286343,3.5189106701024477,10.179641274340446
3598,17.51724865892471,11.01347573575142,10.571100949270688
3599,2.5169324031472797,7.828276485656208,12.482954633568601
3600,8.129775494537286,9.488954848579525,9.299632171277306
3601,15.20203558670825,3.8852478069257024,14.381506863844754
3602,13.934323896292376,13.564191247903043,10.382984508579597
3603,6.4013839672241,13.330254162835336,7.586629777623949
3604,4.8179381234496885,6.471744016033183,12.983851944965611
3605,11.183050830553398,16.042475191418568,10.702129881203613
3606,7.709868533004967,10.429959221100146,10.649896487607489
3607,1.8033844790657854,9.48228709477955,8.564613444238322
3608,8.969899958790801,17.365020014984072,11.800192318816716
3609,4.041831088764787,5.215367447455034,11.302068711432545
3610,7.313802125735296,9.898929228366862,11.02444606010924
3611,26.588786912000764,15.239085992935937,9.989770017694106
3612,11.703141829584979,10.528084677104978,10.3178097547986
3613,12.745778007348546,6.6333777203320965,10.556807402198825
3614,0.6755091849964776,13.5160809303011,13.83140636340105
3615,9.644822166984289,10.970909694402508,13.690206907611353
3616,0.055409112947862244,9.970365803765953,7.768873645040893
3617,11.997872912760679,3.393634369952962,7.6363696965431265
3618,2.53622418611142,5.890579061476271,10.99902447386967
3619,6.743596510642639,20.23031969888329,7.242999998797341
3620,11.069483103589555,15.735468719348372,11.233924408834762
3621,1.2401163328865024,10.903681852589546,11.175929227656946
3622,6.234677720130044,8.705310251748118,8.110622526894714
3623,9.75473099467576,10.571978193550624,7.9604182202263125
3624,10.757491224635897,9.131679775621933,6.7116712723695295
3625,3.6233025750741454,5.701608133472838,6.8100249247430025
3626,4.6089151607353775,6.771317668140917,10.121199865958499
3627,16.906370706945626,10.544333208637063,11.648680629255715
3628,24.377773249515602,7.823876590301566,9.4766777203902
3629,2.548535880288099,3.0687050170020798,10.621650226313147
3630,4.561216048417273,8.92114607665644,7.5972110061590366
3631,2.9911170533451203,16.001411267826533,8.983390790279753
3632,4.626316871160721,6.945995820725569,10.027682692750084
3633,20.029153058473838,7.338683440936363,14.230029129318906
3634,2.0350374573339325,27.48722565980455,11.368101539159126
3635,14.406766533079045,4.056384642703388,9.50802915971028
3636,28.38209226850794,8.812260567546279,7.6960829638758215
3637,27.68901495313717,21.954354445720995,7.3801315883777265
3638,18.733021817996043,24.261056859405322,9.020146839997432
3639,60.18718804443794,2.960638085672575,7.309677434488285
3640,5.833549050427869,7.282303633429686,11.02114176966237
3641,3.8569166839511864,12.218098136582977,11.559336057660257
3642,9.467963836713476,8.305734967882163,9.691362037289757
3643,26.470067681781472,5.281778086504249,8.183616772820473
3644,0.5690539278166399,6.69507080588007,11.627178701685098
3645,9.486061131835152,10.433213588036859,8.505518011518395
3646,2.5384049281158187,8.961161186083993,12.01892865956547
3647,1.7076815865919943,21.962029202175884,7.696904101695164
3648,4.1385393484014665,7.761131688492233,15.629678882276558
3649,2.217515595283278,4.480492452100293,12.45673885937286
3650,18.90968104143407,12.125912072590847,7.788985113434364
3651,1.2288622204914808,5.888349735115407,10.966231762391464
3652,19.49638359038027,13.991355513240947,9.572134351645202
3653,2.432517909078559,13.268021465011737,9.891223281584347
3654,21.74278262012449,7.499605982392747,11.799361117672467
3655,10.554284267569338,5.085454641810937,7.263484212419408
3656,7.178804351987143,8.872762823741475,9.952976740368484
3657,3.1049892542639403,8.466565156845203,10.99209354299361
3658,4.772913645640844,4.615359328146197,9.596241066464355
3659,15.903889705347433,12.410275332274965,11.076375918820277
3660,1.8034069325895625,11.571860686595661,10.193804991941947
3661,12.983470831174,4.727870248430865,13.8635233649721
3662,8.439267361159132,5.847376224239733,11.253031870434235
3663,3.7143494582233165,13.319396143431078,6.988129503299173
3664,8.673524302924841,12.298075541079546,9.91125197069109
3665,27.43373924059026,16.745967633429807,12.217932862968222
3666,23.508916418139155,10.499587345959256,11.544297022100316
3667,11.613844915952287,9.948759620500608,8.543062648681804
3668,6.5395489160999904,9.291791576937667,9.658759289239025
3669,20.5949251784962,6.941420546780032,10.322529099718812
3670,8.176007855051253,13.850271229155137,9.662771400397256
3671,5.674556368564773,8.964424803167791,10.321307293926559
3672,1.873206829272615,12.73239791977751,6.593581354415359
3673,10.588367042333761,11.409392261916263,9.604850196593363
3674,20.75451353458261,16.321831853492814,8.209064119966957
3675,19.540576035395887,13.163512866783396,9.808016097250746
3676,1.539859253992566,14.919471166175711,10.468115131663922
3677,1.847944761690875,10.63890722284647,7.421308059896093
3678,13.030888395518797,10.557093045730458,10.369750015657138
3679,0.3677120023891331,14.65725297822205,7.603209156368653
3680,1.6729612907628078,11.164908087651138,10.931622121848562
3681,9.594220835632008,13.891045627098634,10.00243348744645
3682,8.167856650176534,10.102638851199005,9.735427419071444
3683,0.8382379402121746,11.263149082664105,9.057266343047763
3684,3.557398765579004,6.986056497500918,10.226479649394763
3685,7.4322714583262925,6.221175643233272,9.619364103348868
3686,0.5601541481566791,13.976046713431447,13.58186819284424
3687,3.469229410964639,8.116854078533763,11.132557427890585
3688,0.9495679049831498,6.280312421380782,9.74654661756203
3689,0.1378463361690915,7.324066898837782,9.816479340479932
3690,14.224353537700493,13.749964558440444,8.168632749840691
3691,6.3111202436979035,10.051045875902199,9.13823318490059
3692,6.9381001553691535,10.276237769315474,10.735993015967997
3693,8.831676490037573,3.954918159648739,7.139824223978158
3694,6.4067024096050185,9.885190093665685,11.13132290810082
3695,8.935104057316874,5.960181319837625,12.94755314436722
3696,1.5469125151015917,15.444777940431962,15.410505479570213
3697,20.272551601165144,10.335788826505697,9.00677569832632
3698,0.6711481021898058,5.03759936555104,7.4943429735082105
3699,0.24485932527888826,12.72218744287116,9.493168944325275
3700,26.3354863961809,10.141710164925186,9.678206584246617
3701,19.910174425527707,10.21716137337697,8.744134334059304
3702,10.809447253334566,11.171632169208184,10.704770595860444
3703,10.716143095468846,7.15476900666386,9.81782822947253
3704,1.3197022763701307,7.993687191517712,8.848635365087125
3705,4.074089066812015,6.9679739288626745,8.823335709752918
3706,7.8707174122051615,7.581369366500724,10.005805325697274
3707,11.247887828497879,4.82713510440416,8.91527214855955
3708,16.798796163080766,9.160171424899637,6.47072776450406
3709,5.249079671088815,6.809708559208204,8.441941968351513
3710,12.483984882508043,6.413924062963649,12.17800837739066
3711,23.649985724449778,17.872118289088842,10.503072454542783
3712,10.814490561339984,9.861018252568453,10.809995296133955
3713,20.60167628442015,8.321760454973305,7.554695335530239
3714,3.7299403792655004,13.924230765815754,8.153355688686934
3715,11.207263038337675,6.82205689043098,9.379878109324856
3716,0.7043269258530516,8.581917837529648,8.520135847304864
3717,7.575605947771349,11.87022816862657,12.116820613061002
3718,1.5618897388232245,8.173995887216687,9.993845875477085
3719,1.3887596731487073,11.74312327512028,10.574871932520843
3720,0.3062362980046769,16.415913870308543,7.208976834349853
3721,12.185267881930283,11.899446897621823,8.075188612309384
3722,5.473565539505003,5.182735912623611,14.684249197375348
3723,12.703550462407494,7.446008566634717,10.495616060839627
3724,2.631326462169036,8.887104430094134,11.409611725092226
3725,3.4778957409557245,10.922531616402958,8.394283953157254
3726,7.911092358100951,5.174840064571109,7.048244439544978
3727,4.056894279441547,8.242452491035447,10.526937384301014
3728,8.08183464435382,5.71495711417666,9.82296869281722
3729,0.1259322145831532,8.617584802186622,9.507201867958969
3730,8.538573941884051,12.533787171831484,13.036523718681547
3731,15.149030709827755,11.90317332515004,9.063073197046608
3732,2.150314449034911,13.33873534131784,12.367818673592556
3733,0.8080335993538963,9.236967007811014,13.599503484205492
3734,0.4680632972184926,6.878447332713388,9.330487347125349
3735,20.728884926074766,4.418985903989581,10.980456633980905
3736,2.4542697387197174,8.52467118554567,10.837819411762718
3737,19.438933473374462,15.883051614806494,11.571161907516581
3738,1.5862192091500231,6.659808465785555,10.835163804578356
3739,9.327410662700155,9.023619850620534,9.944113825074275
3740,42.44224269386402,8.589575429400673,11.948654941043392
3741,1.4930994313243269,4.928907637564231,9.008374676882182
3742,9.786333151785836,15.490557015074753,10.069506246388936
3743,14.621432864918093,6.593941171824848,9.583318168508983
3744,2.1010638853397916,6.908246568399393,9.05522857140409
3745,8.212238601467892,6.3512545309043364,9.5353862322998
3746,13.223049181197448,22.31934041603888,11.769750504217969
3747,18.28080135895389,12.14548426277208,11.275442786735997
3748,5.817148694207299,9.55066468724583,6.831850925164913
3749,16.777685842798434,12.349860925393278,10.555827409860923
3750,15.883148259867706,12.359457916878185,9.196224198840175
3751,2.5023974109695355,13.500913208045848,11.02027967081334
3752,21.553340936516786,10.42875478608259,10.136694308315862
3753,4.5797546632074875,7.340633856057343,11.450969913348326
3754,4.458151703958772,8.282338042659692,10.395968309300853
3755,6.89369423467469,14.452284524789468,9.854131744506434
3756,19.171228437250818,9.286424252055054,8.085133069663167
3757,6.4249294781619,10.19557164678215,12.158682270529795
3758,1.607345424196095,19.16566943522032,9.899277282071044
3759,3.779669312195221,12.53298464533891,8.10633230361056
3760,10.0330757657048,4.855133914984236,7.489741251225038
3761,3.194897335743872,6.361683867207018,10.50897500151084
3762,0.9018453828205584,12.72792498568831,6.071955518072969
3763,1.6184727541322015,8.269590286605917,13.606072039566373
3764,26.608083192672893,9.552490971273551,8.872245602947938
3765,7.07931265880829,13.947466163015424,10.020978384724533
3766,17.25884944325663,19.42349646898172,7.87890465694455
3767,17.241926410794264,13.194720731729296,14.203376388215531
3768,3.572302041211815,11.267901006060884,9.36739908250318
3769,0.5361078864354146,7.154020912449198,8.540722060403505
3770,6.232939537190313,7.953014290064358,10.226013694484099
3771,23.271257191896304,15.167493090374368,11.268990773065582
3772,3.5056406645038316,3.8401939199493156,8.616084699867175
3773,16.640693562229448,7.462564243339348,14.865320436655933
3774,3.6818504152928666,8.932163735500264,9.02079020186798
3775,4.215660776325743,9.746094724993771,11.328437956906237
3776,3.1930448795540625,13.596453810868905,11.89873501610354
3777,7.190243172092551,14.34966146427845,10.728404808433122
3778,2.0376943780050327,3.7644557026236654,14.282209160610588
3779,7.023722882024123,12.801255228373188,11.25950273797521
3780,1.9710474691201458,17.911066140614924,9.771190472352174
3781,4.43963374860078,9.115511663985135,9.667199176408012
3782,0.39382021620900365,8.492964430753213,10.174191902412826
3783,2.6392797879883627,5.759745361397725,15.278264594700234
3784,2.3012557397582154,9.278820479098997,6.820158662278979
3785,19.04603723743623,8.79575146684013,8.83261286691227
3786,27.7062736432255,5.273294179296947,12.522386805553856
3787,3.0446143377128636,6.990547249218652,11.66903891621954
3788,11.133371051453757,7.170317839137849,12.550225112453063
3789,1.5020869469814038,24.468434736011968,13.618295680753471
3790,0.33664570975277897,4.521407657283538,7.5182328138074626
3791,9.187827962300618,5.40345877204691,11.32641719662899
3792,37.38708115993227,9.733944753984323,15.562276180912695
3793,14.613375365471525,9.228599045650773,8.154022931955067
3794,9.894911389942402,6.503587270221774,8.770816672271762
3795,22.02966335282075,8.758470102355671,9.883887196639593
3796,12.170918680440014,12.677908457696756,7.232424040101657
3797,10.128564321741443,10.863722305248293,7.921639762965564
3798,3.27902130092696,8.40675802963286,9.392932920762838
3799,0.960488842185672,8.606151600362535,10.558658813979978
3800,8.649041896600135,6.464246513783641,10.689453091884245
3801,28.085513488345434,7.588663234637851,10.780624045545757
3802,0.7267619509848183,6.9017780146935905,8.154697557032046
3803,15.19656491685691,12.004033985780548,12.117223563008983
3804,34.502654365200776,12.01817630189273,10.924537253088664
3805,3.794703716734005,7.913502424510591,9.631432196626347
3806,0.13311920335483438,9.774851231648377,8.280594323581035
3807,6.912815624053079,9.9118491572106,9.177057617134489
3808,0.7740703141491584,12.156570908327826,9.935611652205619
3809,1.0644116799985412,13.527195578157437,9.983956676899474
3810,6.067450647751588,5.401201974012245,9.694174121916657
3811,4.069894882032236,14.79199019147261,10.089511791248704
3812,12.160611779139767,14.874850739948638,10.00378643876604
3813,8.382731512181275,5.3929480872031235,9.81671770442039
3814,13.051370179697035,7.782662860569905,10.851449908703893
3815,16.81077776167336,13.874156245660467,8.764034686895636
3816,3.02311928553051,6.012755259345996,9.238234124043032
3817,8.479449492882328,13.535418550556239,8.726509402757127
3818,1.7939326423184287,8.94949798780363,8.608559083018358
3819,4.418073974752336,12.163159918756882,9.786714958482813
3820,10.861950909622543,14.145932107575163,7.0135998741523995
3821,10.830266567926778,5.868786557771301,9.294101127096573
3822,5.213722995594343,11.765512397531097,9.93549818026384
3823,15.60697389483261,8.682217918366861,10.203809388861455
3824,1.2604786054093213,11.050159496799562,12.598981953836589
3825,7.828926121268927,8.578958857792445,8.392228860064712
3826,2.420915709826797,9.577004262696974,10.89560437858536
3827,6.207432125836189,8.292883403540499,10.667559941758629
3828,14.533949251020374,6.173727383036404,8.253388099351268
3829,7.661775238376492,7.798139914918407,10.09392934679749
3830,8.783612281302734,12.661676023165386,6.865033564144728
3831,47.65143955373316,8.281614769139697,9.03162305168686
3832,5.698202064843981,3.2902613684482795,8.416935184518062
3833,8.075582385321852,4.810874958417172,9.09193854906352
3834,18.218468055081736,9.886885988930661,15.028921986761235
3835,7.8554239382563615,7.821950886612278,10.46079383964212
3836,21.569241499453966,10.217057105963491,13.769625179274977
3837,1.5412454577668868,13.932932193660909,9.480765716777803
3838,3.886470520139406,7.204444650325101,7.0266844052129365
3839,12.10998397141406,9.691998375239407,9.97102802988886
3840,9.957896062213548,6.138849672392594,10.394486676311745
3841,5.793715556975603,11.910821307772542,13.203357686367292
3842,2.0155642925594073,10.972517130764894,8.550993040219408
3843,9.461662001854208,14.365204475195195,11.63250836842982
3844,4.263534795482705,6.833041483679935,9.560666728617688
3845,7.562109674331563,5.885854558442299,8.597630694684318
3846,18.102733465508358,7.081594059809126,9.19170763078093
3847,16.08920718661553,7.836947413010944,11.588316713086904
3848,11.372460690613003,15.2478577917107,8.422365663768767
3849,14.786442447346909,3.4864269838318407,10.952417598975433
3850,28.45394430138662,16.25871921252907,7.336251922290287
3851,5.710546680837819,11.864077607882603,12.190254265000885
3852,3.6252923457182082,13.896120804488337,9.328234954737948
3853,13.3564548656644,13.020935448028442,10.58815076095245
3854,3.025712739678248,19.7161557000726,9.599506885895638
3855,10.461832034966145,4.908282377454574,8.765281010750039
3856,4.630667613577608,6.877601673258928,10.130874790860538
3857,6.742944452897223,5.4304428186695,7.765303001662568
3858,4.878723955471917,12.963544540841761,8.540984373163182
3859,3.2760183709196298,14.540810459410135,11.434936086667042
3860,13.204407389117469,9.237778974173569,10.077504408509888
3861,4.770359957380539,14.537661121768386,11.503922815667213
3862,20.041466894476276,8.39544024773805,8.43699585843641
3863,1.9570938588549225,20.896023380829117,8.675076780227544
3864,11.41624073826137,7.831014690243991,10.999085966521934
3865,6.705362896551755,7.197409974235749,13.260569852992518
3866,6.01801680673927,12.407077543389205,11.6807216232248
3867,26.314708804545226,9.361712919917029,9.669266146031188
3868,4.263832443140772,7.177069324741093,9.556249837558036
3869,4.311011440196915,5.253197468782387,10.24294297412319
3870,8.472431532242116,6.978203105541634,10.348414467383442
3871,11.488231920539244,6.491758570706516,10.464647017302886
3872,11.883598380884692,6.9043077188594495,13.305350152631602
3873,6.372173651147532,6.489129478793802,8.849626853947616
3874,1.9474975555382918,5.6147772354417675,9.413353307176184
3875,6.174876593705193,7.705382285215755,9.148104855253747
3876,4.261672199584197,7.868586137248099,8.708716206705674
3877,16.06078930954035,15.871764072676475,14.362544071594913
3878,8.407963990630428,2.5100276056872994,9.93000940735525
3879,32.73546771058246,11.783703125622981,10.208518949829019
3880,1.5878018693395364,7.673385321328484,11.130516193469012
3881,18.41213848623811,5.709758789277421,9.141010004015223
3882,5.444601570969163,9.570366404498674,10.509058373061384
3883,21.512509455186617,10.927924515907211,8.747203528977074
3884,1.2453338341245708,6.319954375777941,9.69672697989411
3885,11.9017008773122,8.35870058558042,10.298005864476046
3886,14.547289492763147,12.640364524726047,11.091477289412357
3887,4.28748974121179,3.6383081729891367,9.750778457344722
3888,7.433328986722008,6.0307618002810175,7.370693207798086
3889,6.377998266581888,4.351334447970883,8.652854414750403
3890,16.718431623818137,9.474699580496814,11.11734632664518
3891,25.151391916380266,10.703997808381606,7.590282997632932
3892,6.997128971779267,7.257408376147758,8.97641070438936
3893,2.751836328879419,17.461036007687838,12.546427060893391
3894,12.417726103687382,2.9755195865795026,7.9225196840799725
3895,2.0998669696718735,8.289064093913016,9.200356996002993
3896,12.270966989397358,8.804034342190647,14.711606481389497
3897,4.604156676259617,9.049676793713878,12.19997320236758
3898,21.623839185595703,10.00368946231912,8.588954663215832
3899,3.700228430545193,5.128924720327605,8.508279777636687
3900,1.3219444454187474,8.768658898100744,9.410716090220653
3901,12.385137670536993,6.12163658006712,11.478704539129543
3902,4.41364373323539,5.812242508583717,8.241476784984199
3903,11.552498434945504,14.365751238871258,10.106673098488136
3904,9.752574434957628,5.252449772615704,8.439304509044167
3905,0.47211993113010403,3.7066837977507405,8.219559746884089
3906,14.351002040505941,4.120812325690318,6.417747543072332
3907,1.3828981913460106,13.772851164713055,9.062636066486053
3908,43.36098278982259,8.886177908040274,9.161203024268799
3909,6.8989353091846395,12.88427253180003,12.127758924401276
3910,23.31516567492705,9.67154765416105,8.370964754009316
3911,8.691909927950515,8.044808890230616,13.197507293909565
3912,4.81222411355275,10.52425261661934,12.29323420754063
3913,5.204619397820145,2.442715133982149,8.985174404470149
3914,23.5082983252225,10.650061648443378,6.833171812297784
3915,12.501110807092678,6.577008075381054,10.248655496322733
3916,3.4807273974577484,1.8598903087502214,10.935296463682038
3917,12.085666782172527,8.905092317858676,9.360466163502151
3918,1.775431505391383,3.5076952650902795,13.740804824078989
3919,15.157931555272965,6.371264830422059,11.47721234569169
3920,5.677197072839682,8.777979567018473,11.409555984594299
3921,6.177574763082397,10.395553288826056,7.979028016761475
3922,0.8916474298098743,11.631098074424774,9.212684136914344
3923,5.8878895816980314,1.2017753073712103,9.18910680627061
3924,10.355908836306748,7.135659724491154,11.84203921552097
3925,6.9051255059091075,3.367012981273149,9.04169068613026
3926,0.2249477011692238,6.027108063646791,12.788290881403869
3927,24.223378733253107,6.217686531399518,5.556073507082695
3928,18.405706453048865,9.66873581428175,8.262941264190522
3929,15.380134747787286,7.860979986199659,7.022427382938193
3930,28.909689421392688,4.6915160616596605,10.079804021674073
3931,18.705274153245213,8.039381841450721,8.183410048059121
3932,8.894053600659815,5.1788191287743075,10.739162031757276
3933,16.340440689798893,5.326415374794096,9.485583738035634
3934,12.779819140486483,8.486433996194156,11.882532100808152
3935,77.5234066114327,12.669409599178561,8.709967143245047
3936,3.8537460272542705,4.9119307603936075,11.11276850889769
3937,5.826248343354782,9.286776027681423,10.521525967966271
3938,4.7639876971237864,5.886787755063608,10.129988742465507
3939,5.911021986777636,8.571857532502431,10.878583203803576
3940,4.49917421022783,6.874944387430057,11.818832922960883
3941,17.76533899340711,9.416377880937821,11.64900068424191
3942,3.99865433988238,13.61544731441057,11.642663527253076
3943,10.075911990766038,7.5187510269579265,8.265091317530203
3944,0.2654333360130239,7.53132702105744,10.38766479601421
3945,0.8701643956805888,3.5365165161697334,10.512482440567927
3946,4.2921839986270145,7.69150454530539,7.3706683777845745
3947,8.68202627556797,12.16047267524851,7.8489592829364305
3948,4.70525313198699,7.586558392518643,8.877136371838253
3949,13.378348929845133,19.378046395420718,9.265376026714552
3950,8.162617260283728,9.441144949268319,8.468109609423417
3951,12.916778658606312,14.107172845319203,9.14798799256379
3952,1.1981372353338127,8.314462460352901,8.932943937358685
3953,0.8805252619928197,4.136431602388623,14.24857013220526
3954,50.760013075973674,13.798729849158374,9.158701580930522
3955,12.133610453299406,7.708316574402325,9.609556018179669
3956,6.270142802405054,24.90079021688936,10.468824307584564
3957,8.889179547576175,11.754720683956215,8.920790059586881
3958,0.9534516753305786,14.402798541004165,9.99851033496405
3959,4.1552406540148565,17.864409984894742,8.724836375377688
3960,1.0166594997290845,2.6567394657664107,9.794510905033059
3961,1.3169287729810066,8.864107595112943,7.611999876345892
3962,0.4097806729442798,17.94523143947387,12.841925866700207
3963,18.393337574659828,6.040431847503864,7.527104582239541
3964,1.1529453489370882,15.148379143907121,6.868079987161815
3965,7.630958084693507,12.810693998751026,8.653651579261695
3966,4.5764030526189154,13.393932500424574,10.627832128137914
3967,13.029280628389804,7.1324339354502655,9.063954655601744
3968,5.067004738143305,14.216295152894258,11.795547699207017
3969,0.4870784240076033,2.0039206916363517,12.81677517098077
3970,34.86652979116406,3.923324248248987,11.941428868260733
3971,5.612703845263665,4.390794046300472,10.466885958110105
3972,24.583919414992568,5.28376059197242,8.261125619636578
3973,2.219014976694144,13.658979163095543,9.657239102801382
3974,18.184964195615674,4.311809927071495,13.486046130895692
3975,3.7707816091803803,11.925502557414475,10.41893538306038
3976,0.8227883143740187,9.410676934130812,9.176162737543564
3977,2.05895091481443,3.736606087894746,9.756023058460332
3978,6.026331679269599,15.972243327352924,8.2593890766829
3979,1.7109215063172725,10.562054984508972,10.34467142321583
3980,2.1307567095189293,9.327226838890654,9.193364656921435
3981,21.5564278011484,7.83110606684423,10.564761329453976
3982,2.867013233670155,17.102988850733475,9.48649477823481
3983,4.0245860790748536,6.0657494284551845,7.016039525951214
3984,6.463076951006684,3.385185089115037,10.58957991235939
3985,7.291850600890825,9.214733772162575,9.798313436837967
3986,41.94849095187952,9.303205092075647,8.372630633926454
3987,5.986281347075913,7.650509594303209,12.902755594052502
3988,3.358391691554005,5.905231647373809,11.785730462989665
3989,6.376168753652612,17.501785350309056,11.35272387519525
3990,0.16195968385130044,13.269678165981933,11.699470093431147
3991,8.032635221466636,3.562124342600691,9.065268851089654
3992,34.15985866436377,3.0218005389696554,9.431962471748943
3993,1.9953126998143935,8.925023281049974,7.762727601590508
3994,1.355259967941042,25.678967257110894,9.767425046579005
3995,8.244325684367885,3.734138240644195,10.201530868693682
3996,3.846087120771529,11.22891552356462,8.368113820264862
3997,6.0195581509389235,9.268156343406265,11.71501019457387
3998,2.299392888323212,5.929538109017445,8.899886091732734
3999,6.745793870053907,15.912116611571449,9.320636478507001
4000,2.6862388424862553,4.893518793193038,10.011390290998618
4001,1.6175631484333466,16.29941974896839,6.465590091219736
4002,9.042603592011881,10.021079306165355,11.933135113863038
4003,27.05593808282553,4.690162161524315,9.950031134960613
4004,0.7931047107516327,12.491560072229028,7.9458407426879045
4005,3.1636500277585053,9.13046775486487,7.953235972431346
4006,3.315444549708196,10.932593744131115,12.55742897963737
4007,30.692803042722513,13.27933057057935,10.825778687729635
4008,6.723393133725875,6.690632768259969,9.083208744884354
4009,4.574264897693219,7.003307801157088,6.595508886273862
4010,7.269642365866205,13.10303633381616,10.726376174165978
4011,22.63564711387067,3.0804228419230553,8.267703636239327
4012,3.1251745733092697,12.922801331229328,7.920007238091099
4013,6.8763200107202715,9.86908199268527,8.283840981723761
4014,10.137312367670189,5.728399981448513,9.297121741781117
4015,6.619130309112583,9.861137062680335,9.919288926262457
4016,7.222121679043325,6.19591206165065,9.41832922779387
4017,4.309759925436268,12.221014597121584,8.125045739466184
4018,5.132228074685191,10.768118734555193,8.413900341658984
4019,16.268443667425892,7.47197655809218,9.654244435087284
4020,1.185438204506238,15.426121116189393,8.81191049774107
4021,0.46257884620702744,6.960826640591726,12.199112132469423
4022,0.48260639323097737,11.707068729359735,7.867435677582458
4023,3.7045358852791197,11.36198624683438,10.191746242239036
4024,16.89945929126536,14.379072109515281,7.705582132077313
4025,6.123524889518037,10.868331236391317,13.846515832919199
4026,5.62869168622623,3.748351203008716,9.554395007027896
4027,11.197934759956453,12.376031234590013,8.9713971808504
4028,12.893531187664827,14.462933152270036,8.558208326945572
4029,5.470392807071557,5.647150329035949,8.047285061680846
4030,9.088197769812897,6.2293519766521595,9.394257615934315
4031,1.2403539138948323,7.505743395264616,9.787580006725502
4032,4.239639180490551,10.615236497118653,11.573454181974874
4033,6.379864159489352,3.728659146639379,7.909492583432763
4034,3.845572729571485,9.011047386982266,9.819434024563519
4035,12.526772766219683,6.771194468823984,8.747615428715715
4036,44.71129258361826,15.372878163461774,10.626654872195129
4037,5.848715161888203,10.685575869152462,9.757830930645122
4038,1.3096422659287439,5.77398515903173,10.079912535115588
4039,16.726998080152004,9.703391129521105,10.163675485915062
4040,22.593848869636826,15.780904007587504,10.327627072172673
4041,2.268434180392981,13.341585707767209,9.22152232828857
4042,5.328081445565434,11.192158694903119,8.622428861054125
4043,12.901991333833408,5.02712927075212,9.364250964518028
4044,6.3146856451177165,11.128667906126637,8.133887383135681
4045,4.004429605181101,10.385532773637802,10.072914198305066
4046,6.440456622828566,4.18956262557029,9.714212146153185
4047,10.962723473366486,19.077054100037895,11.576637376297073
4048,5.608588837965246,11.510304115765866,10.917153924906557
4049,1.909145752837234,14.543389112804515,10.512829322069656
4050,1.4091919326669655,11.645214665657049,10.335468387682814
4051,3.7301260828420633,10.63045289216755,9.794349285301992
4052,1.871813155849226,12.58324945332403,12.380028140969218
4053,0.6589025391484602,7.767236178156812,12.355590213710052
4054,6.835678549381237,7.6483114970671595,11.941978486173413
4055,12.04842874406395,10.79250217542449,10.091996688589926
4056,2.411219071834662,10.036766417860061,6.942646566197603
4057,20.54548512703364,8.408359911593765,13.774948040431248
4058,9.170248622337592,19.504865850991397,10.362894716084863
4059,30.554432827030084,13.275058193140609,11.700674404191934
4060,1.6522382356564265,8.564957712343476,10.84389687059842
4061,10.118935496224172,14.173736861414046,7.5383007916443505
4062,4.796228262249975,4.640673485155153,12.188031231956936
4063,6.073385351063202,17.906151815464842,10.45128959647611
4064,5.687565950358697,12.050280249597106,9.844679664490048
4065,6.422108211318825,9.74703811368415,11.279619054859738
4066,5.860252567643732,11.840908936286976,11.067378125184007
4067,30.857865498653034,8.72855103616185,8.851475815307195
4068,10.231825997814608,5.097751758290958,9.192187496244705
4069,20.986201814352565,9.153864221951393,8.650737475476392
4070,2.428552944187264,10.651209178243159,15.956013040303654
4071,3.000069334032748,4.331407934875906,10.41749620797977
4072,1.8511010292164622,4.522229361446724,7.272757838409787
4073,6.452271307964381,7.176647191626705,11.487664094778985
4074,0.44732527808719036,10.47003899500248,10.845140643768335
4075,10.087173918694296,10.11611644025831,8.956588596874257
4076,58.48737527842103,8.900529985383411,8.829100156028595
4077,1.4655191506892706,6.489798486411958,12.340838100994285
4078,5.53832260605819,7.793724452392762,9.162413472365293
4079,3.1912576556487715,7.597717291487678,10.975728163317616
4080,20.210206514997946,16.22674272230163,8.32183897961611
4081,2.170395465006766,8.967177093586935,11.045513923316985
4082,3.9989614389470605,4.248380978239367,10.96491199815005
4083,6.839986958569047,10.30529506236173,12.999062020924828
4084,0.5324609837785729,9.183465860707347,8.785878070976905
4085,2.2560497872163956,6.614666471063977,9.287252746520208
4086,4.3759494947568225,12.250952650219054,11.239746696767968
4087,6.966781162615987,13.920836901722572,8.490190600702828
4088,7.221848271306086,10.640200566225332,10.712895124259243
4089,24.380470121607882,10.734405666454277,12.209476556959633
4090,0.1576335508145481,16.19680059621497,10.50703015134878
4091,0.13270091482592067,8.776558215822737,13.667746217512454
4092,9.973304144154191,4.574550068037306,13.480421804113046
4093,0.8433953567402553,8.838047487201049,8.998530420978652
4094,27.441799554043406,8.863607382371386,9.540058158163703
4095,1.5495510793191727,13.473618088730055,11.430441579114502
4096,30.956491121758294,7.670814734209716,6.960008068453252
4097,0.42662029706195076,9.293102710713669,10.095575629114927
4098,0.0700791572420902,9.409750966472417,9.010421367390759
4099,13.650948640274159,8.920753343461401,8.666516020433624
4100,2.849312177522003,4.17311181976891,9.765408185082856
4101,0.27529251070059396,9.44148875216281,11.158699462245925
4102,8.229067461499413,5.446996921651843,9.544380025091224
4103,7.646561050895892,11.21967260262696,9.991971824276508
4104,7.206233368754011,11.752059902584474,8.504742001984901
4105,4.907785551647124,8.01065739419886,12.318035730566175
4106,1.451304719241779,12.908321501791685,9.930672059294206
4107,1.0268464809622482,11.02814716336205,12.76736314683171
4108,4.552992660810857,10.367768972509479,6.973873646154636
4109,31.490071038900822,3.3891983373114565,9.080200066864537
4110,29.227730922453336,8.579969144193118,10.082433709244604
4111,16.436465180136086,6.625212353125065,8.347640400643012
4112,12.6999472550013,14.253476236204701,8.136352759827819
4113,3.7586294572808545,9.519956310813477,7.722129808902153
4114,1.8680908842307715,2.2631375199436987,11.27432318598326
4115,23.939386243191286,21.217521885432742,11.984093296084573
4116,1.1297455859649068,4.520787341690204,11.719873803876402
4117,8.057654149765446,18.866025055290987,9.456964960470101
4118,5.108275532843712,7.956228722301665,10.317632247882939
4119,26.714669242470936,4.429427241976927,12.91816478004081
4120,3.1878562792750964,26.75657940677963,11.238409224987953
4121,0.5991526948627671,10.52856210338795,9.985444796564762
4122,2.630621500975984,11.335766691789711,8.524722015963572
4123,3.204761455233287,10.491692472789007,12.448542455461679
4124,0.37581639690495533,11.520593285261018,10.885586899526194
4125,0.9960085355905425,8.587591933459574,7.515129383360939
4126,5.455049287049626,10.960634604330524,10.514358133884924
4127,6.286118717235978,5.109962671266329,11.332691102055708
4128,4.656150604762588,8.938717212036831,10.410874299329189
4129,15.77276847493857,12.649271482797662,8.200759991055024
4130,11.839435963666777,8.851342949772304,11.356344447616149
4131,8.284786183194752,10.87047126278522,9.130636026773056
4132,5.50586944406566,11.174153758985693,8.40393240247564
4133,6.861422340924369,10.543803970609734,11.758429546226601
4134,5.113461831559703,7.963909797853814,13.600952862870981
4135,13.311651308589507,3.9105744145353776,12.387767454564118
4136,0.9169743880623638,10.0411119401309,11.087867243660872
4137,3.9483574352309385,6.667649756112406,9.62508931441393
4138,6.691785820482987,21.4305528750717,9.14700515401534
4139,4.719758982374309,5.690885962162477,8.216894936833812
4140,2.6011937955404743,5.019554878800504,7.419835579916988
4141,12.877720846048659,12.652978312951484,14.575257748092206
4142,44.2225328685109,7.031309143838982,10.236772491041949
4143,15.55438279901253,6.037027691998261,10.119307414160422
4144,4.341179391613182,7.881235549087608,9.442936719128106
4145,1.035137771595848,8.015743524452553,11.336111436241334
4146,19.599283278426324,10.964709282451667,13.358238398751656
4147,4.741782443675793,11.486450134194111,10.29876767370295
4148,24.305194579391237,6.985088637599398,10.56125136860282
4149,9.359601927585478,8.30624954606733,12.63876021191338
4150,5.2310186597810535,10.220884683179548,9.026696139369694
4151,14.316643013414653,6.324803181579304,10.239003644772962
4152,2.544108536362699,9.621674161163622,11.464384268674268
4153,10.22507821923097,3.146995215028519,9.259370474854375
4154,35.64328831737806,5.577664918028684,12.420730307448379
4155,33.004872606241335,8.708636508611066,9.391159436965628
4156,23.610163225546536,7.297415867245926,8.818356440346461
4157,1.4078868689656412,6.001610596823475,10.960395329755222
4158,8.494343593095088,9.84705548878379,10.933355788878684
4159,0.11912483145865276,10.775849570376002,11.835260947420279
4160,28.834761474851984,7.151524430514925,10.418652889520935
4161,5.873582728189124,10.391766503890137,12.186601947845183
4162,13.301289352994445,6.32987050037096,9.175877661353338
4163,24.74169484417873,7.105953483633627,9.00928161391933
4164,8.129898426811605,21.409493852277087,8.880739967217636
4165,2.9695512264926327,5.471258112534885,7.518919010503766
4166,0.5929819295674946,3.5037511690496173,8.709477850545401
4167,1.8523488190664157,2.8726939527270647,11.441945533617208
4168,4.103894616393194,5.608095677989587,9.072665223324917
4169,2.901236588847534,4.01287413244979,7.399146131145508
4170,19.452062340376166,14.004489284228393,11.744356813122822
4171,6.043842902389311,6.209930855888655,9.877052901400395
4172,11.468876358137411,12.608994191282653,8.46531366746799
4173,1.3107811942129022,12.089986945061431,11.947265840835012
4174,0.7629430464651802,24.357649587412066,6.483027213019459
4175,4.358965895267771,11.87640374071955,10.75595717235088
4176,5.8642285629891004,13.832743797600466,12.637940115640598
4177,17.525670641891136,17.381320004475192,10.991013361434144
4178,0.07494264460465039,8.886615663099963,9.183843816529565
4179,11.740581531701006,11.894367044507469,8.792966773642751
4180,18.409982829000384,12.773039367591718,9.861741846016567
4181,4.290734404428192,14.475526714509954,8.760518641437478
4182,3.570189158978885,12.936261185322511,9.242293744753207
4183,2.0668531206802436,4.3043216460824345,10.390216413368881
4184,1.5834567215404034,19.882491747033107,8.515163763696648
4185,7.53527454842099,12.46998365234184,11.14983057633266
4186,12.217240564167701,9.539162933807534,12.471210922169947
4187,8.01687950274303,11.269236522367404,13.669936298558401
4188,2.335246773481462,5.256931313167869,10.433089456145412
4189,2.6894026792323142,15.485062280743715,10.939925070073176
4190,1.4064301001905548,4.719796394949971,13.846798006876833
4191,0.6455673349847024,13.49553370372936,6.711538296020484
4192,14.60510377811783,11.769106246110102,7.609563893918885
4193,14.396140339616148,5.299391691015319,8.369722010603585
4194,0.36979920819427653,8.272578805863487,8.705143017600802
4195,10.438412231257654,16.486717015609727,9.77167405765197
4196,50.90888816135284,11.459657853178273,9.253942313274894
4197,3.0507188162098062,6.183033314904541,8.82006465677241
4198,0.43862194077389677,5.954186474592047,7.658967630410058
4199,0.9939106307316298,6.608033725528344,8.503475128062059
4200,6.474493522493635,9.981446430047663,9.013334991800741
4201,34.316224529809,5.517325026177653,9.09842129691855
4202,8.850200954374365,2.6219499118793346,9.775201239952272
4203,0.22217969503600332,8.359101003152652,11.863746415777602
4204,1.8151749903202026,11.423347994135067,8.062033730039907
4205,11.96315901265692,7.32008196269882,10.723418707723754
4206,10.818289017616458,7.546555477416436,9.765998447737871
4207,3.244607528059119,2.0106916942861157,7.815765603216382
4208,0.2180575298197142,15.231916367378258,10.840326508192629
4209,9.719832162321783,4.319646826938382,14.778576570651861
4210,27.722821451010137,9.776344116185374,8.23304300214269
4211,14.087877768796888,15.270063109579846,11.068169983248206
4212,1.978036170657244,12.222845022306846,9.36014875818309
4213,24.45147002569013,14.197696266849954,9.62331121245489
4214,13.255428119008968,10.280480908791429,9.905876094843372
4215,12.960273786899371,3.995914068532761,9.591821816464208
4216,9.769267456221746,8.213287566121432,6.96173816015889
4217,7.115273959790709,5.311565485392325,11.727924197639814
4218,6.271070269488166,7.4922524648952775,7.6662538736969905
4219,14.579279119512956,5.205861861772833,10.220956296079915
4220,6.140883888963096,12.88727254273511,9.589588144285528
4221,2.6087409300517233,5.722098614715447,10.560858549465308
4222,0.6163455507647289,12.06275095908841,11.648731840002506
4223,0.27995650208676515,7.430662137738674,10.896533300168468
4224,13.906054887710852,6.77515008954529,9.059805374646544
4225,4.968749717559104,6.2677098586207,12.40256990343077
4226,7.917849943101097,13.696590551251825,9.149688204200112
4227,6.237720017461044,8.60203359983664,10.372355598301647
4228,15.216022445281583,10.0136205252236,8.573523305074959
4229,1.3376391622927102,14.645001206410603,10.015222691304071
4230,22.226391790542444,5.086557469088702,11.494354931442247
4231,9.701599414621155,6.473165053607008,10.019000221059347
4232,0.5095939910090204,18.171933376760364,11.045108455624195
4233,9.3320193306909,13.30773935938914,10.6552247000779
4234,34.21431360218714,14.212369652090022,9.469122218464625
4235,5.656082143741543,7.809965514811859,12.465137929655002
4236,5.987901052287505,11.71866173664583,11.0425980411521
4237,6.951767707820025,14.894256609029252,6.386305735370292
4238,1.6938832089380984,15.442581782810056,7.483838972983475
4239,4.005023603595179,11.038168450487651,12.467892648783383
4240,13.861006738092746,10.002764526690576,8.365112533541888
4241,15.053307233995191,5.051877488368497,7.107227471820816
4242,1.2801819978671447,7.807489620500858,7.0875565941826055
4243,21.549067695626203,6.280788705909374,9.487971611369659
4244,17.02197079925171,5.529151924588856,11.953952694846244
4245,2.36639590905225,10.385336901856038,9.107909856577143
4246,10.419951603408158,6.40867450525141,6.908079138219472
4247,3.038563843200782,6.7078259426051785,9.989320290726578
4248,21.84174415337305,15.704817682809713,9.379397112610523
4249,28.254411409107817,6.975648367386843,9.0815865998874
4250,20.458309984925595,18.34651876951299,6.948779543377154
4251,6.4220583420312725,12.5974542238387,10.181211069219048
4252,31.8589874331322,7.101053733039227,9.579053686869662
4253,39.76453622166827,6.736311363004113,11.075866249709811
4254,1.995654322784859,9.006780552535746,8.078438917794594
4255,13.667785565684786,11.660299593163476,10.630930743602224
4256,2.689364579738449,18.148118896270297,10.52319586235722
4257,0.2500980420697919,14.268832487739417,6.28074645185575
4258,6.89212889274452,10.677344889407156,9.110222535074836
4259,17.165251887070294,9.07954176433367,10.097637939961844
4260,47.96335584077685,11.923828375275791,10.981107118541578
4261,5.65191473602732,6.370541452731609,13.489664146472768
4262,2.905725774006707,5.005361082749634,11.866658349471455
4263,3.020593448988612,12.510800089414374,10.33080018792582
4264,1.9284650364639455,14.436588032859063,9.913336853705415
4265,5.675901796970815,7.75278222655251,8.99175439587019
4266,28.330929830848035,4.354977752482246,10.445029827378303
4267,9.172249211356334,12.68850786853605,10.395518309044457
4268,13.544075552184434,7.493629016320429,10.861448887578172
4269,4.785981579349625,19.253717318518262,8.30709575000747
4270,7.677705458161782,8.518743706217437,11.677998002795295
4271,0.12770755138305645,10.334222458655548,9.55261928393774
4272,10.210099731599241,2.3157960269051645,13.47527274662687
4273,0.663765958525069,8.75667814015927,7.458996671704629
4274,9.834564294322702,8.438891638294177,8.478320897787624
4275,33.1802150951572,16.502187657889326,9.42307416606759
4276,1.4221979309430048,6.692594235633166,6.763985112735392
4277,13.53964941051384,4.8463946602298815,8.694915077747988
4278,7.3979385772678175,9.926623074657366,10.371080739934785
4279,6.863283288226998,6.947840095213027,12.291606604605116
4280,3.8952588122925937,6.527235146947881,13.171596948455496
4281,7.293295898371799,8.790085565823636,9.007428301459433
4282,14.307182520445032,5.839432446362556,8.801343993406022
4283,2.9058147262085146,9.246323537405143,13.504523114049153
4284,13.061523625630036,10.539179418810267,11.252714419047617
4285,7.25787195961398,3.2958188062238207,9.834366041852771
4286,39.1818512872707,8.862335075591025,5.257162629886716
4287,12.849909143865514,9.212112445155205,10.886951708790892
4288,9.7052115715454,13.318296020259126,12.433372078744414
4289,1.5371478105100405,11.709472834817642,9.508141633230899
4290,4.296754339336864,14.019219614334048,10.197862941683132
4291,10.611454409264876,7.2880393845964715,8.955207407559254
4292,6.044241169662313,12.567759366999908,8.401224780366595
4293,5.772477607009782,14.658619209199383,8.32381412915713
4294,8.526800459661033,10.549559809834323,11.521943131132955
4295,9.546508349569894,7.158855212273652,8.843697175602149
4296,16.073777299839875,10.379892467920282,12.254610716906145
4297,11.161167414842433,8.528076294058497,9.665590604157824
4298,4.194749534859565,9.574155831302496,9.616280318212267
4299,13.102079926791653,15.202089983760974,11.183763761346238
4300,2.342775733276237,7.692508489688199,9.20040625564287
4301,12.304046806072245,4.3558004152583685,12.927136600572545
4302,19.511012750153917,9.85767411604618,10.654284232226006
4303,11.068877831400942,2.9407113803730835,8.216994937980882
4304,11.455090861214853,6.883261282090577,9.763608214619927
4305,11.066694673674876,5.776951594315126,6.737667040948127
4306,13.130400454982674,7.599861387144768,7.039402807174161
4307,12.874522442842608,13.241092300749392,8.978561876357373
4308,9.976895121329527,24.464836316108087,11.260979197758308
4309,7.223142330523129,11.918501679049433,11.762619632698458
4310,24.191890958248255,13.511319603067028,9.752766521307958
4311,3.83055753567462,8.796684270650553,11.66521295983714
4312,7.066420861036356,14.92416496251261,7.360802830170254
4313,7.570044029815668,6.350484789749709,7.7564748691904715
4314,1.232639194417244,9.343672078792832,11.105109807613509
4315,4.007479846005075,11.13537899411779,8.886516627016382
4316,4.53760424175893,10.305233781068093,11.334058481106037
4317,5.2558044108399855,5.9335939342321815,5.587121554480015
4318,4.448965935257392,17.881709817458347,8.161641417669175
4319,24.14254308821203,5.9393212345608735,13.86818497655685
4320,4.462227975163316,5.008279806349258,10.419610407840556
4321,6.287910089823459,15.818903866942005,11.283705048071292
4322,0.439223032798151,14.222837585281606,6.205120820873051
4323,20.336487879353633,9.497393634511502,6.966155338456147
4324,41.46825821440558,5.644141031665623,9.17418654594523
4325,1.6617565720462724,4.733798350342129,10.628745105868301
4326,11.44193441567413,5.876469418465407,9.49163741371754
4327,28.820512682244892,7.264163578271393,9.663296855000462
4328,12.795848815567094,18.030440143749907,9.3343408497547
4329,34.35701853244443,7.197050886279648,14.00707651745052
4330,2.980531070716207,8.52469315051763,10.212842341629974
4331,27.58850283236367,14.838756057546316,11.604741816452615
4332,3.6146365545100427,11.47126537318493,12.852174131350136
4333,13.987675418841379,11.09879289082153,12.570095911001223
4334,3.558397878645148,10.434582826601027,9.277693392423265
4335,8.63444126222983,11.05340839908951,8.82975889744156
4336,0.05558225537270768,7.430322208294771,7.639991613313792
4337,4.101103307144922,6.943403370769451,9.542925351522562
4338,35.77244275111009,6.193754770604147,11.327380946064455
4339,36.71737233584627,9.011604143765364,12.439988010690206
4340,0.5595577057010245,12.724977646322793,7.846460753205855
4341,2.13540426618359,6.854138366686664,12.869204979879838
4342,12.874332334645494,12.284509704424577,10.507116748527483
4343,9.980529307799898,11.089558381538831,10.996980928505215
4344,10.833974187670625,5.093433561189171,10.625269893296386
4345,34.620626559085125,18.658598318392805,11.444877983962707
4346,1.7025439574051626,5.082046229228892,12.449586627504694
4347,7.176679237231383,7.181369105205154,10.327517433039509
4348,2.323293704097067,9.886029312002302,8.336570505375393
4349,5.736138403967793,7.870610182924585,9.693698076670108
4350,11.221782696075904,5.7065255148831415,9.061378092270845
4351,12.12847764117743,13.721736729008763,10.250134680473556
4352,5.943122588904231,6.8625805102535065,8.218382852134587
4353,4.640225167626893,10.224465720053846,8.229378061132527
4354,9.096600229257168,3.8067870738109413,7.083308144556411
4355,9.877861763267523,13.291982694170958,6.068990937217552
4356,6.051488859059477,7.374913389687021,13.105782006919528
4357,11.998425112605835,8.41695260027139,12.274842088017943
4358,1.2432079758330068,12.395573278902194,7.811923077094596
4359,2.400285668425178,5.961195606469498,6.357154028283164
4360,4.435275756453985,11.009391917760045,11.416279478156932
4361,1.3167814191607725,9.452388785263604,8.138059259889566
4362,0.3932787839691488,13.090028711732057,10.00071430604192
4363,22.207437467788562,13.731037799482712,13.207976840977755
4364,17.326856341130714,5.2765745419100245,9.739573804699138
4365,4.362887817518069,9.231131998748108,9.303529408037587
4366,4.853553561680431,13.770125830585854,9.108033001192588
4367,2.9773163911544147,6.715019422270489,10.423123744089626
4368,10.12655449713985,14.816787005991742,8.384901412123057
4369,2.8986426875431217,3.225423351520745,8.574733940738964
4370,1.1090214630914248,6.829028469415881,12.60489734878165
4371,3.984540959317956,9.232393320527905,9.151750149825602
4372,7.138086844637642,8.906930137192138,9.90799685816554
4373,20.623426397544623,15.166652445341864,8.560934108936427
4374,9.37555966890123,10.884377250274325,12.016732603695369
4375,3.822832225001854,12.04802386893287,7.9012961810694
4376,8.110070506379468,10.213322342158985,11.880951550299153
4377,14.971425405763334,9.48349010845254,12.524742807255677
4378,6.651072472458825,6.496839538180855,8.213554705401165
4379,4.127098699877048,17.01444804266898,13.646949967581412
4380,6.044239899492426,11.342699618210471,9.123834634064869
4381,1.9194330350794935,8.190161969111632,7.871873626975461
4382,15.547137239692995,6.369351136151851,9.76413730005957
4383,19.46505529848601,6.536707113210921,12.131498496080615
4384,11.772109718675942,10.507974989493453,9.323281300396102
4385,3.276521579390159,4.223333149499281,10.68338480170573
4386,6.32974886499126,16.234751361722026,13.545024795990507
4387,7.096410140485176,6.425627716576166,10.988540561001185
4388,22.57233246579231,11.756437017563137,9.957522670916156
4389,1.213536671133478,9.419306064998693,10.17946466660828
4390,0.5959445062505244,19.455176084399273,11.208353134303055
4391,15.367656897568535,9.488630506565512,7.891756370726074
4392,2.694187673985573,3.65058961939951,10.112584243977489
4393,1.3152704315322323,8.837245972383958,11.770561786440124
4394,3.33628311531464,7.071623763494612,10.676309489254006
4395,10.511332179376614,8.936201213399778,10.827432798252357
4396,3.658193338494092,14.106601483380611,6.918422145383119
4397,16.467565909646567,3.479731019869349,8.754213710507237
4398,2.8151500704108825,7.651896950535141,12.621850392347993
4399,12.063953875929094,9.879969312204743,10.344608014431252
4400,5.517899584737839,7.872180862180135,11.193958923415936
4401,10.435931824007843,11.899041616481018,13.29384100946542
4402,23.699207066488757,7.836448485842565,10.405667742025935
4403,12.015037697826264,14.19488036960666,11.473352621967846
4404,3.6195453722579773,9.497519102161286,8.62205452188163
4405,16.053806895217363,5.860036895407765,10.004139558655346
4406,19.296967257683637,10.729795937490836,12.234571114388933
4407,11.512612350033752,6.092110166150226,10.470366043531682
4408,0.8518527979790328,6.354480832681408,10.782299618481575
4409,2.3114896782553744,11.428801416102813,7.163946581089755
4410,2.678255060138439,4.980753720424053,11.603968376733974
4411,1.6532261136089124,11.928134461360155,12.512632824695686
4412,8.541678200641174,10.423554153474669,14.522503389271325
4413,6.47993906153139,11.348660913068073,13.497482349348966
4414,3.6091154519706747,5.2023492759194765,12.87400532754652
4415,6.718419332828276,13.299532336481358,8.345566707102826
4416,22.231192470339035,12.033088330890275,8.174368514873159
4417,11.779453434526154,6.087551817726136,8.945852329889586
4418,10.35661940828794,17.364111184631845,9.610674357543612
4419,2.937038588303622,11.7777106883387,10.45373340735939
4420,21.483988236628758,10.152996145265991,8.863598700933105
4421,1.7818776511355805,4.879291142802863,9.503470875646597
4422,12.850421282966124,5.440754630665659,9.538875901619871
4423,1.7363110684024152,8.375459384771073,8.339552457551767
4424,7.297210320281958,13.292697713394656,12.355652823104851
4425,10.97972160038054,5.2358766020806495,11.44551447538711
4426,2.456370234144773,7.218117764943104,6.681101050295792
4427,9.876475507212582,19.106693051999624,12.283668061300707
4428,7.09650193354107,5.6706824240642195,12.846573975772289
4429,5.232506643497494,11.956864181384407,9.133730807186986
4430,4.601461897011409,9.054205501795398,8.133157781593164
4431,14.72765665514534,2.988287666013848,7.592428491558055
4432,5.3622181223797725,17.194839177766095,11.051792165294525
4433,5.827740977945683,13.000994376419678,11.332365584086856
4434,1.2666333235490492,12.971143559866587,7.817390587241706
4435,10.4925841029961,5.553724579703995,8.622518467797708
4436,5.491198965949105,9.10052051951379,12.219835254462739
4437,13.583130073935946,12.500891371503307,11.350388114439774
4438,3.3627685287538864,6.58925412230546,13.18387386742541
4439,15.030119069058617,11.708381223025478,11.061158530145242
4440,6.194180478862,14.14632085119078,11.251042972082603
4441,12.58081228609176,9.669888171219664,8.581553420064477
4442,2.0679069902196305,15.72028893726289,9.770705535599829
4443,16.463931519710215,9.132226735309908,9.713158133786227
4444,10.416524959117549,6.206158482064144,7.638884079910777
4445,16.81052927783841,8.839359171086201,13.451325186413303
4446,13.679156911239149,8.686369494524474,12.995607977103512
4447,8.75459499925977,4.274368836850181,9.877419271582198
4448,10.47991363716808,8.38350059821246,9.276598994410913
4449,16.251127313453736,8.7963170126142,4.70695089492651
4450,9.627334349920758,5.767460591043063,11.51057581511122
4451,30.94852621696488,12.862401094491995,7.052063264656997
4452,12.324659142278525,16.005642820647815,9.691134920970235
4453,0.9242902968042558,10.640671064188304,7.5374863556811675
4454,1.7246967646497973,12.947889638674628,8.71088335401054
4455,7.877276092392383,7.365906242612276,8.063278869469407
4456,48.95994585700375,12.67736051534968,10.714439206891218
4457,3.569266365325666,6.5951824703469155,8.549464434100937
4458,7.292942285369934,7.279736149723848,7.599850614114445
4459,0.6750737016847104,10.170941122289346,10.424314394293868
4460,11.017853343371064,12.378173759163586,9.60972690813968
4461,7.119765570433287,15.620439680885264,14.368509105006236
4462,4.141734377818554,5.639352361229284,8.678354660314666
4463,4.9809643119819835,19.38847963803026,8.925186886047094
4464,9.195018262238696,9.699474050474905,11.856162784181695
4465,4.354950979463972,3.247165550640486,8.333580165288357
4466,6.828445129774737,6.5208309503969675,10.794109353688699
4467,49.06423189186584,11.28911707650263,11.758543615515167
4468,33.91558741408415,8.441478584678704,8.724954445880144
4469,12.724203544694545,8.91079932849306,9.096705700424499
4470,11.741207159824029,9.124604728462497,11.006683414639935
4471,0.3148358813207104,8.952087870827219,9.532044500854797
4472,12.967761079325545,14.498117558328662,12.510655461162791
4473,19.204318345302372,9.499189232748943,7.515423797331055
4474,0.6949009813608142,12.261564376005454,10.547982905595129
4475,6.868289831870811,5.506481624272892,11.412450275749702
4476,10.388847908441768,9.55199899650587,8.026956470141895
4477,3.179670154635357,9.966074762820474,8.98694502715715
4478,12.752083458479461,10.940889484675338,12.22034216714479
4479,20.284874422849384,26.35487072431862,7.019151004477334
4480,10.260825218403818,5.260324182410593,10.049762650926109
4481,12.792134034840796,12.337616578216748,12.467868830881441
4482,3.805289001515922,13.000186586163156,9.79199291620582
4483,4.617023797910468,5.878665254321576,9.779174575556384
4484,4.148378292509962,8.369384018793069,11.16724090337089
4485,3.381452411492408,7.009103292708431,11.140809621468703
4486,4.841989314857735,15.045473418302311,8.335873062848785
4487,10.614134078792087,17.44154127682673,11.111007495199452
4488,44.395151907777205,12.178790301081722,11.583035083323521
4489,16.714773507675897,9.39750835935273,9.40189806566004
4490,3.9799148807038724,4.830584330832876,8.819480663484445
4491,3.2665672610552963,6.960923576522975,10.398098471776288
4492,19.662491809017357,6.022356531734056,9.7913695550559
4493,5.364905419641852,7.97769579404477,10.830468755641625
4494,1.411318809677392,4.958170140298979,11.681760136498553
4495,4.566944575327548,16.076715799451584,13.229482490208033
4496,3.480428649618832,13.77946069678508,9.845886711620887
4497,6.788020750929454,4.274578919487536,10.186948903618921
4498,1.79619342968604,18.214605023499416,8.266012122124575
4499,2.95016441252346,6.068374042843557,8.962287531724378
4500,6.91247447561847,22.21473685548311,8.176584762424401
4501,4.16774336677905,20.894720768219237,8.449495204909166
4502,35.12585712411171,13.72350078581214,7.473377975705123
4503,2.701759045628999,10.385390112863167,9.426975576605297
4504,2.5632441333816334,6.128042927155696,11.709927127166488
4505,7.6278730655154625,11.941913547210792,9.628093072422752
4506,8.851529615598979,9.130854505520633,10.282984167743864
4507,12.685118446657869,2.659092897461764,10.604708267080158
4508,8.664435214615152,6.738767192957484,10.52155468749986
4509,5.657187792725551,16.19970483806003,15.856920143701535
4510,1.6834032439681195,8.824270426008376,11.23939387847849
4511,0.8288066375678788,12.341421969361939,10.856187187712777
4512,2.301725063537974,6.544625678360584,9.528189234652094
4513,10.08215552563026,10.849368846698052,13.10763884071371
4514,42.08181328674341,8.677754547854116,10.516169481362024
4515,5.565712229257236,16.999919640687246,8.26701311310247
4516,4.526257949001426,14.657295411653891,9.158855768560993
4517,5.46767051068869,6.9407164109226525,12.9870406455908
4518,8.351747373192582,7.085728642532885,9.643669078325816
4519,7.434097009122793,4.85839885988634,6.118503358299591
4520,14.68018687094479,3.6775379865945843,11.37964345410069
4521,14.698214018325109,14.6135514381858,11.265419006690808
4522,15.694029159419417,10.628752136522383,9.53681569064991
4523,1.0799741677737673,4.238039192686019,11.556745956949023
4524,7.729986629612651,12.4283700805093,12.787724163313689
4525,8.489759008958032,6.109830720382375,8.306621274989826
4526,33.27493295108006,5.571624463504295,8.55779168446739
4527,14.075416219869364,8.863929285863197,14.185259866067073
4528,2.1415250109698234,9.346112496129999,15.353823166601478
4529,3.4022277293766914,13.757061484204879,10.280083284027546
4530,14.654842124643825,8.982928954210395,9.675480729798215
4531,5.348424329494311,5.024765581887318,10.311855047982295
4532,35.68467442367703,5.75278350544435,10.500902238942912
4533,0.1432850700293099,14.113876637251161,11.537248308213261
4534,0.5660573681242136,20.314342058399806,12.586177045711253
4535,26.882403940005435,9.135854550083035,8.713695551535967
4536,0.6690624690822656,7.340127962601724,11.162147084536524
4537,10.012341781057975,8.345219164081167,8.039468008460306
4538,8.381577273419001,7.636912643575849,9.072388868534507
4539,7.942486366704698,9.963644994789032,12.783753682584097
4540,4.032728691605424,8.135816375559573,9.743017823745392
4541,0.008739460935006839,9.508234464555418,9.719385057614772
4542,9.700821540191498,2.919595828029318,11.189255701310035
4543,4.668162776022417,7.649048816081674,6.783691166359899
4544,1.5974233738445076,7.914031231659459,9.697962013724206
4545,8.514799819647463,5.5696305045234045,14.013143319965616
4546,1.4247882698293064,6.2195048939206075,7.641317419593216
4547,4.979974522717418,7.13109140575534,9.428983908952848
4548,16.10695327073535,14.80464742779057,7.222150163519146
4549,27.599037898608096,7.339975377350896,14.61285158683516
4550,3.149848456776254,4.191052570028033,13.477604374545539
4551,0.4213680382023306,3.8883987181357087,11.678881400456314
4552,3.887575292539116,9.74091592950492,8.823389255842022
4553,3.0180766937896824,16.558607801071236,10.232796080359206
4554,11.758591654189186,5.024907188491058,9.535725730760655
4555,14.815730326412737,7.8457352478868145,8.564332408125813
4556,14.808725877912815,12.533347314372687,13.101143879145727
4557,2.7332424653330083,3.1553756429432696,12.370996818687404
4558,4.360253448683373,11.755731610673894,8.589426593445785
4559,8.007795807017247,10.157040711033325,9.906998270234123
4560,16.18861385707549,12.83309494248626,9.831484300543336
4561,12.416425083150212,11.020837083336051,11.002284607285254
4562,3.9041656120318633,4.372029154760484,10.213949674695579
4563,1.249491672413754,10.011131852932277,11.06288725856419
4564,16.35877872060598,17.798141083701797,9.705051301529746
4565,4.268742662285073,11.551172871327186,10.979033635295291
4566,3.8529422003190548,4.764934631745962,9.164611603499207
4567,6.3756390313839635,21.922545127152553,6.42519775145455
4568,1.8817198097412329,13.68400129104279,8.456057407592871
4569,13.530255266303932,5.993835360586447,6.0853603741371
4570,12.049242641103374,14.080369275281138,9.070878118031375
4571,1.3948247214126335,1.598253163769075,13.853223735510657
4572,4.9564799532595085,13.183840596765648,9.374431863751896
4573,0.9999520190728994,12.061847523956557,5.915937088591576
4574,0.586290597880123,13.161432126678426,11.046693826973916
4575,11.512877503642342,9.09993521405387,11.33678393624075
4576,0.8889278034331725,12.421219345872101,7.685848620038058
4577,0.25323066594827265,7.994479327916646,11.705110941046113
4578,18.27897034548567,16.28410144595183,8.92917981395548
4579,6.742838023384477,18.504450884877564,11.01402158264765
4580,6.238515962991844,11.666030344328735,9.521019804494495
4581,26.077659068428506,8.298829889918627,13.106475721385417
4582,28.216432401035725,15.228823864829014,10.653447439638503
4583,7.348892901773334,3.3964957847464325,6.2264842250468435
4584,7.487530002498786,3.954608223461544,9.106858218998688
4585,1.0717778889817577,3.578693439637626,8.284713283276732
4586,18.937088665937942,13.214408663727568,8.950785996352169
4587,3.08901346922464,23.66300469642298,9.990519936099698
4588,6.603960141654325,5.028965280502691,12.030802881170578
4589,35.59036830421091,15.47003192195616,10.316429778526196
4590,19.813316186640016,4.454312577309951,10.083312675987097
4591,0.4075365698394386,7.396923421830029,9.224517745339032
4592,6.512185812137996,11.837275465185204,9.717833125849328
4593,11.06932267800721,16.821303840839455,7.312335272732341
4594,17.54792036778955,13.903204421866443,10.032164084842009
4595,12.405178766701958,15.271114061888682,10.234114636493326
4596,13.651280177374742,11.549376805029713,10.447595512654415
4597,1.250395177846062,11.809055313299568,10.310929649876668
4598,4.308561445543102,12.075722859437896,12.666076610769077
4599,5.413089654911644,7.538722664378845,9.566911408613567
4600,4.952925096210981,3.4376014960440173,10.58946646481804
4601,4.231377199225042,2.9088749313745876,6.6184534196815115
4602,8.023078268423237,10.933732779064766,10.33289186101982
4603,0.6153875329996352,10.64447682546457,10.971876336295399
4604,3.4732005030509003,7.276524843483155,11.918464009343321
4605,2.4530051586287813,7.616110065978178,6.87356891166005
4606,1.2968687608292997,20.076941607156595,7.096783369610116
4607,3.548710562140356,11.35595669847108,7.0623517317442746
4608,10.8592971627587,12.366332072528442,9.03606997177835
4609,0.8150918885198899,7.707493124784152,9.216765226351542
4610,2.455914686345303,8.22446706339257,8.96994875406741
4611,12.921600193578767,4.3953235057044875,7.802980109021003
4612,3.200324232098889,6.448766686236285,13.863233186884333
4613,6.321792630588519,4.639569342875726,9.373988607684327
4614,15.167718265155932,13.199454175338778,7.0244999056193755
4615,2.34617955778101,9.610781502188185,14.296997273305516
4616,1.6701192278416168,10.046034583449032,10.672530149394495
4617,8.314626483467919,15.184151774963178,11.63795229754564
4618,24.516843898991805,10.371262836010171,6.83130745834175
4619,7.213455157033577,11.043243801408007,10.452947506272032
4620,10.104313842337982,14.201956171538054,9.543546252782983
4621,29.05686935541456,12.134933447142375,10.691291377015075
4622,1.5380110315059938,7.45097723142121,8.412703194963063
4623,31.48925148962937,14.48841643855423,9.217074591737305
4624,9.778365348330032,6.625897080672327,7.109832720305315
4625,3.83233234274897,20.968946744621974,12.72367963193372
4626,18.526006707823,6.677257234541408,13.196874295256196
4627,1.8605671739848495,4.847918627630747,13.93488741552489
4628,1.4235533073587818,8.304346315008326,12.20427312049625
4629,11.287966188454623,4.142385118539031,7.963380169569841
4630,0.5735145540962867,4.238247358037568,10.557046825683578
4631,16.36263088774442,6.430767797570691,12.6232039695491
4632,10.263075227892791,17.008034286732972,9.768244264087413
4633,10.10261116492319,8.538507560731432,9.495046438365648
4634,8.428041284992478,7.610769934645072,12.470307927668227
4635,13.740620010023097,6.012825381109759,10.440706295098547
4636,11.903831463223083,6.334940674192582,14.481343586696534
4637,30.64237771108513,11.356772847495236,11.464304598480691
4638,8.734142399039587,10.647259949441855,10.131081178773407
4639,7.467941255240348,14.93536756775637,10.249675668189179
4640,4.399645040620781,12.634969816101194,9.420243490898532
4641,2.8426121337792534,10.358243577311182,12.30605644094988
4642,23.627690884759456,24.241289299388473,6.834540630076079
4643,4.443261986133196,4.25215247262075,9.1752876975042
4644,0.23929050515164352,17.14569672196523,9.847294020590505
4645,0.0034726641013642866,6.632564754712503,13.567616879777031
4646,15.264393816247438,7.084282791712442,8.002680774284762
4647,12.100313882953172,4.258442135077722,13.16975643229024
4648,13.122253994027705,5.1663928568796615,11.766400331492461
4649,27.3407480160598,6.814089810464796,6.847735754796277
4650,1.1459536212587886,12.052833353647737,9.371847252837435
4651,10.36310334813644,10.911233904903186,10.193605157112918
4652,6.45923152594722,6.731897234861748,13.910704317389092
4653,4.674400540393154,6.3153823295631835,7.673261461508107
4654,0.10383415942993117,24.084814224901315,11.069248099527206
4655,27.214891525601008,14.267602761509048,11.708281158959474
4656,11.26003400396288,5.744754862630022,12.172626782192745
4657,0.9776948508449355,5.779875698976138,13.24584028451993
4658,0.8111705557087809,7.424893545773877,13.845782987823302
4659,0.19352677551164782,7.803455839982464,10.69676743331976
4660,5.39549787897599,11.73206062903078,9.839534184433004
4661,0.9172353663974321,4.586747094367928,7.9826741853928365
4662,5.822247444550133,9.169731020298375,10.69106474009401
4663,1.9248137887376,13.31693916093451,7.050363029290569
4664,2.2791661970951003,6.621762139251288,8.208843728027057
4665,8.329687971293817,19.311422556680196,6.877263591817871
4666,3.084512654859378,9.832656456327864,13.297709370489766
4667,41.535098419563994,12.539127390748506,9.17885337045039
4668,10.136456155716168,10.830948217448388,10.900127844312257
4669,6.365224879183047,6.025461645578995,8.902111769447323
4670,4.153595329493057,6.278151700080985,9.945170169607932
4671,31.32033259816841,8.482389676715528,12.055979539244227
4672,5.003844864318114,9.988711963854874,10.151101886887513
4673,1.3203588552048702,7.220475700047951,9.814603433971582
4674,0.7588097571900543,3.6885260226987677,9.707935022288789
4675,5.570322503087051,13.011866199779728,10.815168363778383
4676,20.523004334712546,6.410158515500283,9.670436329864144
4677,14.976546846413106,7.548489584465232,7.580883132680458
4678,12.208706520602625,12.930309549765534,9.982363770595237
4679,0.2239050021415601,3.607683664803355,11.460857160016234
4680,11.721083085720934,3.8991727461070447,11.658600107976136
4681,3.4128435165741746,4.908178729058663,11.779786358735333
4682,9.812729651647924,13.338093876546306,8.887836489052008
4683,18.65986248090469,8.56530321232474,12.966350673004767
4684,3.446789107029531,12.83801551540802,10.108496194080839
4685,4.227586977048186,8.224493585032672,14.571400435943259
4686,18.841564243902404,6.504393822815532,8.89138960572419
4687,3.8486787546138257,9.71476352565669,12.70578770987808
4688,4.855654941678038,6.227244550964741,8.891945917618731
4689,0.6671828490829969,3.4069248286409874,10.279807935606197
4690,7.707712762093336,15.105192191464724,8.58836245614658
4691,7.571449048402479,15.101450813973543,7.95932109270563
4692,16.854405656566634,14.868565771557215,9.074165846869757
4693,0.9802387675637367,18.504690670030875,10.27616392560956
4694,10.389037782715775,17.46924045774781,8.742104613288522
4695,1.469501609313148,10.049231240170306,7.930614682545358
4696,1.518323742478718,14.309900962183809,8.946048479854637
4697,5.14572056367741,8.115250478786752,10.385063390803973
4698,3.6422360488601417,10.89483743499212,10.519756742005528
4699,11.022582359756802,10.174533775131348,11.499973784606366
4700,10.188957836800853,5.339979849446602,11.94967479479697
4701,0.6596512816703293,9.598545043307025,7.035568270853068
4702,2.6935778399475705,10.483968265151494,12.111957987331374
4703,23.641963529224395,3.407427418700432,11.58719251072299
4704,10.843544699048934,9.094075905423447,8.020765972063499
4705,24.531332189272206,7.819764626980309,9.524558504995566
4706,4.4161520671016055,9.121753496047614,12.390371903366999
4707,5.488223965746047,7.152795714939257,9.797028259513162
4708,14.108692974421452,7.56958474035078,10.22434131992902
4709,25.172338596296793,8.51702560606663,8.2401789297595
4710,4.762494950045529,7.2857256583873475,9.186092591363371
4711,7.61761586646388,6.379311324535432,8.23962897969693
4712,9.378324200296989,4.320395865760115,9.009962799668735
4713,1.32218851208099,4.897613170753173,12.340910071004192
4714,2.4747809996557133,4.804732797134299,9.257047942020925
4715,4.877677643451223,12.814134542885219,10.27454890234705
4716,1.1200762234101893,18.864146326272184,9.82318127681524
4717,2.243943948620113,9.657318047125242,10.794512440437845
4718,0.021578062085927073,10.718222604390608,10.095629234161382
4719,30.113746193080246,9.494184892889496,8.33654032105736
4720,4.846832791911697,6.034916703860957,9.277702724832242
4721,2.201747507056963,7.066169392285433,10.765334362901353
4722,1.706641009228735,7.989468042177729,10.18061234817805
4723,11.86260488388483,8.529525861872528,11.305015314170918
4724,6.570843416083349,6.174833998506047,11.368264744778715
4725,0.3368976778743854,13.134615358428755,10.813604471099703
4726,8.35887548539052,8.72225614412932,7.714306700605314
4727,5.89823429608489,8.58747002360606,10.285668719507951
4728,8.88573163504263,2.7788857693765836,9.864465188422226
4729,0.9604496627085277,12.664604618530184,10.097970202655546
4730,52.79782713030148,13.029338061605902,8.965753097243196
4731,8.092939103854553,17.44471284072032,11.519257567341135
4732,5.865908709090435,15.68900089577376,6.032017735929443
4733,25.994268278565087,10.893246905437431,8.789619461147014
4734,13.632733681538665,12.222663043004157,13.333946826682888
4735,4.261944216092438,5.660649643808559,14.028795990054562
4736,12.771728456811903,13.535127238511635,7.365019784005785
4737,34.61117785364365,4.597795468511195,11.786588304440283
4738,0.5500657388452175,13.754202340045591,8.025403039324566
4739,5.87866215112095,5.010611766707369,12.985937013349098
4740,3.1457273219977275,7.12169041295008,9.690402340949117
4741,7.72793202850286,5.489686836610307,13.146780399639123
4742,13.86756724081817,9.455440672100297,8.195629122131454
4743,3.680163976305476,14.92522902744582,13.11240337275258
4744,11.199434242050334,8.420757990412175,10.490991347461646
4745,7.729125854145981,7.134251861590117,11.488265579234803
4746,0.14452146845004143,13.793488185690254,14.26149235347692
4747,7.955994946397317,8.233181931753062,7.320936940419205
4748,4.130844732353521,9.92512637437474,6.909534732953068
4749,1.3505676474962187,12.169143683924696,8.983476053730104
4750,14.610665382237482,12.572579294674266,11.321953577966676
4751,1.9902941340584297,7.041683279200308,9.444250205109311
4752,11.299658821791667,12.69354882516551,13.450400329642264
4753,42.918268496824695,5.053984640613872,11.737015991044968
4754,19.550622531489797,4.875090412156532,10.105415080800448
4755,2.4321251993218747,5.6420281285590175,9.74128317247068
4756,9.769818199242618,13.44002043085662,9.237939127063026
4757,11.85511670080659,5.794168352500819,12.14485422507841
4758,0.518710123698442,12.660750504778877,10.560231677941527
4759,17.57374406160565,24.739308433148004,12.365414058065944
4760,6.000754568601466,12.045003312026102,9.24205628580651
4761,0.06747184714389111,12.442963967006403,12.277730662976653
4762,11.329824333207227,14.260484280963103,9.955587584716502
4763,11.955798672736465,13.082219043103535,9.105624399095626
4764,8.761837776510056,9.449536732509893,7.463095680731447
4765,9.328537572770715,10.645659007671732,10.684541884979973
4766,1.1935713854363939,3.563657376588895,7.580551409397385
4767,16.86781624373415,7.532654653163495,9.81305135704584
4768,3.087212441303518,4.111758996577566,6.756179647530737
4769,1.5613273802088563,4.486526256567,8.95006075128269
4770,4.010277435187564,13.881405323135189,10.257544515929867
4771,0.7230401251247972,4.9277446522975845,10.196299003380544
4772,10.434972724912287,23.98782510133761,10.335838538083573
4773,32.06531669859327,10.687460983831418,9.857783437986258
4774,19.993876831806578,8.564777177536607,8.278008354131181
4775,4.438034126214047,7.339585270835519,9.814781788735944
4776,6.04687064207024,29.536528498047907,9.96594662862322
4777,7.7996580854092645,9.363263598100996,12.871268514414462
4778,0.6352993755665781,5.3302749079487555,10.146822593248933
4779,22.502181186383734,6.101720133584809,12.04671581477301
4780,12.147985641897032,9.88328874222391,8.872413232610777
4781,2.2062975480230786,10.549773798836508,12.427676962142842
4782,9.736520968771144,6.5416022750160865,11.328826675473554
4783,5.8990359385043645,8.65919619328031,11.362711702266745
4784,12.221955746948074,8.166775482605827,8.284676635581757
4785,2.0058487569075893,23.53621271874397,12.983204788066065
4786,7.191790361659677,13.676150851173224,10.518607123171908
4787,14.502015437961623,6.542831051489188,8.718975232870799
4788,2.708025510109991,13.261614614038939,6.461950122708932
4789,6.504174232685605,12.536053505384896,10.760517376500799
4790,1.7714604720066314,7.000193822080645,7.978401335493564
4791,2.072268938605818,9.18042088623817,9.344367399105517
4792,0.03974679338588656,5.1557396556238615,7.990935523777725
4793,2.1949520008967967,6.296047134514801,8.214270490749024
4794,1.5854428955210256,4.619386078709554,8.251363407660195
4795,6.931231939388733,7.1450105309593495,9.418754812076397
4796,11.471825768136275,9.798804873008823,5.784346619196421
4797,10.334350587624952,7.608764025708896,7.381104906492642
4798,15.31940991375414,9.615113562983664,11.191322198277874
4799,5.7688764390479195,8.087291747805583,10.739699278408688
4800,2.4933815786505664,9.085110241896787,10.07729785117336
4801,7.053365395228393,13.284639786900078,12.425624751885639
4802,5.5959129504103196,11.364004653830898,9.454890853809804
4803,11.491575561562367,21.003934660934004,10.603586423153036
4804,5.0684613453576555,13.593477503176725,6.274362305595785
4805,2.702977160927286,6.919412320968509,8.770824262714028
4806,3.172134741949504,18.856851049871103,7.430380726573505
4807,5.536383537432249,3.8048374481055776,9.711642692061979
4808,3.439386158125278,5.4474244002298295,9.745203839618235
4809,1.0953324550718666,6.5084636782193925,10.3003842966476
4810,7.328738313240082,9.84597362585641,12.586127604470246
4811,5.202507318784753,11.129330906494184,8.60751761211
4812,15.413341692939282,7.5859695505270155,12.5883186326432
4813,8.386542704131594,14.467071924177517,9.089072003061624
4814,0.16414022155839342,17.540832491864865,6.872237395927617
4815,1.151196193514316,8.883590851400246,11.9773022577211
4816,6.072590810591619,7.652764645197378,10.470101686798925
4817,10.292581293711544,10.011246504035054,10.294830141586663
4818,17.242918333384065,11.826212488273512,9.437141924825983
4819,27.11226132452137,9.35154351609555,10.082643030024819
4820,0.9149496295043933,4.338511757682889,8.601423134458509
4821,14.949315797571407,8.758284370205192,9.144110157719467
4822,18.00854188711459,14.809551670569629,11.70730861740234
4823,1.802305472423436,11.41458568143645,11.276037390639752
4824,18.95579860807129,8.718853311700183,10.744944837064763
4825,2.5792845786028953,9.78175909152935,8.765869750661775
4826,6.903797363010789,3.635114367355569,7.959737914543854
4827,29.087156236267642,8.456959389895564,7.805616534471358
4828,4.484345690677412,11.861370960544363,8.040438143181984
4829,1.2592958180798286,5.721429988747967,6.309797414836496
4830,3.7509496172149985,6.312067614226687,8.926167397250795
4831,7.10204153879541,9.84564314667763,12.5104995671386
4832,31.779728505750054,3.834695541597123,10.510016582330989
4833,18.20316544922872,18.59159213336737,7.930455591003959
4834,13.907784386328409,5.8657696774370525,9.30482959151589
4835,4.04201252331217,4.118179103823691,10.900462058295952
4836,20.390158014062283,8.635886113363131,9.527069252741404
4837,2.9695985918036185,2.9484974139868343,6.977971556989648
4838,13.58817344976533,22.01922113328935,9.395970600794744
4839,4.547760525712721,15.381120862566155,12.116990643643273
4840,9.642385282300763,25.19061645073455,12.95436225985527
4841,3.3475676565420422,9.47890116194815,11.411131652179286
4842,3.3750652085582966,9.923170971482946,7.503553443834899
4843,13.556793388538097,7.741334071405689,9.479613751826772
4844,3.4193527345824317,11.90225119603862,7.890275714423733
4845,0.2030970680972237,10.728377451336112,8.522998154898401
4846,1.761662703335627,6.2528510403584985,10.53130302524785
4847,11.807407328375051,7.060760869437557,11.260515231291366
4848,15.701445211391764,18.52350974867102,6.33575136322304
4849,5.6026372155258235,4.2081685570492855,11.510150743240445
4850,19.256782705369346,15.225614475269321,10.457977904731086
4851,0.4896549352657154,15.014137019631557,13.659326841878649
4852,23.87072831327963,6.7898342666313996,8.52947470339825
4853,2.7579129346532607,5.355991602902672,11.823912520502285
4854,14.677381257117576,5.745673943961353,8.894561146024037
4855,14.733931851682824,8.961755756742027,7.563411730494101
4856,1.585850376798861,8.500953564318422,9.587621035868754
4857,5.3786358033510036,11.73632966834858,13.880307711693598
4858,18.7749909057237,6.761999311100199,7.900975953114409
4859,0.4904998395493572,9.825739822961726,11.050909587839472
4860,11.728785542273933,15.639875307155398,10.12004518827363
4861,0.19669233168038622,6.137850799187658,11.090565253094836
4862,21.668604376478918,20.33272350995276,11.246342856854124
4863,5.944980527533012,4.6550844550614325,12.355971287010872
4864,8.783743516058244,13.641648863048554,11.42731371998155
4865,10.534746424487228,5.512222269656588,11.079393257430391
4866,9.85655020438348,13.471007199624003,8.474619912945128
4867,15.32400945559968,11.473097793766923,8.484639795663634
4868,3.87982088935241,14.85270698271545,11.829111832940866
4869,16.83213263967481,10.533080262870339,8.778262455622489
4870,7.161677205070824,13.697218961663504,9.163876897940504
4871,6.4120225794794035,18.98063559621914,12.34168295679086
4872,53.08161870629222,10.462515243159087,9.651978114543999
4873,0.9047615268840137,9.162915796044572,9.847455401778753
4874,33.56149276599067,12.57942481857913,8.834814916953897
4875,25.754176705141695,8.19437672965184,10.810501500823033
4876,17.15529022582432,11.62624250215132,12.116380034553917
4877,0.6548813216519936,3.569554683464628,12.962311677172874
4878,32.930811379745194,9.012446139186375,9.092646217053723
4879,2.356795736930125,9.820961112681866,10.924573950653755
4880,8.865808667089308,14.50267462199675,11.502380349226609
4881,9.011971126266062,16.412094969461016,7.5474900169872345
4882,14.670059024889552,4.022943100967624,9.535006268897718
4883,18.670764577685922,23.148554109249442,8.583801171679118
4884,0.9529467342387976,9.716235005693704,7.35123811968132
4885,10.592631955573784,15.223398331782338,10.982773011175452
4886,2.52233392346244,7.578078146175995,11.439063285041644
4887,24.50799582190838,3.8074413943942638,8.773101856963581
4888,3.6363354194255657,7.071686823500663,11.886547575233225
4889,6.317761192818759,9.484119283738094,10.094754144404934
4890,2.6383747119381855,9.383681545442826,9.854226526534937
4891,5.670866414504747,4.765933836170845,8.29745149124919
4892,17.388962024246748,12.568611630308988,10.967504695169975
4893,20.81599834119397,14.012109028037267,8.127685729052066
4894,17.679856660872655,13.609971979794656,8.123296961278935
4895,2.4255175171224783,5.353516758964549,11.126959831033874
4896,9.796279615439767,12.497696191059681,7.663625633608262
4897,1.452210447398566,11.317132545181014,10.505120479237366
4898,4.673513798672796,13.48360914247389,13.882774427771903
4899,16.358031778588497,7.366203047900909,11.568276534955668
4900,13.661980575227048,21.129326501636065,12.132303504968682
4901,28.846613164880186,10.676738665443384,10.519785777759797
4902,4.631627945099115,8.447085829808245,10.7887439917187
4903,29.80615442770516,13.003580591590083,7.277743699143368
4904,16.566945935257486,9.210156162949842,11.731851411880687
4905,6.04411372201894,15.957212477497313,10.466023149516955
4906,2.80341377731021,5.129262133848465,9.840799227290757
4907,23.635935130890008,7.978031784597553,8.195052056746833
4908,4.886904236116892,6.194764927760577,11.041777189682433
4909,1.192604107837244,10.920621263438164,11.399923268630962
4910,7.162143027999257,10.986302280409664,10.790911342154986
4911,6.303768151691987,12.468076902904139,8.079732573183216
4912,6.0376042411875535,10.695239641878006,15.086242075411546
4913,4.6218925518279494,4.518011933072939,9.02466354412946
4914,18.566898685756634,8.57874682422283,7.931773483957454
4915,0.21945826969677062,7.373404022007361,9.862518309173508
4916,7.906698841876471,4.8510082577109825,11.269844028393555
4917,3.872925622061928,16.50247054993607,8.320740984438556
4918,0.9381400145498339,17.658768995128717,9.662913110852456
4919,19.642070745104565,12.182560386643566,7.931437701228498
4920,3.8225508387981746,6.59288229819348,11.622317076605885
4921,22.838969569682586,8.675311860469442,7.066481796972787
4922,11.812597243894194,12.577136879969224,9.672185265979907
4923,5.432212292198715,5.530252733665795,8.690144579475673
4924,35.29629063478607,5.379373115931957,10.216619152853895
4925,12.84905816365279,19.111065449104412,10.403377333644771
4926,3.8303412283495772,8.661391962122961,9.559342036378109
4927,53.1244589956128,12.163739742776338,7.828424877266047
4928,6.781902498118861,10.239514881741918,13.291008881935772
4929,15.357915313639895,5.29539488215143,7.193368212977995
4930,35.709582597502454,7.300922299760859,8.181226357652587
4931,19.90165965389581,8.86113881344318,7.773295486416869
4932,8.42673001206798,4.183135297524966,10.602718760889003
4933,22.27667596126772,17.839757406733362,7.887603525071067
4934,14.456927000569214,11.03109009139386,10.485858066540862
4935,1.4993577367242557,7.8402051373479935,11.505595482024445
4936,1.8730874065379177,15.751210402618588,10.560637073340493
4937,9.616730263233437,6.389757213640223,9.98787523362444
4938,9.739777033376587,15.548524221439076,9.532729065050285
4939,7.176404202102795,14.387556356792206,7.9702352556241625
4940,4.905111256301423,15.547271102291262,7.543040909513025
4941,14.226469881251244,6.0578180789187535,10.315044594543869
4942,2.101126884174387,9.945862536816028,8.305728903515645
4943,0.8078749603363112,8.09775208827096,8.878411324154156
4944,9.238844543502852,8.0302127563123,9.713553270087829
4945,5.058433582570883,9.405094919298296,11.390450657168035
4946,1.5847889461061797,8.373159002050837,8.68550137801687
4947,13.565141955351208,4.959436414931039,9.14757912638498
4948,8.657022314830803,5.60983522646032,10.669750419355767
4949,21.997719421358315,5.701891204365564,9.017781180653744
4950,2.64471469024362,9.924356821904784,7.803997816060727
4951,1.7370120981024308,8.312250460335719,9.490643524922966
4952,18.13153697555271,5.477012288899713,8.57287830758482
4953,0.6118262536773286,7.164927926181837,15.405267268063978
4954,19.22850161491773,4.001431669844884,8.056980991493766
4955,6.883446878584848,8.78815129656151,8.98870174038443
4956,7.854095601141393,7.619075496321872,8.265624118386922
4957,22.275791929125987,13.060723042147924,6.576645139370013
4958,2.227042424131405,11.91204396835015,12.98421178143116
4959,5.615931244314532,21.13943792445298,8.342177803503045
4960,67.51898302894465,15.094672760598641,11.468453187819907
4961,17.535698110586015,2.9026331811351582,10.485665772368582
4962,8.74130961359787,7.3722689546482085,6.035934952685879
4963,1.7090364281651311,10.764868586894462,11.886596129665552
4964,12.637653999172796,12.430071351708522,10.253784807988298
4965,10.46192440148265,3.8335692331856928,8.210085887711081
4966,14.359439973551188,11.045451984080843,7.652804531336178
4967,5.816886342000661,14.565912932973484,10.568663189322251
4968,2.878278162726821,9.279095168992518,9.341410782914569
4969,5.548196384150985,14.60170019565397,9.701088530092042
4970,4.441760462340996,26.426327297876618,13.850775748927378
4971,0.44487582173236756,11.379575985325651,10.472603182991117
4972,9.90754510146106,8.402222135726664,9.161692219306428
4973,0.5387963729376666,14.116597318593659,11.9169754941622
4974,11.234380536383707,11.595011790119349,10.375826872168394
4975,2.3378311800975484,13.15814896631457,10.989183111294114
4976,0.5277056198723604,11.684266251984566,9.996949936115957
4977,3.240379635042333,7.937517595282108,8.993155769094198
4978,9.194351072202002,8.44013206871079,13.054959797115163
4979,43.90033007591541,8.853088819126489,10.719552925505495
4980,12.630066926406924,7.231359623131473,9.185571379995354
4981,22.848013657661745,11.74513305917537,13.181014431862296
4982,7.55192747656044,6.482959434267386,11.722226717749807
4983,1.5436626574334025,11.514472920880378,7.143616849083914
4984,9.21409442375036,5.255507133259631,9.34046415975631
4985,5.826487813027308,11.336646241965658,8.165009984412045
4986,4.496212983759292,10.084701800602975,15.270331104712055
4987,5.528776775074845,8.739427005886863,9.491397718065842
4988,9.73341801155652,6.688819812444644,10.235951384882721
4989,7.201642139013617,9.653463823323671,9.737008787070845
4990,21.709567990227498,8.367431651278833,9.730817663290882
4991,0.02390942177016059,17.829263591150678,11.388164052786648
4992,5.160365139327117,16.49300370903367,12.156359496721413
4993,54.58811183092328,3.281075010687851,8.176148013350874
4994,33.42069308427646,6.8354062278212115,10.631590090209588
4995,16.75665188729471,8.77086555452658,9.806963244852845
4996,7.424897506124731,10.072814124724799,6.410171997162558
4997,9.315551146117738,5.422756184040667,8.298436922389246
4998,2.5002795503369133,5.805116525938797,7.942315725167037
4999,19.801781886210364,15.317828241129993,10.458432511651662
5000,2.5598004247554433,10.186164907273117,8.404669828803625
5001,0.37440711735802656,12.189030631542812,9.36880744252533
5002,34.141805061652455,12.257624625837185,10.492871373285622
5003,5.177237645834521,9.207617571507765,14.628374855519372
5004,47.26120739920217,8.337238928726352,10.028971761350368
5005,6.224271451327017,8.94592574974283,9.94569104601689
5006,14.10231369253845,7.7344255716388,11.508455497194225
5007,18.524776652140826,7.156531978756595,8.892060933299215
5008,0.571038617580823,12.063579763134786,9.077958793002518
5009,15.109736380042504,2.701284504937351,9.6516794914987
5010,7.408341866198726,3.477465197320641,10.514752275614004
5011,3.57634245761298,11.470299606482246,11.604763686816433
5012,2.84711219873106,8.206706985656558,11.492369888528646
5013,4.231489243257736,10.503072566962546,11.72232633659487
5014,1.5937572077778706,6.3851190564184455,11.210367342694699
5015,10.672745458769679,6.110372203670782,11.073352200157291
5016,3.9300682882865927,6.4976602636100935,9.40960995321451
5017,1.1202894783179078,11.269008221564436,12.913809734138514
5018,26.681175344388233,6.310801667993408,6.746099478183936
5019,2.2406029173948605,10.351026316544239,8.183882641278608
5020,7.377372966330689,9.609876183033178,9.063562312367527
5021,5.600653056428163,24.33245318661739,10.699392178336735
5022,1.3307456800928243,9.050230197294612,11.022431108878173
5023,2.467778201855976,11.349800060185583,10.527931482703524
5024,6.618380407067256,9.229727132724268,7.978898705742287
5025,1.5840529326803172,2.911323342655305,11.379404683080082
5026,8.085784646256974,14.103783756729777,12.542174945121202
5027,0.26810369064478845,3.0737348955625072,14.894146277811972
5028,11.010476284526517,9.693967078758456,10.155886169240112
5029,5.82546423639619,17.332417267431108,11.201753397339711
5030,4.942711462010439,10.235476652123184,8.926632530568694
5031,22.148026057496327,7.536660087181859,7.482581136232721
5032,0.4540041403868487,5.842127098118879,8.418151012540712
5033,5.352020161990932,21.70989993750272,11.397566430678458
5034,7.842373180396669,9.718138306964011,10.763770144183253
5035,20.763513230463698,7.008850083024669,10.80963971433611
5036,5.639707398560629,10.799345800381136,9.800590592494167
5037,3.2246470853687117,11.280791079294554,12.037341635690575
5038,0.16839283572299177,6.0851463344757395,9.060841324772925
5039,5.556860286711088,10.783721296537454,14.267134742753358
5040,13.30606614909165,26.865360940756226,12.32879365550891
5041,14.988950624298845,4.975906851531574,13.25441925892015
5042,3.971749845185882,13.603816267752634,9.247646919748137
5043,31.884738693129748,3.563925733502642,6.8548878585215345
5044,5.2876878515405075,12.54426141545196,12.301325285083108
5045,15.832270444837892,8.410301190223445,8.747752146933982
5046,11.435282623409023,12.664956883010458,7.427089813437631
5047,16.30365896518492,14.826553269763668,11.273543412671122
5048,1.3580414501771594,5.740416390998216,11.161025344819874
5049,12.657330400105483,12.88713996695754,8.918086453344781
5050,6.3064211487824435,4.3218618831845275,6.619888940586605
5051,0.2513572941473626,21.090041228903054,9.44901946772307
5052,8.87394666600052,10.180172020499658,11.704066232584701
5053,3.0341438943230328,6.54450447647545,11.750092243877281
5054,7.395168825252234,8.404919395383484,11.376876804697526
5055,6.526203014421134,8.235648821163476,8.921980061547066
5056,5.906083662410692,28.546609767087922,9.355991595123083
5057,9.679027187610982,11.556494552292218,11.815073303365885
5058,0.3391051293048301,9.916305860536925,10.274243146945164
5059,5.59813776083264,9.812072026448844,8.275257572809847
5060,7.028632468314147,7.581120374645401,9.912180969181982
5061,1.1745619472201283,13.356393050279568,10.665728530437455
5062,6.646689997920709,12.765325494427904,8.072562081423753
5063,29.181197959292845,4.448572469861489,9.829857908601086
5064,24.062366519604492,15.096664991953196,9.91729374668574
5065,4.048580020917892,10.096356641365052,12.525364966361362
5066,1.9892338994374104,4.874833079890895,9.609563882986338
5067,3.806257952019075,7.835941645919601,7.534191099604396
5068,2.5408372973236615,21.012831954029643,8.461514252422017
5069,1.177127958364888,4.439986470302658,11.017772600299763
5070,0.9195018065375161,5.999360663036389,7.665776936639198
5071,3.282964602404768,6.588665499595267,7.986712429148132
5072,5.948158302743082,8.169013799011266,8.841563334495861
5073,4.2628086324672365,11.813700457017537,13.443663752147835
5074,0.19637838639857982,4.278291893895027,8.667958057982654
5075,9.391885928786154,4.592035611715025,7.333431841820047
5076,4.400588216682605,11.203656859217938,13.937721729000684
5077,1.0520269752878548,10.585407615346039,9.606910692052518
5078,1.9975933493093663,6.285004092991587,11.40912715466086
5079,28.369491216375078,11.208484022132529,8.06959021289513
5080,1.5678999400077527,5.08961374520762,13.194686429738152
5081,29.18965877837713,10.288570776905248,13.724139956203944
5082,2.640296099984051,5.276369398398921,9.080989852210402
5083,17.571154795401487,8.690416357449305,10.766268753067436
5084,16.557491326444257,6.339495258823854,13.373922778300617
5085,40.00948767128865,11.851939206868888,11.115419759159801
5086,3.3907003104722824,4.148011521472945,14.24819625687689
5087,5.009739449824984,9.897962171782387,11.76861552485656
5088,2.801945719594625,6.362813410164549,11.288081562555591
5089,6.967564990987443,7.469870753298318,10.066358741082386
5090,0.2236419992170838,8.517562624192202,8.503424437501947
5091,12.591197216003586,14.937649905760114,15.132999247734762
5092,9.92965620545605,7.10549303505165,8.836760389628386
5093,16.472067161655886,3.6972890378163066,8.095873033847917
5094,9.724499520190465,9.188017256027711,7.894942314873399
5095,1.9188515378937068,16.464300732961405,9.373640694902882
5096,3.824823882902458,6.7009414746329075,5.444540810404104
5097,0.7562698432934707,3.246791956003397,10.730404149408507
5098,33.97333968204578,11.379193079342148,7.93756124606129
5099,1.7172995377259803,3.8662788199515745,8.849305050024478
5100,19.16882153947844,15.97055004211856,9.647128247373034
5101,4.620502038529995,10.744238782388729,9.79514911720026
5102,4.847369380935147,9.689756315918675,7.621338929785237
5103,54.04942389029513,11.78741464154982,9.591921511743978
5104,18.547265018139793,7.891862167310791,9.534445079694958
5105,9.013436273124649,10.250280372228987,10.343857058863499
5106,5.250942611628077,19.385232301871262,9.56742459016733
5107,8.305747815931118,8.70928249753267,10.634894023615223
5108,2.1703444392567715,19.413759624296453,8.667344136570243
5109,4.208135210508182,7.891861000959234,9.846347265516778
5110,0.33057664619727434,6.256776994655009,9.855504208995805
5111,19.900188173926157,6.667936090655559,10.109069694443468
5112,5.168372636722001,7.294930768424412,9.629759735111145
5113,43.941389466450715,8.137389223551548,9.56305853323644
5114,26.511383607900356,13.164150554199637,8.532248566826311
5115,2.0051231165779426,9.26264058778282,6.434896270457611
5116,5.890591346175206,12.194015427466459,9.239827365597328
5117,3.3936315773649803,5.470582995376533,10.615505220455388
5118,5.952274132725813,9.430791304470631,6.179773510509315
5119,2.1006627815225496,10.220743762402309,14.060175646898672
5120,7.518218282491998,10.461458315428501,8.229200246252685
5121,14.500615280855808,12.704704093111117,12.536227175006879
5122,0.6610592314734116,12.250364574429378,6.337639571586269
5123,3.0417273192094454,10.616415997408268,9.786766302622624
5124,5.279782119967542,8.472654892753239,14.107858132169628
5125,1.379367777257512,5.481617360414592,11.683682104563843
5126,2.463770389826731,11.968285794604043,13.827136208412519
5127,3.494691951868392,16.56190608711891,8.691202049320891
5128,4.998671528301343,4.437599543162148,10.766118917842297
5129,5.178459911691437,10.817783845594706,8.864540898071407
5130,47.61528583032466,12.541917498152,10.277578420505069
5131,0.7598594954103847,4.4417457217587275,9.106270994460477
5132,9.101709534453155,6.840372322868843,10.65191030652032
5133,1.9809657782807655,7.2708636002918015,9.165758793265326
5134,14.266749728561376,14.735945760506045,12.422274114604875
5135,6.576245402054762,13.000099231278417,11.863151585829884
5136,21.70575776060741,13.162093141015328,10.569458544587569
5137,18.5281160778426,15.419824924909793,10.439701893138828
5138,0.3657420388330232,8.09117282753647,16.243302960284584
5139,7.457167553739251,8.393667089577773,9.714007015080186
5140,19.69445400964409,13.722780751319021,9.429854079305874
5141,1.98703299331124,7.615223373188281,8.288381404568815
5142,8.449268325750166,6.519052266665409,10.560134328829465
5143,13.314809423508565,5.900507596269678,5.681751887204276
5144,17.27040978133518,4.8452121185084085,11.382342347390074
5145,4.756656520644949,5.05486830032772,11.869433601042225
5146,8.280088521600511,5.887190664785742,9.069259265108105
5147,5.3955676763998355,12.279409070668876,10.284982385258122
5148,2.5737323384698567,12.27582874277854,9.980179197103478
5149,5.619237424501603,5.210990611556438,7.661911010849116
5150,9.896748030775417,8.561161216257055,13.374643486883619
5151,3.132657359157699,6.062978717872443,7.852079256821886
5152,4.87041637833905,5.336592822254181,8.022531925706085
5153,38.91504150495875,10.985273491969409,11.837675593505152
5154,24.435947198145385,8.978323227196105,9.495205277661789
5155,13.025295885418613,7.4253333585499135,12.926811446881153
5156,15.752225294971257,16.41858817500167,6.587875107389552
5157,0.33270215770629286,10.376253695930178,10.00329474228551
5158,0.37127976380632377,9.196847770381792,9.12481355589664
5159,7.678508040951056,7.45248864283859,8.418703897538292
5160,3.4287710859506024,14.421632591234417,7.836146631573163
5161,15.473257183823014,12.762364154775096,10.413063154800131
5162,1.2408324065487752,9.444233823569181,8.139889185596502
5163,7.443680112316211,13.200436173462368,8.06774037915129
5164,4.57801138152758,6.193392852673209,11.678784693747874
5165,7.262621521825162,10.194876927628396,7.383881821455472
5166,11.012634134625776,11.53448904538221,11.687612066310738
5167,14.956975919378026,9.951639672366081,9.76731547610439
5168,36.49579772393127,11.821867666902875,7.050470780251674
5169,10.110088581479824,13.828676181901354,8.45101461978802
5170,9.96829513665793,3.7002046498082812,12.636188327526584
5171,17.336567263719317,16.34288976610045,11.78287969307315
5172,5.349035965937437,3.9113860294928786,8.587618595226838
5173,10.037844094277652,9.309850813040637,7.665367809642465
5174,6.2358086197351765,12.917183964857788,8.439398841878793
5175,13.382490065988348,8.564328324551395,8.874343466336017
5176,1.8493332718635103,9.74936532301608,13.103385627784036
5177,26.630495918317582,11.013651296226342,8.907398631801888
5178,18.776928149200277,7.921153645405349,11.24444164455881
5179,13.061718238193674,9.67770439441097,9.65289205001824
5180,17.02755839376284,4.5600528605676365,12.434444256530634
5181,0.3415603691940614,11.303812193842452,9.572564299327086
5182,3.551147710800065,3.902400024463398,12.369909647884477
5183,32.15942695859648,9.79418258799694,8.603741321907705
5184,16.759442469472134,10.686754177181353,9.641553492691791
5185,10.03157390646946,12.216654095314462,14.316736089742466
5186,4.227173858143911,6.483481934478727,10.372017694115437
5187,19.49853591157653,10.022293124221354,7.251148432234872
5188,0.49442043382531675,6.762925928471449,9.687030699454208
5189,31.787685810514528,5.832604207502797,8.445103493691143
5190,38.409261755142715,13.836380678784405,9.022488316478848
5191,4.372735140915794,13.997205908420373,7.874591675429654
5192,9.587409391551263,8.792869128149547,9.455911988640056
5193,0.14785512713173446,13.232514857299893,12.854994401290547
5194,13.936526947903245,11.014353584890959,12.746571472825307
5195,29.505753698870453,9.766044018939828,9.675559519441528
5196,1.5661987209464772,9.277975705354823,10.906523824413316
5197,4.1858697335292705,8.401738658574159,10.830881131356893
5198,3.202831423317264,6.113402148093283,9.320986335293428
5199,8.970899447666248,8.421033931870284,12.35414644921703
5200,3.629490225433467,6.1022173431233675,11.105297070828847
5201,1.8700127571034986,6.04129083607269,9.639796272263503
5202,1.2677187529428613,11.383315569851993,8.103217847185315
5203,3.986660252247728,9.41294168543979,10.40250350807316
5204,2.0565739803255987,9.808658087736688,13.053158441634357
5205,34.79609315401921,5.141585427370485,14.288412734654623
5206,32.600977776263036,5.448581155571859,9.254960056732124
5207,11.542309672837142,13.349128337089894,8.139687755138558
5208,17.43687561724585,6.806755096323857,11.48186552463296
5209,4.099523377692787,13.818323674973678,8.980979432397188
5210,1.3045588308147995,17.613969349275084,10.42812212855674
5211,6.18541369253928,7.391149979161876,10.676773398085714
5212,4.647989675286351,13.080457253055508,9.93858038650561
5213,11.971735145560581,4.852825726646753,10.431135848387731
5214,36.870581250366946,9.791274427727325,9.161711453057592
5215,17.707301303271954,12.836675541704901,11.054624182087228
5216,0.2111675102301152,14.574111929299828,10.546775798006362
5217,3.511881786361018,9.026478890952342,11.264490577854101
5218,12.102927144030783,14.54697359761587,13.110773452090273
5219,2.3816685366433856,11.904716830789956,8.439070627151272
5220,25.06871664750126,4.262956845992545,9.398185370675495
5221,1.4358070402362733,9.576689176763,12.313449011497733
5222,7.860982013154683,4.594812132632879,11.351704053150625
5223,0.31120554300336617,7.496210533312626,10.817130715836958
5224,3.4809361696213648,7.545588337954781,8.358451428270183
5225,1.1869709964829862,6.842868528619432,7.695243700444183
5226,6.637746943938049,6.017203097026834,10.759608648780926
5227,2.4923098376208266,9.144801946485448,8.16224505725992
5228,36.84052907141815,5.385393016990914,8.243424743168708
5229,2.111211475149072,3.07252487720117,9.94354105085992
5230,3.9764912883681127,8.119885398457075,8.406950670798881
5231,6.384942946276198,10.365296522709208,9.3342868422334
5232,21.549089679138653,13.579811979727827,8.80769993974984
5233,1.2703831610690943,4.081382153337067,10.31839264739918
5234,4.16229090009526,10.835191248399626,10.203205374947645
5235,18.109604404196933,8.0173422066009,7.07962674798014
5236,5.030927893339819,5.019909330124721,7.923307075167233
5237,2.8800942171524992,12.094496276584657,11.599715202915133
5238,7.430625136328559,9.051476038331005,8.658772526389384
5239,4.731608572934786,11.838887651225765,10.047390486558044
5240,2.4389089421974632,3.0888288724187483,9.134601500466404
5241,2.6257499021446455,8.110953165114093,9.850191193122194
5242,11.175973052592855,9.906391132546311,7.3094899718349575
5243,24.47032594816001,9.45138549243994,11.717486586832218
5244,0.11936409476445042,9.995120607948499,9.999497806059317
5245,1.4697278217564185,4.251438094261706,12.058881374703336
5246,6.940922488286129,12.77444662151378,10.89215577884097
5247,10.674654568528789,5.584781849155441,7.913690112291618
5248,19.793935247934915,11.523792984675712,7.953115200497809
5249,27.290400463183797,7.420925404220329,10.109024418740574
5250,0.9686832661033303,13.72827213379565,7.532863309348977
5251,14.455968259265967,7.0193783125606215,10.587751278896711
5252,19.55833706921591,8.343829136555524,9.733546314923855
5253,6.1102190499126845,10.603655533566956,7.36256990829346
5254,2.0770266782483557,14.222554302016235,6.872018194772562
5255,17.524521367561157,11.391971796129157,8.392458415398455
5256,8.27717892207247,6.964546720505811,10.217054720706773
5257,0.3103870525322802,6.131658372560733,9.520207030423466
5258,9.463792978231709,5.868090405414124,11.374734042824258
5259,1.3308836809364701,13.986953810717916,10.760185599757268
5260,13.996536777598765,6.819822159411821,10.643574409686915
5261,5.363171030904549,9.680482426104092,10.829292196251608
5262,10.865022240426615,11.422221492591778,12.822546267057664
5263,0.08407223870006608,3.2693052263264306,11.217343630081212
5264,17.360437945602946,8.773730267420772,8.11300033582417
5265,69.87321979143015,5.991190360175973,7.981578806653329
5266,43.715566164195586,15.334929377158549,11.48833966432257
5267,0.7344650880077127,15.887713860457485,11.237287686437906
5268,54.606630418320954,16.704040138804437,7.7882605736619235
5269,1.133955145025884,6.290664563662434,8.70496377927518
5270,4.255239925643081,9.553119587336088,9.750174074775469
5271,1.4594141097463815,7.764361276749048,12.642456208817014
5272,7.9280627437828795,5.480512101092204,10.199954066726196
5273,1.9759030687998518,6.600234074045308,7.818295309042183
5274,15.75683664767419,8.8008703760174,9.313573803253929
5275,29.874228663184248,15.3910167977069,10.866005331366328
5276,12.980524409682587,9.697151793085103,10.895586142258557
5277,9.513968138989206,11.933685294132129,9.252549310509922
5278,10.665045023483263,9.520369794046127,9.177604255652891
5279,3.1027462967805977,8.045655792566695,9.254247567897652
5280,12.511842804750543,10.584892830718417,9.28235729349165
5281,2.3754110271872366,15.301359594898887,9.534543508716284
5282,30.236768452595324,6.054086775878018,9.640299654646828
5283,44.107109050867955,12.188222707030068,10.569554428197943
5284,37.186950576596146,12.671784293500894,10.541718516652205
5285,1.3470505397819688,18.60919716759408,10.243090190766083
5286,15.085235732932551,10.204464973866843,8.568603626626494
5287,3.7853684825483094,14.316160973661264,12.025288180477311
5288,19.681505963722465,2.9351377903815035,10.731837738199596
5289,13.446985089170246,3.78362621029126,9.209903263491128
5290,1.6791624307404431,20.475734659885994,11.945223352453205
5291,0.370679498622203,6.917740797386803,10.528690190066946
5292,26.119674452309674,13.482571228315958,9.518272437039979
5293,5.731514834548649,5.540959582343956,8.20053674596658
5294,4.5862499101768,12.179163449984033,10.30054856565983
5295,1.5755082896218282,7.985505807198317,9.739719576686573
5296,10.070933728867274,6.832982941351107,11.004426784645002
5297,18.13228228900815,3.364240936349551,12.246305459556016
5298,1.1919458395461284,4.310551252429052,9.080419847148617
5299,5.929617236795971,7.16921523569178,11.119872108349806
5300,4.284795194478008,9.023801030781048,9.536229111078887
5301,1.4375063239060593,10.703204580159301,6.195172106086828
5302,1.0130180474792911,8.561038981932683,9.360656429836943
5303,22.509311974456587,11.341444289080425,9.49809940041803
5304,25.4786090558174,11.644879016467241,11.618386029477726
5305,4.347809218119765,23.887778907950896,7.1358635025910955
5306,8.616164343211667,7.442430073664506,9.539867120949314
5307,4.067577719195498,3.8168646044419416,11.01823651816151
5308,6.098146880783369,11.716595591139079,11.067265126752963
5309,9.203567476932658,2.7737293810346455,11.151595973329636
5310,2.6213590936168516,7.360292589503219,7.010592039083871
5311,12.737417129585765,20.937116691557495,8.584629755280563
5312,28.12665522325234,12.013248338032577,9.724583306978706
5313,0.7662856685267929,13.883352145054602,9.582507688393816
5314,19.79116444465666,11.350183268414352,8.591373616955307
5315,11.129259059648744,3.798264129528961,10.70046038051952
5316,17.30182722134052,5.725842826167009,8.832036916435344
5317,3.112530221461032,10.24171543146082,7.648037399156005
5318,3.097125127260613,4.990894916130093,8.564265262869675
5319,3.9606385733846494,6.338629588239697,8.340908188562972
5320,45.40764713995858,11.515356051413617,10.630624747050206
5321,7.979813685819721,13.753634290570309,9.708209814907583
5322,4.424963067917839,9.760025177213572,7.003024508162529
5323,10.416998211245227,11.769621860913288,8.282439039084919
5324,19.097526798659768,2.7364713519492243,9.06658056217317
5325,9.2525731583692,20.79578597403203,9.870983782733166
5326,3.6754126823253235,13.063268402568022,8.634142656654102
5327,16.519331002751493,8.682321962287068,8.278392843725632
5328,5.916568812539703,6.802910595442708,9.132799027112055
5329,7.370276719881589,8.990154277945837,12.336187829108507
5330,0.29569910179157594,6.641265453587235,13.678090618110131
5331,0.6394311635820155,10.866405591897587,7.593486505525389
5332,1.9186136142586967,6.24245912604641,12.84624054158437
5333,4.562411568639761,24.416441525197463,9.512201005552948
5334,2.835040655886636,10.474833540667799,8.845133491794963
5335,15.251076917484475,6.693217588104528,10.538581110523742
5336,4.360759965197329,10.849452919004126,10.518537393805824
5337,8.234773268111024,6.427867365590458,12.294569009785935
5338,12.212739661516538,9.29002236451119,10.130168174273681
5339,13.899750755363824,6.442234680829799,8.646294058271192
5340,11.357404775253142,5.965817199932532,9.942771107088197
5341,5.424695675014647,5.640991292396463,10.75163958994082
5342,21.369474622296032,4.964797668694375,11.758285479388134
5343,2.4500200552871663,15.340766290281858,9.601636102917952
5344,3.6471088083755725,8.797831993611997,8.714140728948482
5345,2.649386848089094,9.454230178230988,7.55941655074285
5346,7.809722391622523,18.636798558402177,11.471206837058002
5347,5.972928035496224,9.559465621873851,9.449951465587528
5348,4.81539121473677,8.830539452020624,7.76778980135959
5349,0.3080547979838864,12.712131903864071,7.8203241247021404
5350,2.6348175806783156,7.0410232051413955,10.618338516252361
5351,18.1540358335435,3.72639032778074,9.796236339067551
5352,1.0384618155705383,8.07961714692159,7.208036675089073
5353,0.5625330368789755,21.665147759886384,7.343777309420223
5354,7.8114128763234065,8.750559639015915,10.424499609831733
5355,5.050161340665931,3.1034200364824693,12.228243689842797
5356,3.1480636277013843,9.145998465450145,9.374059407969026
5357,12.602242970573984,5.604194109604462,10.134423841975526
5358,16.91050171936374,5.145575073788033,9.695328279769848
5359,2.2024473336275734,5.986774845538553,8.477073754948707
5360,32.11806069059705,10.67957894180946,9.359781325908596
5361,52.20673521224555,9.520605178988685,10.699071964843029
5362,7.224794280969769,10.477678630064913,10.586715277724105
5363,3.297952993428888,10.682268950634128,8.160088770720487
5364,8.626145256855256,2.6112764893588283,10.20483476854764
5365,59.83628194309251,11.100293162768958,10.503531345596054
5366,21.20094633954674,15.452605716665289,8.87635443633146
5367,10.238080724023405,1.444012651109389,10.75239795536286
5368,5.466471204955702,9.029062535714091,7.088073916191721
5369,2.7765714885920665,6.5814555148687095,9.029275754379709
5370,9.16668050572453,17.15894352832503,9.762591124133221
5371,3.967536420559466,7.852084111011597,9.56848433745392
5372,15.222107150406737,5.539948018405054,7.242160847862851
5373,26.110417451207567,4.547494026535615,8.57645527859694
5374,1.2408933207270862,4.876292330922241,9.331763664668795
5375,35.33230292781413,6.577988318085917,9.988574833272994
5376,6.89146636670904,8.770403510650997,10.916655197622356
5377,14.236484865123295,5.248754124829302,7.831958324703008
5378,4.876120614239875,11.49152458925274,10.93256095104359
5379,14.415867786134186,23.720026991624458,10.417941329546238
5380,1.3711464179240562,4.75972931635249,8.770291207781225
5381,5.848841763244797,10.205172238496392,7.964008834716002
5382,0.01768702168885617,10.429171579824091,8.3023887005473
5383,4.081918378733381,3.3981848590096084,7.475094837885044
5384,11.339584648981964,6.126762104375826,11.15853713855923
5385,13.131981234667036,13.689836707114718,11.65122674030038
5386,34.720475784733075,4.59797146908122,6.8199742955912654
5387,4.499750457872704,8.506322917466651,10.549332985895676
5388,13.506544301456586,7.3903427914624515,8.619061111726591
5389,3.02907815006718,16.530878356398638,7.175174200918301
5390,0.5350137137119929,8.416250719707246,8.386615599674238
5391,4.061522193325997,8.08926182838544,9.419875254518344
5392,2.2875080435086583,14.79817929795476,8.553746048145127
5393,10.32457407247515,12.436636989691054,8.64962581081495
5394,20.660606646086585,7.92063500740109,7.632657979947737
5395,20.933019093233852,4.577834761792216,8.294340816764795
5396,0.8052263453383414,12.113259652685482,11.238284142957154
5397,31.614124322250703,16.140364508678935,6.661905768628191
5398,10.29257366150799,11.748835949218126,11.236074061815241
5399,13.19919270036729,9.683093897020756,10.75318111367101
5400,2.224577794353638,11.020437382638725,9.43527466075499
5401,6.1073975365129405,10.265000553314383,9.217531967594745
5402,15.705842769417101,5.8137367325600176,13.68399541183131
5403,29.963867923325285,11.029632922727465,9.529573497991482
5404,3.5122721656426985,5.882181996768829,8.309041287133775
5405,8.551435420013952,7.478605826153768,13.794841935683467
5406,7.0005868023788675,3.829622337970909,6.69381482109729
5407,0.9706400873559216,5.860059821907488,10.172613527361003
5408,18.914578012403805,17.06654443649372,8.790558388406685
5409,1.1764041132364351,15.295002599127264,10.475699280612554
5410,1.1420769497519727,7.64595631077094,13.547534391472718
5411,6.985164425084431,8.871641179347716,7.972252332050114
5412,1.2176083274612393,16.06809631935771,9.984654589684023
5413,10.101471984144133,9.46525589527536,7.1798148328477795
5414,15.610062455209603,9.837941235359882,7.6599235166814355
5415,6.982999808385153,6.796488214216401,10.948277057212012
5416,6.047381726753478,10.784527771548344,7.320184381920536
5417,5.443803168345834,14.619919486792593,8.580537458155865
5418,26.898831888203105,10.549281459730079,11.290708255017508
5419,7.1672427169995485,5.018229048191454,10.820611030850083
5420,1.066075382563699,10.53188768831337,5.777976458578887
5421,19.411708580862765,6.141167303427415,11.159168756953893
5422,4.613355342210856,14.31859370652666,7.836055120882658
5423,25.347615736019392,6.188525470884896,12.172502514137609
5424,2.5687140519916216,13.75800033808253,10.040644003155487
5425,5.122247314632849,8.139807602367354,10.88839800018807
5426,24.629096994884414,4.35439604920944,7.42467996408194
5427,3.4667063437090233,10.999708401184261,8.678062098993811
5428,6.407912567724298,8.020168863589845,8.905776035238237
5429,2.032473416332454,12.776620041544579,8.592150946298233
5430,22.576559749024234,15.660246029781216,11.884568953497912
5431,1.8366957534252109,5.440814962743975,9.197612630568516
5432,13.440412529483016,8.830789650059014,7.989829955636797
5433,11.842324760931266,6.0764717263775605,8.766174192701664
5434,2.5668247013094936,6.983225251264107,15.179996734590361
5435,29.980111655839593,10.614378487265228,7.506631902094124
5436,2.6354899512672483,12.56211748077219,12.059421355636506
5437,19.835725462687645,7.3020033499325425,12.206501082003886
5438,12.793756339840991,16.49108892629715,12.01094509262656
5439,1.8664150007725189,7.452603092855645,10.43375791205491
5440,1.7887495895219996,6.57772474667257,7.475129340901301
5441,8.890790287437444,7.92364716584075,11.54867530190821
5442,1.4114476685506745,5.62249672012731,7.961264204158203
5443,0.30103002160701553,7.835371256655175,8.523360180092086
5444,5.698823388759242,13.743857579057806,8.129720246603744
5445,6.254652943540866,15.987175999124293,11.293433852715516
5446,2.1298576870689336,10.417042863691494,7.767155237171934
5447,10.242307769510482,12.112611509117759,9.469576411338343
5448,8.425030306851191,6.377081962176983,11.00538981703233
5449,15.828401812875073,10.679877743302178,9.73297745729479
5450,1.9074661264594999,12.412651280058542,11.686760500730925
5451,2.710833395036628,2.6863183455769164,9.136678754894044
5452,6.3137000108950945,9.924606699053994,12.492055050211428
5453,5.79351264375136,12.071467069825514,8.82208908791921
5454,1.6309468942594045,12.96418414395897,12.15573821234088
5455,4.136698368020178,6.664952440980507,10.276052752320368
5456,0.9400781482361089,7.849291182697227,12.75117807357645
5457,14.838708508132981,4.038291189460743,13.204727578586533
5458,22.208133122593505,6.2511299344691995,9.0051701922417
5459,1.6295694360904924,24.256911339152293,8.592749021585577
5460,20.30051201105156,7.491377027692442,13.867910496784727
5461,35.84487796399435,4.86575743520764,8.45975389991633
5462,7.314110276682051,6.014949924189045,11.112666251906383
5463,2.6269380164096714,11.03877916581782,9.742229803804301
5464,4.4455058289319815,6.348089090136989,13.773970641895367
5465,0.8867929531738972,8.102019596047196,8.301133232348384
5466,17.605922082972583,12.334390202902195,13.766021122165922
5467,29.364342944074135,13.503546329121727,11.041833800050536
5468,0.6131667162693428,9.004130980059594,10.470177948876563
5469,3.5350940945858134,5.6261463714619095,10.214468368515279
5470,2.1473483551772654,20.57310664258821,8.992512965962073
5471,2.095552252105429,3.1381016209073183,11.55514859667338
5472,39.28544256778268,7.805703897918366,12.837891112118022
5473,6.084656487378824,10.588673745280602,12.333541336478543
5474,9.417662361164165,15.35059735191204,7.880433221075717
5475,5.294816186622466,12.360460978546822,10.388756765593838
5476,4.835429983229733,6.659111441552445,8.678943740063335
5477,15.047465202870837,1.2692465544733813,8.465126472425302
5478,0.22815781188796658,6.464157439782419,7.892838042509339
5479,0.09022849726571414,10.827710131884178,11.278750372083065
5480,5.054225003105972,10.85985091353216,10.031648821349272
5481,5.529247440741792,18.722336652072862,11.836511350906376
5482,7.279201077251299,17.050927789477647,11.187479647092228
5483,21.375339672805698,13.824123744674784,9.376552543446035
5484,13.238950369775505,7.773476304130233,9.90472032535673
5485,11.081358045209356,4.080320534135812,10.194729766623043
5486,15.909524412556692,8.160921685893076,12.37694417760013
5487,33.99666047882387,14.56853285419902,9.855918667115372
5488,1.414976157303687,10.96212591611459,11.79592184919647
5489,7.976371632596817,15.78890722377237,12.037951524493858
5490,36.48958549148728,8.821587245890274,10.43779929091642
5491,11.286720387999598,10.902278096108182,10.656501649995004
5492,9.489647045864462,19.20453848032202,8.535631240231137
5493,9.13156775516003,7.812639763475675,9.481020470969714
5494,7.165256369690836,7.290346164717752,11.109712837400217
5495,15.179651156476057,11.901100301774543,10.123948863456532
5496,9.494826474604714,15.411359037776169,12.85909959352429
5497,21.606161396183804,7.2501990789174515,8.69794793008938
5498,1.0131795165562902,15.244885341444142,11.878742017696727
5499,8.651150317160077,25.12965548201773,9.53745470576193
5500,7.348057102404081,15.561763967512508,10.954488764457093
5501,3.334238895484026,7.843531722058003,9.710542320399949
5502,6.491892370797159,10.336983155204539,8.115617163738499
5503,9.226511835892586,6.032323479016195,12.082505659812282
5504,0.3805576585885222,7.891517149575731,11.993453784538989
5505,0.9795744558676498,5.229887229983924,10.396716697772247
5506,14.834446905022952,8.588989104699465,9.381317799521184
5507,0.00470979261886421,12.872002843694741,7.803606439045705
5508,5.962249802306988,8.599688362788743,9.420373037413224
5509,2.5960542137266076,14.060933421849558,9.604874274852186
5510,15.737184525577575,6.714316657961494,8.908967819360358
5511,5.978173445386788,7.913276674689895,8.82448686799201
5512,16.58485584294243,5.215953569654604,10.242412749656314
5513,9.495519731229933,11.962213064924585,10.561955351722418
5514,3.7805537410954253,10.745089479993627,10.815952262500666
5515,22.541958146096366,11.835548713581861,9.583816751046388
5516,5.118729246624146,14.1926147043629,9.958992348486268
5517,1.2920688623940897,3.245026522085386,9.730634274724173
5518,23.84574513397541,21.12361640716486,6.085458337990599
5519,7.956976188004919,7.2074447444862955,10.733120794914988
5520,14.047837085573349,11.123065017408807,8.926878966307322
5521,14.292384757240265,15.06844480443175,8.040496345376006
5522,23.396555597947597,3.2574636000212274,10.060914452091748
5523,10.745681955774064,6.344979441804372,8.080418290624094
5524,2.278028956129185,4.866399308062798,11.926827887755696
5525,5.507685783062771,13.907628137623686,8.460794501652364
5526,4.641035976439416,7.783936302651933,9.498365215371088
5527,9.779257112755584,12.60980301918767,9.07727453994767
5528,4.533311651147765,8.189162158251845,8.95248406944389
5529,13.109529268978534,4.985421053774899,11.467052484941137
5530,7.055260859798682,9.046625290827025,10.801335529112812
5531,23.55736317923379,10.33944388492618,15.011598573483418
5532,3.502241352204299,19.480487425435072,10.71453527676641
5533,15.197888438685233,11.654545631350757,14.153212499459809
5534,3.8078238420556487,19.53153504120892,12.256463557858599
5535,10.395763011228242,9.137225499235363,12.381428657643266
5536,19.909507405626815,6.9396999542998685,8.063289207310703
5537,13.537930561467384,15.097688607669246,8.521019376405778
5538,18.633391781264883,10.58816519175426,8.201002723233085
5539,14.789288519570677,9.067749331122226,7.826250067555046
5540,38.1285638857767,9.689433019568419,11.395317772211637
5541,13.718471337543855,11.808149038508342,10.286231160970429
5542,14.074978062184801,5.718789956461991,10.608455963110158
5543,5.892112236758252,4.774070916631553,9.209147187277653
5544,9.675657231363811,13.28730764306587,10.59145049067392
5545,2.348241632371534,9.49688265807902,9.52470861399457
5546,1.337288694018403,2.9237106546647484,9.16382698929303
5547,3.6882563693449364,18.30099387760404,11.104787496317723
5548,11.279569503441405,11.545068978112301,12.147805821963013
5549,9.367165878668606,14.596610047072739,7.9753244071426455
5550,3.888711992185959,20.067417985628264,9.28409928078894
5551,11.449619152870381,17.483253720904475,9.810444481820603
5552,22.86038848717612,2.92186529539953,8.704002862963394
5553,6.937231942198266,10.713458602064023,9.437989484037157
5554,8.37456563720028,13.712542095744325,10.445443194051622
5555,4.85661250036193,7.240368197933144,8.625165487559777
5556,3.395266249816034,4.382643104612946,9.680320145393477
5557,14.097640621100098,13.595655712735715,9.638596758672401
5558,29.88398158168341,14.77012420804877,9.133353250682513
5559,5.366180000368109,6.345128791859576,10.165737388392461
5560,6.149590540791722,12.614541025337761,10.901436893487771
5561,15.982287078986737,11.265849310059124,7.944206535099094
5562,11.235505630206264,8.928750235519729,8.836333129004572
5563,13.599146079806738,18.689712946417046,9.979056411921054
5564,1.9120379006208315,4.10456255631851,9.692383112257755
5565,3.372274580934021,13.319618054239351,8.185963414870356
5566,2.7541398668064696,7.085603582821929,14.765924181231595
5567,8.536567844264551,11.921562776012639,8.18038428983763
5568,1.7102935409884263,5.44082384701673,9.333468590606076
5569,14.949675119838428,10.721659080664747,12.45275343557153
5570,0.9781994746816105,24.437974275844816,5.596343151520752
5571,12.6068118092239,6.637548682540293,9.846069710600233
5572,1.3558515560182611,9.015778187373527,10.669550371013084
5573,9.103395091548178,17.499985341845644,9.456893543646489
5574,1.2997820162037195,4.320867890165521,12.726799614572142
5575,33.13840834234604,12.830961277716222,8.187291708542297
5576,18.647510688017213,8.562111468832443,11.196976621650167
5577,26.77154373945252,17.342549291487416,7.71389153317394
5578,11.794994989352308,12.079688856866714,8.902830016945186
5579,10.677045658657324,2.362706543331393,11.698211373676765
5580,14.918531427356125,4.920429390322422,9.60083192814687
5581,2.075288123395557,8.306988132205557,11.446028468525624
5582,37.3747777025971,4.322798453208852,8.727342968695705
5583,3.1715514276958894,2.763003898630859,12.44730718757573
5584,1.1249065360152528,14.103497412232912,8.350295051307596
5585,1.639508321561323,4.310806762355958,10.62285080703374
5586,4.16339572184592,8.191091309500706,8.514507814794428
5587,3.0389648029676697,12.176379727068117,11.727661120045665
5588,6.664252887891198,10.986115114372263,11.593781425982412
5589,13.059381480048977,8.33034083200461,11.11175568990697
5590,7.7245340436832866,5.359517106214138,9.238464973881094
5591,4.676857033631649,8.12199958110578,10.983647459254945
5592,0.1910669404522837,9.193208092902271,7.191957404936432
5593,8.042467682813271,14.388603309896975,10.744613352104121
5594,7.702040878378351,13.08141745869229,11.874928870086238
5595,47.23219325238043,16.359524600104272,9.814430525389616
5596,0.36049424151624904,15.18183702807832,11.472812921279644
5597,3.716750951527491,17.89084895641753,10.281428329410618
5598,22.499554331026584,5.282666805848234,10.105324632530786
5599,19.691296489651975,9.157615628582972,9.180912957821665
5600,1.3329268946058543,5.436015685406301,11.917464664665006
5601,2.4080464391578746,4.484610053721584,9.722716441892548
5602,5.132281415745594,4.371255804416812,11.23035391106415
5603,2.685828314875661,6.3080825736829516,8.866442354860597
5604,1.819696271513629,19.09148885544849,8.659036202867133
5605,5.311222597930105,12.52643822534673,9.830823563103449
5606,6.379585730628556,7.448807398490507,8.264118668009163
5607,2.632107586598146,7.5378876532637396,11.018518388924175
5608,15.723106057624406,4.658583430382477,9.112790576722393
5609,0.9768949105833475,18.54585613822565,10.210855330061902
5610,16.045655465102183,12.953429513050684,13.176385169745204
5611,13.209007284074403,5.637288388794691,14.261423974434793
5612,0.6805177595731641,5.857855752961601,11.41858988931656
5613,1.151098525140412,9.943665776405004,6.195853431881899
5614,8.398005382990716,8.636015042506923,9.725014075422822
5615,9.550606795895824,15.704868290472874,8.917829778538513
5616,8.980813147706316,5.4399266719331765,9.663356443807313
5617,5.4145511392301255,6.730542236284575,12.760511397211749
5618,17.742151973313884,9.434777808142224,8.95173432260091
5619,6.883658732245019,11.259757845941278,9.151579223491948
5620,0.7169725855006259,16.05016391236132,6.096256390657703
5621,8.802758043849884,4.558860991927605,10.43779314112167
5622,4.2875589754611685,6.3003625643782355,8.013033366706733
5623,5.749218245881448,9.290741663673407,9.29246853347214
5624,26.7426814078913,10.785271351878594,9.554873736487052
5625,7.61025557550292,9.754338200733773,9.691828133185401
5626,2.6264363504769914,5.293942738872856,7.0395882682326745
5627,2.534032042281281,9.609135163889146,8.174970320221622
5628,52.44924809405732,18.53210938650379,12.202598279837021
5629,2.46572858251827,17.281115019255207,10.862676922054607
5630,5.854249179898094,6.736278469112905,11.838621138628634
5631,11.188304900358185,7.520388250998179,10.840025175326518
5632,52.952612296672314,10.375130289492684,7.332564311815945
5633,27.900289501868105,10.01042949805303,12.548548779702259
5634,15.675030456145794,2.7860557420641774,7.876459021713183
5635,33.128756509366895,11.167007360316145,5.887334355628966
5636,30.49209641692596,12.33364650322114,8.464020091379973
5637,16.224566522891568,12.558742881581134,7.2852089116643555
5638,17.827664469321476,8.027519492725862,9.836705269246545
5639,1.709837634551084,5.07871251480904,11.037039153112419
5640,15.889055087508067,16.62517344984611,10.235537790770382
5641,0.7092744670669439,7.365075574869718,10.059044477680525
5642,8.353438741693036,9.235171743393183,9.778150521694222
5643,6.188805873476591,12.760273379669005,9.856498149584723
5644,28.694549754231158,12.457486878674562,10.10174585131586
5645,1.223093528956518,9.742022235697657,8.488998877396567
5646,6.55446598699181,8.629268539285182,10.63073775846242
5647,1.7619768182850941,9.060015573625392,10.397275242755367
5648,2.1150386690685252,9.674881129943364,10.771795505897346
5649,1.2895944029358775,5.7021704090591765,9.977025665494784
5650,2.1253107004660263,6.832920222675526,10.870578864037789
5651,11.298892609136614,12.678814824371475,7.23989205638239
5652,3.403031060011419,14.543760349543183,10.011289370735211
5653,1.7691360038763908,14.290987530185006,11.415411906905339
5654,4.251877308881347,5.88490234370227,10.275997581857053
5655,4.613944190881616,4.383885991636275,12.272973400911074
5656,1.7170202417368414,4.190747478946462,9.427548939874475
5657,4.1718705378984,8.367024225589521,9.767826221647079
5658,22.016880157365488,8.56866726513119,10.92992136780965
5659,16.965787312196642,12.331778312867295,8.618918304529826
5660,1.0053525085023742,18.5662606658948,9.568942209080102
5661,6.317751818979769,6.587982361760967,8.682593244498836
5662,2.3517609139144446,5.26060895730256,10.718413742871745
5663,5.483880904457906,20.692263973716813,11.761502450197774
5664,20.237864958138292,4.719638600780316,7.811318669483936
5665,2.417979090588685,6.66683919133429,13.492772953609606
5666,2.9455064214772313,6.615155285275574,15.588196854636704
5667,5.2934623435662775,5.994279042021422,12.026558001826865
5668,1.2568747482072413,10.709452732517628,11.929816434758221
5669,16.930183024167864,6.069916611144147,10.44967528790531
5670,3.213117128471837,14.021603824979291,11.021574893974826
5671,32.782565189377486,10.780640988675291,11.895347842791171
5672,12.340620784925035,3.5529101035904924,6.289813842466491
5673,14.364240377520435,6.676853135713252,9.589189612820302
5674,13.558123983068407,6.288065659362391,8.607610286333431
5675,1.1511834609063136,7.338436848788331,7.590713125913376
5676,1.0184255003100642,22.63966456153086,9.902758979370885
5677,42.17016634747227,7.84902337531705,10.810398614162551
5678,23.540688807643242,4.680393806140159,7.235936466020332
5679,12.345273059669097,14.252170679656007,11.219793788853503
5680,13.33358325454195,6.802875520021516,6.62255047053396
5681,0.9063556312715718,15.612840860309257,9.711341479876372
5682,14.121483684249533,6.913340917260891,10.475300125504292
5683,18.78588896825108,6.465591390621431,11.444180790878129
5684,1.7182473108191243,1.8676281636502527,8.919219198433556
5685,7.354388874748998,12.224145004969394,9.962857505665681
5686,6.600227843179513,9.226761534945421,13.847153072982254
5687,0.6819838106345192,8.301178170538922,12.382921877909688
5688,10.189063991606153,6.089342018364693,9.029217020100642
5689,4.128027241268335,4.519455274892775,14.456882489664762
5690,1.1097827709825423,10.558882252458789,9.04349641959656
5691,10.086088790467963,11.940007808561791,9.09873375319206
5692,9.180307188375794,10.296333257735792,9.060554361108982
5693,1.8861876550514658,11.066035051705548,12.804946388994974
5694,4.087171591164889,9.21893251489719,8.234350790333218
5695,11.990920575326058,11.352587911175116,8.183889894818188
5696,8.808785358154227,24.297560594805752,9.847526595308283
5697,14.549617082897443,10.564369210596407,7.626251767059231
5698,0.6438272941441614,11.93040860384014,11.72408815043328
5699,13.726683970952609,3.4887410360989173,13.266877353324883
5700,1.2809843005295933,16.35576895351282,10.275489880728458
5701,1.5328241968260519,8.80056550109579,8.887083823173267
5702,1.0454095601841324,8.199009370898517,9.813123832663111
5703,9.167129549022874,14.748640693339345,8.546398844962455
5704,2.052985020485399,12.832413166318792,6.165825626410132
5705,14.4859040469206,12.12832480507974,8.953230992239645
5706,2.8692891797915174,8.37249159475871,6.937267248546204
5707,1.0669344187040546,6.165274709225456,11.34191257840947
5708,6.656750659618977,10.650523970075898,10.354073145615121
5709,5.7121345224286895,16.49443144050807,13.079949106824692
5710,0.8717559072973297,10.163429767465953,8.040692239054993
5711,0.6193021581327861,8.764567902879618,12.435078146487735
5712,0.7300239231560116,6.302415128128327,8.86793114943622
5713,8.323045379749304,10.510033889346241,9.695033287883941
5714,17.55967559573427,5.656278388335549,8.346129245797387
5715,11.848793601648799,16.06132409741001,12.212981995262375
5716,21.41888766130504,11.274257481531736,10.442961885977875
5717,18.231013250752575,13.079439721721908,9.677092469275609
5718,38.88841147468179,3.8147989064837544,9.441340990673098
5719,14.317391012245457,13.32464514427198,8.743168191796132
5720,3.093145635953797,14.844378688404873,9.609402018285103
5721,10.199305307171999,19.131797609155544,14.562812083313405
5722,2.6529966128083347,15.375640327016082,7.0565414124337975
5723,25.30501982077912,6.00336264690095,9.223123124627095
5724,11.370935769013983,5.9606054535133515,9.620077172523931
5725,3.6195563618957065,7.809926836323276,8.003950454815577
5726,5.632805263669059,5.8667098222019956,6.612691625518472
5727,11.462137409267958,6.996456275367324,14.86507649906547
5728,10.114078395333287,14.189201931534418,11.448486161739217
5729,4.878540156503373,7.0539414081493375,13.212568785112754
5730,2.809686189654702,14.265701800846514,10.541734609714705
5731,19.09340305439897,3.852187467377366,8.452076062108464
5732,26.879807591479373,9.095593947124808,9.814379530980434
5733,40.65310289770173,12.046209885469882,13.306662495787409
5734,0.7791130575775507,13.269989128317125,7.533739694603105
5735,3.068218350127586,7.092573924747536,8.648482415906459
5736,36.144188390511815,10.830095041877907,9.33543280950483
5737,4.752139571735527,14.8099219659051,8.636370453429661
5738,1.2169002158904074,9.26274088214246,11.322024776987853
5739,0.10531604487687371,5.951411056575324,9.864463274918082
5740,25.489760042783235,4.127311931838675,9.003454368441885
5741,4.322124133915156,6.069568795856591,9.243143448606235
5742,21.519105681468016,12.287371303028443,9.16822008548175
5743,22.09727068967942,9.897128691975905,14.289199458779631
5744,1.3616277762711821,18.60216818168589,9.069515146116489
5745,4.517067925171454,4.700328004803568,7.727132805630166
5746,6.181035432773095,16.512798045715083,9.569974839648557
5747,18.919570043960547,8.116939504472288,8.407982219432881
5748,9.282381344075814,3.4697304027566376,9.599697474934313
5749,20.959825124006493,9.151227037254653,11.567573450917962
5750,5.100648533182355,6.5493679078166975,13.698369355990517
5751,24.73865382242021,6.085540415020704,11.972547546964284
5752,22.000022240346343,8.632265871593283,11.286190559322955
5753,1.2076924401376798,14.279022456692545,9.120705250222096
5754,15.134998208559361,8.419329634289877,13.881303394366682
5755,10.098655159070095,16.481078094383484,10.484575320983522
5756,4.815659123973031,7.613329718142387,9.494403549310505
5757,0.00275449543209564,15.305231284942113,12.987905861501746
5758,10.742820638483307,14.792929177024627,11.741367129414662
5759,0.32097017923105187,10.2694684568114,9.889957795906572
5760,5.171196800553033,2.9825254252227227,8.195424415482094
5761,10.188053121259257,10.339342827515502,8.474511658726973
5762,2.6644161016972614,3.0205611056122508,9.603475636440287
5763,24.375577257943828,4.451718569632192,12.758503104605875
5764,7.7621832763399246,11.31944752392286,8.198374515783353
5765,17.083584973387605,10.372231866489159,9.924076702112705
5766,22.121549720973437,14.325593159895789,8.36266342516125
5767,7.019809033541937,14.441763987920009,11.642814812015784
5768,5.497053612057294,5.233964123942181,11.270705364966636
5769,4.886343440001982,15.24581545299913,11.227199925086161
5770,21.242674559114743,11.003135577781332,11.765783403217494
5771,1.297364486430252,7.347785177825969,10.118962705423664
5772,2.3901211330644356,4.835712731991508,8.912010788608569
5773,2.0709217705200675,12.320112996029719,10.468985052058136
5774,10.115436634939364,7.308428107137361,10.652713369795213
5775,8.370070342827693,16.294431660702905,9.441292759662291
5776,2.253577285194544,11.180103048276633,13.090800189490187
5777,12.834014595531826,8.929929193529524,7.941317800566468
5778,5.495080233702506,20.835453520153106,9.841617998490591
5779,3.468602505131481,19.28245426094456,8.732200327160578
5780,6.817304944019691,7.589660312424769,11.645225774138243
5781,12.439347491387576,5.849296636827167,9.62142515337796
5782,1.3211003755684199,8.794756433992893,9.117458593857343
5783,0.8690703645208425,15.747562053311645,8.583830172261901
5784,34.3372704142902,4.6365726763950255,9.475333211775617
5785,6.786209665172598,12.06497962682048,11.517007425530526
5786,12.10562727726102,7.08725716939023,10.759572234651618
5787,5.113907329868273,11.556145939042274,7.74825563606269
5788,1.743386721037062,7.082872639884147,11.957003012683629
5789,23.921485503667075,12.643115990733866,10.563996263511772
5790,1.7225431189478135,18.382682066101488,9.144154675317901
5791,11.473827257536163,8.027875190870878,8.58175686171136
5792,16.10403573634497,9.257763991469394,14.052869678352682
5793,10.454626228484626,4.583790651958043,9.025542160975887
5794,14.54110213115132,9.492180751806426,7.925353768680378
5795,36.79809057767265,10.60603489683865,9.545983733872122
5796,10.762880797475644,13.466079192963495,11.841940483020107
5797,0.48000814147203047,7.815804595832693,9.348849563975516
5798,4.721986133449575,8.98869267790206,11.985747720626499
5799,2.6297395485109734,11.356457433620644,7.361715724473206
5800,9.580037246865952,9.359798642788698,7.774951162429089
5801,6.840975196729242,10.222331893754042,10.142948508869383
5802,1.5107417069038944,4.434388882351969,10.699451718449447
5803,5.861025807714781,8.59723365659987,8.98269193374106
5804,1.259501316656521,2.232064580374924,8.788867987840296
5805,0.041349207798662066,18.962967153582472,13.417504798920707
5806,2.452285058652856,8.487601718625129,8.42013925949692
5807,8.747648292927433,10.405275466998052,9.412340651420793
5808,14.012597427809272,7.410697190456295,8.491623706950532
5809,2.0245677099086046,3.5556295967707876,12.034522349165343
5810,20.313326878773896,1.492998482097176,7.79300937138238
5811,9.296816551790544,11.90545885991499,9.319921725769825
5812,4.1561016477944195,13.798848807368884,9.520093319800187
5813,28.187662196326137,7.6837683336411144,10.009134976826818
5814,2.0990237535970744,5.67969196946669,6.465842288586278
5815,7.811750376469245,3.1621489150045567,8.46929204188593
5816,18.31530014171601,21.891752494285488,12.397902692737581
5817,3.5094565375574964,7.627449439669265,7.902299394834673
5818,4.65311545820066,14.962329609174692,9.539112592405006
5819,4.344421571099586,5.571053723063539,8.18881154835655
5820,22.453287933045363,9.6504079991157,10.8524789311624
5821,7.936027420446751,6.770894695928885,8.310296076256664
5822,2.41287716781021,9.168944193028164,11.17046418245565
5823,3.87718142013483,5.531999937622579,8.029670341301967
5824,10.592360393441089,22.81146702452277,8.937690673294535
5825,7.966588576625339,4.256934939207647,11.798808435510818
5826,4.785541024671153,7.789091000734901,9.95895727931075
5827,1.3953261463088624,9.724759093755964,9.760922834606225
5828,2.5841807768964755,6.69294294858391,10.751195052663617
5829,1.846379607766785,19.073267514764744,12.689058392975221
5830,10.078626462214176,8.875830891334685,11.763552250001196
5831,13.219600694253254,10.94921201603176,9.001592025756075
5832,28.213361152332848,6.516798586456886,7.800254100614604
5833,26.459690538967624,14.18946229698901,8.017344307489747
5834,5.677222199993737,9.8481312373763,9.771107224045892
5835,7.5955146243612175,7.024252941152227,12.077238902596088
5836,4.0718599986605835,6.805917372402445,8.349790848109636
5837,0.3026599897316057,11.075245252357748,12.810095547904382
5838,0.48171916438500395,6.110296515436995,11.15374450996935
5839,1.7874939229008813,5.6656438947415575,8.107496720581127
5840,4.110187813635711,8.773866993571442,5.8654204927397355
5841,4.411446859290869,4.265937173008566,10.285664560160146
5842,6.5417968335601335,11.862067536493964,10.574193568714287
5843,3.4230585249503513,6.338899943318256,9.384697262931008
5844,17.87586323854736,4.540664822719113,8.583049045680127
5845,30.0786462037636,8.495062247486095,8.44705368791564
5846,6.90624361487125,5.4206805369577,8.670693657064394
5847,2.812393023448944,9.566105941709859,8.987110144992089
5848,5.564663192710604,6.115861088334151,10.753973473852428
5849,4.23184513923921,7.125752242318979,9.970035824863691
5850,19.2742880108388,8.98089888704449,7.532439640304412
5851,3.567400733265044,12.579339924724597,8.560503925091743
5852,13.52726427506279,7.713399124129099,6.164317374959671
5853,48.59424448869092,7.682651438340109,10.508685740549264
5854,5.983844760457534,15.52851334821563,14.99760684940393
5855,21.244564040615156,11.103894123627976,9.699237381976534
5856,7.632554883355247,4.570884070768663,10.28027954391044
5857,3.4547302206347354,12.793639722176591,8.09074751272681
5858,1.9485302323067017,10.910981638906552,9.30267962025899
5859,4.347587637451163,12.737575772065593,11.698294229425608
5860,12.857377869302043,8.124038031533429,8.271850970246424
5861,30.32576121825229,9.568957971779705,9.53159027058962
5862,3.2538803141713233,18.942558866731314,7.807534388354693
5863,2.891046268408284,4.795791360155749,10.246293043805084
5864,0.36895469243883405,5.860235286285947,7.446027635772925
5865,0.5468517094912769,8.175284001680698,7.700016095795143
5866,17.607640761767613,10.918438888386572,10.593575807270323
5867,35.24740822664902,6.231497290571445,10.413708788137534
5868,13.023667432334642,9.052795976070048,9.03737728273651
5869,4.92638200776689,8.407674627132796,9.560700265766231
5870,1.863637915978484,8.81326571842488,9.166472488661862
5871,0.7380242782326425,16.410432022439988,9.810174056009227
5872,3.5369193223432904,6.164456885156065,7.52183427333486
5873,9.996242828964927,7.916875524821004,13.259235484434718
5874,17.16940593549588,8.445750476522965,10.031872100857948
5875,10.208235966452463,8.609609718519637,6.723328898550865
5876,5.846134330794983,6.580805355851508,8.791462581072354
5877,0.7079655243409124,25.773933632194666,10.205622913110895
5878,0.5533909342089463,8.296004193394548,9.439911457574347
5879,10.74767504050107,8.12515766428124,11.295895089897023
5880,4.75889607374993,10.535230635317808,7.354596037150461
5881,21.030763489028644,4.70250430817553,6.28716161309612
5882,6.830657141639247,6.789665796651588,11.59077689609385
5883,4.830344782867975,5.037479745350201,9.234590571637332
5884,14.44669619577241,9.914711711602951,7.030819502242065
5885,6.512438793567644,5.873633380901731,10.808108502780174
5886,6.815578587134394,12.697410546262196,13.764203730079895
5887,0.9812973588532121,8.859701774747705,12.370506672102033
5888,7.781910689221412,4.841266978785404,12.452610957060852
5889,20.53461351223297,7.691282997653218,10.287486486425077
5890,3.520573665905958,4.894359901136143,8.18398719722696
5891,51.05078068433334,11.782077187693808,7.313050127576159
5892,20.695381719915016,17.608955849155848,14.503424759747313
5893,4.326735553164019,10.267918645082812,9.542256878308008
5894,27.943111921833832,10.954418940874069,8.577841927244574
5895,2.320578566468423,7.824537102302697,7.817489044729311
5896,5.856348719053674,11.342374505830405,9.625363349633584
5897,9.401800923203977,9.491927187740439,10.749777092951215
5898,12.53038131224026,7.607774929264998,10.111687601682167
5899,10.184571181105186,14.333673226568308,7.937765354316906
5900,12.149961932121247,10.322387711265748,11.486773961134904
5901,26.053938048776104,6.127713594894687,12.910304059842758
5902,1.5896450306996939,15.041701265000972,7.511974500189677
5903,15.573827909733374,18.42674309036881,8.768844562745596
5904,0.31966815450240804,12.679807112300631,10.451349717051313
5905,17.400568968010734,16.986542986349328,12.223772418583586
5906,21.384935914523012,14.592235057273493,10.24596289846309
5907,18.71968882350244,9.925448201965192,13.059873869398633
5908,10.121619223543172,21.119118625486475,9.867898767426706
5909,9.942101706230897,4.688568717147254,10.310556890369778
5910,3.4138303029456565,4.121186560912239,14.22224886268024
5911,0.3197800240368755,4.840299850412099,9.483139846296508
5912,1.104894738768624,8.431809016935922,9.24956484298292
5913,4.555336210744913,6.715193734220357,7.968765705402476
5914,3.6455449363813632,7.965745559744546,9.11389744114042
5915,3.588855036101485,15.281906699631723,6.677176668587683
5916,7.151569689328568,6.926971329308527,8.698143713050973
5917,0.2905663363536932,12.06733375771626,9.354177225606602
5918,18.76039357164506,6.619369768486193,8.781141285003672
5919,12.014705484005393,16.80911662860219,14.154322090229135
5920,1.8106019479918096,6.498052996584261,8.138170743213129
5921,1.6130234057838602,10.121309776404209,8.684093200429604
5922,10.335799355916349,2.7082645569745467,10.663362513968186
5923,4.459202673209785,9.727814084947152,7.656769988403176
5924,13.38245800134457,12.446199125828143,10.611787508627025
5925,1.534390013026395,7.745187428754207,12.193115508447885
5926,0.2766813147071658,9.377418278296362,8.934673312646272
5927,22.64467273308759,6.689381799621098,10.1210414532778
5928,20.850995131738852,12.884890620429207,9.850672992576184
5929,6.758161660559604,8.809062391435136,10.380625138914315
5930,37.22342208313615,6.355766831189179,10.530830116028596
5931,2.688216545908846,7.243368832921563,10.435356824281381
5932,8.444094893072048,11.282566131158653,7.835924174299382
5933,6.957765150710216,22.791403642873586,7.0600136969767995
5934,21.71046071857211,3.8731454719814558,13.790867803388894
5935,10.87419916679015,3.79352892215016,10.399375430918187
5936,16.80763541066425,10.220267435192241,10.77272374825343
5937,1.9163485978826338,9.056076566699321,15.421866875699067
5938,5.346794675100175,10.283869547285738,11.970769168672522
5939,9.875881896683646,9.182003136214712,7.640195045827516
5940,27.966888842427664,16.40684944542395,11.521611563753714
5941,3.154594049338615,3.1764023788096116,9.473397197529783
5942,0.6660721465880102,9.021618860722738,8.092110398574352
5943,8.386766231960689,4.8364088620713535,9.436107049418561
5944,29.545226492181687,15.44558207696575,9.990142401168962
5945,16.995010305908142,10.086801652812952,12.281251739301803
5946,11.243129880000176,6.2484890345982524,10.387855988267354
5947,0.4261410795112861,10.83602971562916,10.63595204125768
5948,18.355726191072634,8.749694226724099,8.542020669322774
5949,5.025479064300847,12.164890499367024,8.912513002115377
5950,1.5964282587164431,9.937699400903153,6.70239922193154
5951,1.5579866725504377,13.41251572224903,9.44381708001033
5952,0.8513566794939327,5.729115378593564,9.040757989369293
5953,3.7113520192955387,6.213139733524594,10.16115964939364
5954,16.722050956885166,12.896835701442631,9.623723516891507
5955,4.52203189622449,5.656591802915437,7.480496599651442
5956,23.604345658382567,5.378917075065335,11.27045994979414
5957,9.072206570046822,7.992398464341832,11.147421379806651
5958,30.524368391808284,15.894012167774514,8.830947414552941
5959,24.69815247959693,6.407378664617522,10.21009719233811
5960,13.157446374118162,7.485693313111197,9.678445186880298
5961,4.566700900162995,9.440625374241675,7.068548439966543
5962,4.1708034085214685,3.663974401840438,9.090531739524414
5963,10.405546990368721,8.503539219090369,9.685948991684537
5964,15.742332434426277,5.3398018485194925,12.48821266943728
5965,1.4115958899814844,12.319449203636616,10.50292541872731
5966,4.944946892697772,8.870812258035786,11.60822283529088
5967,4.505913349423644,4.867485467974296,9.329304222042712
5968,20.690654204234356,21.661895120850893,10.781608140227343
5969,2.494326327376575,8.878967018599718,7.700597391700739
5970,40.246203023983526,21.520465764646353,8.64196784125258
5971,0.2634965125796626,15.474410398941856,11.947121389469931
5972,3.758808428383275,13.049257649852374,9.547108739923361
5973,0.3071301028759089,15.045244853997156,10.309252843741126
5974,6.306342545260189,14.617214398419264,9.630249666093741
5975,1.4952959933685552,6.246459542153453,8.385366065272969
5976,19.26373787409753,9.897998720392232,9.654173430987877
5977,10.888922011910333,6.736580506519511,9.190977700244364
5978,16.95580448751906,7.841743191979989,8.643433403427938
5979,1.7541650884720663,9.320478478048704,9.799722141642528
5980,11.421791172225541,7.428277914718407,9.88364746298735
5981,18.90730002239137,9.170224626491834,9.108163516489986
5982,6.152206100095789,13.006382298930376,7.295514870417813
5983,1.7320928335182384,6.007471782541882,8.922471391660663
5984,11.695728398696712,6.741931448427903,9.01456959741143
5985,12.732101911266836,12.668537287166675,10.590022206100192
5986,25.247109595370638,4.537926158595021,11.463697671241631
5987,7.705751252351162,15.13068519496073,12.371050469239439
5988,3.6039954997396815,18.39297118616391,8.096485889365315
5989,8.335971875262585,17.983588556435638,11.453081063335796
5990,18.449754698681478,12.979118863201524,9.450870776885965
5991,15.875189997920819,26.341916874225284,9.72224499832576
5992,1.4328480600269333,16.99769829423783,9.137917221480798
5993,10.434444841421785,7.098339907330437,5.903775338152183
5994,2.874380346775134,9.025419297024627,11.068094787337438
5995,19.208665112415524,16.182864053923833,12.145418659477924
5996,10.194950416639234,10.273517678855772,8.813062415442252
5997,0.05014074960686241,20.563457201340093,8.08168363867519
5998,0.9575887915111708,10.584391085727532,10.079216787102393
5999,1.780839280994479,5.830885609057544,8.436063142726494
6000,7.991869433703925,7.633875890259001,7.8227531014758975
6001,4.952231230869484,6.285318356199555,14.40498901073173
6002,35.123547542204406,6.946426546317058,8.445978374883358
6003,12.762863661725547,4.5410906950014525,8.424018870300435
6004,10.681262850929874,14.597706712005953,7.74115962103449
6005,6.084238522541493,12.586221012886762,9.532743043840009
6006,8.789926577966321,4.358104072175982,8.584495021170996
6007,16.804824060975204,9.886875707790129,10.708015607857266
6008,7.594403022582319,8.275373153735018,7.195928871926586
6009,12.856626693151227,8.024501328348677,9.752720767147338
6010,12.47993848829043,8.18563162600655,10.759365485403293
6011,5.3598133319124734,9.742751078903815,11.093034907001686
6012,5.074047657262698,17.67677679950501,12.26144440134386
6013,1.1047315481780096,6.25027094721764,11.84331408299945
6014,2.331749216328546,5.553140989721289,13.906472454256829
6015,43.02351712623095,8.20194365471453,11.625244093846915
6016,6.455497004888621,15.911771427152562,9.073565779130123
6017,19.05264059352514,17.785490569900418,9.836338266108749
6018,13.616331620025095,17.440679640667838,10.081234007745996
6019,10.39967083553289,9.119315661393788,8.626916625703501
6020,0.7745819716594304,14.178442511456016,9.412214480905213
6021,29.097478492874647,8.764004297220295,10.638440478620582
6022,0.04595364334942552,5.374950588460335,11.229361720938005
6023,6.139396557633519,16.502634603402296,7.515250936292824
6024,35.3542479009903,6.761949044234045,7.400688903352664
6025,1.810593896487739,18.130156381300818,8.948251779130265
6026,7.72875987110381,13.981697124726328,10.772860761867987
6027,0.04873699766561168,7.4093010427589165,8.055898168858862
6028,1.0474726988747667,8.068382643450605,6.616484632785981
6029,16.108831340745855,13.661630109979228,8.829927578261367
6030,18.47116407305479,11.181862305379628,8.983196936835265
6031,0.3496926789591835,5.070307879233486,11.233708289096878
6032,23.483111445256608,13.29961359088376,9.425657764797016
6033,0.38824348640224593,4.5983519988768835,9.563784110778004
6034,13.535193060896422,11.045919070329392,14.96287640526887
6035,13.313011255322277,18.105675806952014,11.923033912404145
6036,14.725990025210269,11.117914360462553,13.554623206641141
6037,10.506135585867042,10.798579075786217,8.941439009354182
6038,5.547365785937514,15.994379998466886,8.513823822296358
6039,0.013794213612475804,8.272687683916832,9.590260050814994
6040,24.813072693316727,5.403024426780227,8.077049263860642
6041,3.9720505780317406,13.698954586502172,8.874796353630034
6042,32.14037413264719,6.189423353661114,8.655060977507027
6043,1.657094750196186,12.756986514396793,8.403656659536175
6044,11.250007143068235,7.511907317335547,10.361701181400475
6045,10.705039654592948,8.648893126775764,8.751539521447432
6046,18.862434929080347,10.164648496782043,9.901597154491874
6047,1.7888693313029969,11.32814658824989,10.206885206845325
6048,2.845564281626302,3.1615177903642477,9.157909680448228
6049,39.909880145415855,7.68331761058015,9.824001984524399
6050,5.124438116781428,16.734566538397615,7.611308965030029
6051,3.48523973086775,10.193944778598075,10.618682164461422
6052,10.3235968185585,12.27548493793557,10.752876607646602
6053,13.3403968932665,8.885657874191063,8.147259621306555
6054,10.921587940978842,12.5363074940983,10.22991071337941
6055,12.635890374131913,13.52242300487973,7.945966858700995
6056,17.760326659348234,11.209461620867497,7.587117746635258
6057,28.450087637721236,6.050900623688798,13.28474829072124
6058,2.3414914979592623,6.669726469047804,8.872466316086669
6059,12.867288110744168,5.655106121104375,10.170609401815746
6060,17.31137489555431,13.250203704868818,10.760081843583711
6061,31.62244112649013,16.185000286159582,10.810721352045382
6062,20.57333583231654,12.262536979706136,10.653420641293415
6063,3.4961360191167117,7.651134577629394,8.237816804800119
6064,7.013028715649066,13.394529837309673,9.719179133422477
6065,0.13276202618258154,5.500070796996642,8.220598081438954
6066,16.99512541507974,8.778231859008052,8.877154431926412
6067,4.855429859266159,10.556692945460764,9.69271127517225
6068,8.873868499330262,10.386265435453243,8.562312235421091
6069,3.6311467952559378,8.670277207151873,10.42061186973172
6070,1.6464866212436569,6.213539933629127,6.929967682440969
6071,5.629060284542558,3.2046667885461773,9.709415725271612
6072,1.8220375027148075,4.391357652673978,6.344025828759208
6073,0.3808128831469732,8.489645485347207,14.41611507143253
6074,2.0144779570036473,10.444062239888417,7.870355198180831
6075,7.6064070403210575,2.684461023645876,9.159774157906133
6076,9.427246144545588,13.457687835650251,11.975035887242118
6077,0.7799526202117031,19.849067076362402,10.323106140565061
6078,4.166960283760776,4.962145367560957,10.591498027260117
6079,25.793271480694465,10.011239038657264,7.431210191959662
6080,13.808029283538108,5.813272924789614,10.030005735823776
6081,1.605179138624973,3.973615362640154,6.8858241344986535
6082,4.966887553914364,9.75646790452593,8.839355460031337
6083,3.4415387900168084,11.061493485146848,15.092922104468437
6084,7.754660042658033,13.947403624158321,14.50608633382414
6085,3.436047876965999,12.529747832102238,7.985200146501449
6086,0.561615226759293,3.4659210901716,13.562924804648018
6087,4.291619538519926,5.947365422688167,12.435042400672204
6088,3.1432095458140896,5.169193872826406,7.898019888800354
6089,9.27624293612273,2.8055074893907244,8.881524148662756
6090,1.2413729966337135,17.218208518592004,9.462364132747336
6091,8.491791879011954,25.714825694129456,8.882415995044948
6092,2.091307887591329,5.9228503092541835,7.739601634366031
6093,61.2316596698748,15.071545763417504,11.636966589986002
6094,4.461815625693246,11.258629496260076,7.135682616193316
6095,6.48213122591593,4.741583840513162,11.283716300501277
6096,1.9565850713532107,11.993735078921286,12.56347467043557
6097,25.08723138085835,5.9682665835646045,9.98570850151163
6098,3.2838130486616866,8.345666573019718,12.518732216210024
6099,0.6621398337639987,8.795668281994303,9.333811698176673
6100,8.31244433225348,10.349667349139533,8.452955210427232
6101,35.12375064005701,18.908629154531866,7.899701803753585
6102,3.057391239475926,11.461545964405047,12.34042738228687
6103,8.527043964480706,8.512093075965117,11.041460803711031
6104,4.843270136246313,6.057058119011403,14.815537793492672
6105,5.27975707836953,7.790812741169357,8.62375117185435
6106,3.726466531270524,24.89836316372035,11.710995292087985
6107,2.8287465376470813,5.308306838313431,10.487434047402967
6108,12.51667004493334,20.779718835554156,11.070841048689386
6109,8.74727145353369,9.676620873033317,11.044444540968444
6110,10.74952597631428,22.447477274679542,6.693438009410558
6111,5.5475638613757905,9.288020693150873,9.486948690871973
6112,1.4568545701194273,10.827817124721395,8.86964768140095
6113,5.906419789853056,3.633309884635932,9.877623921059232
6114,11.788183573838795,11.984071078128412,6.410840793346032
6115,2.2997625270418234,5.854998682210669,9.02069039093887
6116,0.1375885942006947,11.324510245093933,6.862614372346401
6117,4.299590482925347,11.41444229349704,9.733679384568667
6118,20.43561251295252,11.289372060591676,9.388754400133049
6119,6.511724922776155,6.217380424817683,12.806405396258672
6120,7.220572168117467,11.914864115112843,11.431264669782996
6121,3.2545007783281377,18.434708877540736,8.420371280365867
6122,14.684884550227043,7.338980938530514,9.860946985279348
6123,7.530852128342473,14.617987591774767,6.141252733081471
6124,8.757713246422707,6.823235269905256,12.705616827029475
6125,1.7715280714121542,4.513226277000367,10.334078578502165
6126,20.67181422819303,6.183027834750419,10.078604033353486
6127,6.595200559274661,24.14070696671171,5.9018579885263
6128,12.09752775939064,12.446907820461394,8.75699976185519
6129,26.455407935149644,12.255533879328,9.569070765909634
6130,20.998296152091047,17.23350790370776,8.513718394175028
6131,1.4436796955586706,2.3094173327015364,10.395314388592727
6132,1.6360882214751404,12.668827294211278,9.035391009799318
6133,6.431419927430695,10.947995269134008,13.171283876578633
6134,17.239711612958644,19.033223293449243,8.73177116274458
6135,11.315057576857598,7.209774862622436,8.440134023271556
6136,2.9498336553604037,21.345001802359658,12.67054103900505
6137,34.0214355839895,5.316671837782218,8.574509900412018
6138,3.109578143385346,11.56875620381428,11.070072472362307
6139,5.799703394368408,11.296982866213352,10.166355925704563
6140,28.435321251914182,14.790708784804105,12.262277547112188
6141,6.475160554359767,7.3867367011310945,9.505506282856327
6142,1.4817203375331311,4.866662022674751,8.858383462696818
6143,10.653914262008332,5.644859475840078,7.503061800080916
6144,0.061909714295360636,5.7724112090150905,10.111566172464327
6145,9.955163035365358,11.142893821033017,12.37972892140845
6146,23.046948466127173,8.417313081077317,8.427131429233832
6147,2.701685119783244,3.3706420606179526,15.063383429631363
6148,0.4152313261748908,4.044477021164946,8.97355467902153
6149,18.444466130701855,6.62455844109242,6.863821832289181
6150,7.425612299961268,14.333943248974169,9.533418628573454
6151,10.035715086552468,10.741129512383162,10.175111059229895
6152,4.171910967125377,7.548261131837615,11.454499576253747
6153,0.3485082558825015,10.235628324663265,10.917953664345436
6154,7.7475676694026525,7.2266499491815095,10.570604023936774
6155,3.715073578004302,5.789460051439395,9.333224776683439
6156,4.229227717617178,9.617341517635722,10.65477231593689
6157,9.253451029178642,12.899590257223139,6.7613674293828625
6158,9.948582954175603,11.694787541499517,7.735907353060246
6159,22.71041945637266,15.087766343277655,8.58852602824694
6160,3.3750921168765937,10.605686238767003,9.519743435812488
6161,10.196250833899146,10.035688558041539,10.720132167758187
6162,6.180519253610055,9.257256651963413,10.482678532510533
6163,26.52249055884626,10.192394248798939,12.468912946733894
6164,25.78862012989738,10.498994526624731,6.925545962905044
6165,11.719188574619468,9.685687638206312,7.916423760372484
6166,1.571335861498525,6.866088296558755,9.071572581649763
6167,1.6490365555171616,13.840016462469318,9.860621062786056
6168,10.769794366954693,15.05027984384488,7.972030443477775
6169,1.8363175738183841,7.937473844438801,8.138649631196374
6170,3.9238245128723173,18.59215522173443,10.273506486073824
6171,6.6360865068234105,9.08443809664644,9.355114965134307
6172,8.896850159497461,15.305361370676106,7.893224812243448
6173,8.426443359418672,7.9842352270172565,8.548401653994137
6174,18.738550679907622,3.946449234251747,15.294378094051323
6175,7.790997419803821,18.41162289547288,10.222202735640293
6176,0.03697912696980238,6.932133326636849,10.228655210020326
6177,22.27245784813246,15.995945385762884,9.044002180827485
6178,3.517401165254914,10.15758899923108,10.652748620507756
6179,0.03428041654281263,6.693705417003331,10.196834725841095
6180,44.45091003823954,17.95308862580494,7.119339875291705
6181,1.1747430004646149,6.522251949424133,7.940961488786741
6182,23.236291520587198,8.0947959313974,6.473547340533452
6183,14.555507576713312,13.195684833004583,8.745122973330613
6184,2.405406606541845,6.312858799456837,9.73857040679066
6185,11.914254841116252,2.5461245053479185,11.92599792107768
6186,4.952494532294199,14.531150010143282,8.67478824753872
6187,16.785218053152164,7.543227341401741,9.606981197601979
6188,23.578305811662286,14.079290281587754,9.679781608569822
6189,16.384534752816744,6.209100932280449,11.853225800885955
6190,0.39999037275354976,9.632322579439387,10.019228842423871
6191,2.188245956049247,10.097351632244793,12.216157769964152
6192,1.136849815927482,9.777379019304265,9.290756690674629
6193,1.5710289450171049,18.50389011775883,10.202364478067507
6194,5.195906985451056,8.589217029519912,11.261013461521005
6195,5.5796721966982465,10.466434730027583,10.594165938893997
6196,5.2149281678827695,7.598056025040444,12.3785582201636
6197,11.990619701763029,6.460192182265151,8.203567784326102
6198,21.467134154908642,19.613052571886648,6.379380842834772
6199,2.160733946898832,2.312679209248626,13.351044534858953
6200,5.959497826548038,10.46888590019952,12.066165292141042
6201,9.45925639875629,15.918829610673061,11.59518332808678
6202,6.24816535917099,9.25219466558066,8.819984257554893
6203,24.249756199696087,5.770076073209897,9.647621279105747
6204,5.306926543427855,11.764334622472308,10.194409021251893
6205,16.55912619053924,6.6436898710094665,10.967162565406515
6206,6.993234904003459,22.08764678909872,10.657289315167825
6207,5.936970109941901,10.0589460605991,6.858895165588218
6208,14.86356005301949,5.420760242629303,9.92515533099569
6209,10.193669916773162,7.477946932367229,8.254324522366291
6210,3.363016169379528,15.041110825899327,8.9453262814603
6211,2.4283015034213435,11.551855593421942,12.049865193435144
6212,1.7579036271739816,6.101191089059052,10.441889227962735
6213,6.394519577031233,7.368920541950919,10.22261120302279
6214,8.299459321838185,4.5468783209103005,9.65483062681187
6215,13.515726787319444,9.460268326976827,8.87244336190171
6216,12.003891969598307,6.967612608881948,10.559092901504638
6217,3.5778185930810507,7.141502953710232,13.275747215297883
6218,0.46806634161110305,11.648181153514791,10.569724007191983
6219,32.592923758594814,17.530083279814217,10.209353894198285
6220,1.6326874701065675,10.993938971700695,10.103794884381562
6221,3.6564821983766653,8.471275854157923,11.210061524089761
6222,6.248008970302917,12.506337716867447,9.144426036205237
6223,16.247729071984594,5.322045067602695,11.906475765206709
6224,12.707490602655666,19.483775438773318,6.800229269580838
6225,14.319070726257552,5.64126668389415,9.98664964092083
6226,1.1350017017633,5.091314734828436,8.686355686146538
6227,3.3413727465265195,13.778027989394747,7.128651637977709
6228,11.547864338384892,7.3987176028371895,10.465098056592256
6229,0.42534122065397956,8.220063048538375,9.776667565006464
6230,34.249853185000894,4.939462685657911,9.290749034013878
6231,4.363370302064798,10.283330689608281,8.978838632950477
6232,0.4173014231669823,8.567695029930222,7.543390366025807
6233,1.7980696092943964,11.878892901199915,13.454207925521084
6234,3.5369174241448698,15.065381774585571,9.22301880326393
6235,17.72958102160621,8.613887211990564,9.895390585684563
6236,6.422835355110626,4.656116182473665,9.490184292869253
6237,26.401616329398387,7.099177573766762,10.226327495523565
6238,14.282085822842847,19.140091128852433,8.12725602557376
6239,11.993060331592766,8.364439289526217,5.594001156597305
6240,11.611746177376054,23.55783349807294,11.79915619800743
6241,5.322617190174827,5.087251199509737,9.557485799510086
6242,1.7428711340081182,2.8250143167141886,13.526731897001163
6243,4.793435229345002,10.186674828970656,12.305807310918874
6244,10.354291737065964,12.860908375016782,7.605464126978886
6245,20.310372451144957,12.371948469684222,7.624353136083195
6246,1.6331831661855547,8.618877201442215,10.0788565333438
6247,20.03646778314894,2.6731550170228973,8.444312676696368
6248,20.7977201164033,16.214370100284032,10.331511303924758
6249,8.595774846182351,13.700565557765392,11.203054755976064
6250,0.08083440833488223,10.55434382343962,7.870954913665022
6251,2.8368126688504103,11.006584741638376,8.29102510691138
6252,29.179348935197897,5.392647143012527,9.350789046592434
6253,0.6330437042472905,12.687342979588658,8.372723218741381
6254,0.9949800436218098,26.34148862975431,8.612245117951579
6255,0.15093263683857208,11.962758096551804,9.955232287418955
6256,1.1492648316172909,18.66156275428022,8.124633506413259
6257,3.528979983018342,21.664271002870677,9.891877127948677
6258,4.270035771069157,5.798673968561542,11.07011497851025
6259,8.79186798028624,11.373853416907773,11.697967340891832
6260,0.8457673065859357,6.159420353567379,11.433604696159613
6261,5.7529085988603805,11.596029624665231,9.475641853048726
6262,10.849712606632504,10.878132727253899,10.510070474718644
6263,29.722974919629266,22.188035324741413,9.14488388968193
6264,14.091731825969203,15.624303511244767,7.8356705473200945
6265,21.20946639100599,10.841679947819074,9.986963590070195
6266,14.149160431811092,11.971061348731407,12.266434185106684
6267,3.356977696979307,10.567770329103311,7.689119198921536
6268,13.308937722205192,6.8646515723898105,12.462001873865157
6269,0.5812131611582009,5.812885114308232,9.167742333907272
6270,19.131784327534447,14.696230635907492,7.4925846395275215
6271,8.941262540177599,10.472695804629488,9.329659802382846
6272,15.719933691655852,11.453005839147474,9.741540435044557
6273,2.903007377733902,5.138225556696829,12.278960160132307
6274,0.8189379771829561,9.055699845047034,10.535042006044915
6275,11.525692823910978,3.900266872932839,14.478008358571545
6276,4.803244717497365,6.452399113408903,11.34372840097692
6277,3.6822286842909757,16.246274511075207,9.898647941556614
6278,9.472714992537417,12.391453751768951,9.490334009641822
6279,5.843994436595376,11.103385508473604,10.852866857268081
6280,12.697099567751968,13.57249338857088,11.386407397190052
6281,3.8726525872540343,5.419209506830039,10.972714900045803
6282,19.16254993153397,20.088478063509907,7.6459861711129244
6283,10.065126442466653,6.565491933136049,11.344842389228463
6284,3.0030714414854884,9.622391733862163,12.020425279558514
6285,2.2281254434607254,10.30862615326475,10.709394677182173
6286,0.16264845433593167,10.967162102138001,8.133423943315234
6287,10.429041055924243,4.643670207916904,8.645296104723284
6288,16.169586632110327,8.28311442807443,8.475498769664448
6289,13.078795185241134,3.2485826146749304,9.185004026227253
6290,3.390235630307136,8.754771857665935,9.970019645381436
6291,0.005958975592414716,8.390123415388954,8.690410206305499
6292,21.502242538903555,12.4495403408865,8.522605833707894
6293,1.5774315288413,4.527091891319923,11.062300632225906
6294,3.7499099363070334,11.565050916343973,10.125174775292892
6295,10.89002355184569,9.423446902403999,9.024550944025
6296,18.38790681940866,14.20532054488244,11.62358998724985
6297,5.902475006068875,14.005936422409679,10.820227355897474
6298,0.46218405117128963,10.829422429547307,10.228846574777371
6299,10.752905967229825,7.705498484496213,7.666066430460671
6300,4.877863916150794,10.677302421165773,11.076232508331493
6301,4.365021157794137,8.079616463890526,12.668758305308472
6302,3.0919161921278437,10.703392415033013,7.449944891632188
6303,5.234535682389283,6.601931304689951,8.364722887398356
6304,0.466544483932098,13.433029105550975,10.481236490677288
6305,0.6644104482608485,11.125085144377952,9.083100934723408
6306,0.8365598027120114,6.380085905754051,10.750773284777624
6307,2.4334897157560538,19.27610831010983,10.111629650322557
6308,2.6781354697591677,4.946209003998754,10.888106601613373
6309,2.1139802651100927,13.12945328366293,11.761698348871317
6310,18.734597462977696,16.211865376934682,9.343325063107693
6311,18.3139064602972,10.857619870152629,8.521768913014704
6312,1.9558440633226264,5.5328703823465455,9.530213691793017
6313,27.760353847076143,14.114769033619552,8.331376956132273
6314,3.0131237123069035,11.87097374418541,9.643530542874938
6315,6.79109720903555,5.593653926812976,7.635093646653498
6316,11.568481130229284,6.737557572809115,13.485645131585526
6317,22.039991996522616,4.138987004345992,11.375303826913706
6318,16.984791972843265,12.293787167574552,8.627539016425139
6319,0.7873779726180904,12.389996802558011,10.544993367109866
6320,41.51044613603094,9.066522873879565,12.866160705509428
6321,10.683481013940048,9.577154263106207,9.369646045767388
6322,1.5240708996868264,9.359474530462412,10.487106787459966
6323,5.571348159316157,8.742483959191384,10.433336378666473
6324,2.7464643759948406,16.181185964266316,10.173091304862515
6325,5.683792623194533,7.054340491423245,9.612661476878674
6326,1.9186667522214476,12.811773862499013,11.055498921549676
6327,5.127618128702505,6.111067194565422,9.226696065313854
6328,3.437398406977056,6.401983184234187,9.89438314575218
6329,2.7498919960438255,8.742487199411237,9.12431120045534
6330,0.1878312400110658,6.630095529087768,9.022482381154004
6331,78.12212770031333,9.97661490909955,6.841063730561248
6332,5.45030951505656,9.459969881750748,9.399896823762793
6333,6.758630332375121,6.141063957337204,10.495852883319717
6334,8.161732592175028,8.35132562884699,10.245671844373799
6335,2.635998968917979,6.382509486840335,7.826640225477414
6336,1.0583463312511932,10.198482604189344,9.387188420893843
6337,1.608542020600775,3.9083436792756556,9.944181463270954
6338,12.76575553466457,7.925382589117911,10.005628330289309
6339,0.5513603410968076,8.680005918362394,6.518389828362721
6340,5.673714695638938,5.101930753275669,11.190505961817475
6341,15.743487102708714,6.417984613451812,12.046435770071959
6342,7.7787386584797025,10.43726568408775,9.032981321224367
6343,4.862947701499294,15.51694663443843,11.163988002321137
6344,53.57252055607779,7.036337027498914,8.54799698545611
6345,19.562427455810433,24.1606011117942,13.230455615899444
6346,4.794797550938667,8.290910861177,10.482124337750173
6347,12.828847146778696,7.727376768708138,7.821977655786446
6348,17.236714111626846,13.35012543181268,8.983557638940438
6349,9.07190043529761,8.572056867528701,10.09862428791337
6350,3.611347446973938,5.228718753575626,10.034260210431228
6351,1.7739914527588165,5.831273402997347,12.30836074813437
6352,1.9373182649701493,2.082984760303062,10.57681329366031
6353,65.52434848219858,13.511745724289048,11.100134512147871
6354,0.6736852271417332,3.9810406058730963,11.130763708833037
6355,11.511036001077745,27.512478401448398,9.780208660452393
6356,9.109479462732473,8.67952407124311,10.20293922950002
6357,11.889600680208023,7.88255427792425,10.39323212287854
6358,0.14279421759543698,14.650898868222157,11.032057756551962
6359,5.866646919001171,8.356691141296938,11.796270398096489
6360,2.019816823483529,9.434611620161855,10.481986048167984
6361,3.544189754256696,14.557200810620808,10.466460099319988
6362,0.29629520620745586,7.400644413789555,11.473658484636504
6363,1.82317711751057,7.706191956479894,12.047899604215504
6364,2.000463132588448,7.018929935863963,7.725021176736006
6365,21.649018421198562,10.236315392648056,13.246241450207183
6366,6.2940001388000795,15.067973264436507,8.538442693324601
6367,7.3215590653038785,8.781008294513235,6.920549631017125
6368,0.6357672168086443,9.178071991895056,10.738762439575563
6369,4.614640380206563,7.699533930299562,12.698457593203061
6370,67.23781207464721,8.163686363071104,11.238860719656534
6371,13.239738045029902,5.491152308235664,11.864233652161744
6372,6.059994988264433,7.458601514169258,9.96358687342776
6373,7.06299063288301,7.581192002316973,10.52207224751789
6374,6.740246363400335,10.75863061760356,14.572327169678324
6375,11.198925675910854,19.087498352523223,7.184946370703887
6376,4.276691941747033,6.422160104097214,7.008434907855679
6377,1.3759327105575292,9.009297435546543,8.00752310148997
6378,3.3391910531298405,12.508052862295354,7.351228227630488
6379,17.14531975221548,9.285575196157907,7.778887398686726
6380,5.10637157386417,8.710379985452782,9.931292500245585
6381,18.11873304221501,7.169681372419376,10.27370304007702
6382,0.7251208776005694,4.273182742393584,9.00359149445009
6383,10.5799267501678,20.14301953087011,9.967590569064829
6384,0.4268755896965064,10.751270837263323,9.184988879309424
6385,4.029032712191558,7.2252448948472265,8.210605951356024
6386,14.24684651340217,4.973929199762946,10.316375059210847
6387,20.58384503844748,6.072937625192325,8.717216135414938
6388,4.803010355270636,6.485407212021383,10.188887081404472
6389,9.415896285794446,16.703488593901728,11.33442789123087
6390,32.456125786681405,9.247586349941546,8.729888344217107
6391,53.52422466879838,5.812860620159255,9.840206365315469
6392,10.688675932467019,6.167639393382773,10.635450465961243
6393,5.10004262436354,7.485300030709906,10.159903806892093
6394,12.503849591458955,12.81935198328714,9.072903712935638
6395,19.332434234544074,13.124062826756887,11.686416270961713
6396,1.4790876760807496,7.168156963136488,10.723267627992985
6397,3.0211175664062693,8.492287527588422,9.509032424318665
6398,7.165036199865198,10.884997075109455,9.715624055608066
6399,11.66862071569582,12.037511212930577,12.536034277851686
6400,4.800228057671501,10.227793064096122,9.288944038090078
6401,9.93408297548971,4.58010939403921,10.578557939654347
6402,10.01695779592792,8.163745241943662,10.977854572561101
6403,2.2241554719115646,19.90645917464102,11.877100340413188
6404,3.553425826527395,10.54564851877032,9.519886035415697
6405,12.93478420069376,4.631029609999292,9.739187422645557
6406,0.7201872203445739,15.937926489866001,9.474733398605197
6407,7.420801889823772,15.925775751110928,8.395769986784906
6408,1.759430798694124,1.5562692168971297,8.130455459053323
6409,1.7920872418384883,17.963923017888312,10.548126877785421
6410,10.941261591347699,9.431081926643259,9.654292437311957
6411,13.304048009884491,8.227842060028575,11.539407179981646
6412,1.8537541445201804,12.687647161798957,15.312583225410753
6413,1.100949336219137,15.601262838506182,10.303429587303118
6414,7.956707838954403,11.935977281780538,7.245298688762149
6415,3.715803045585918,17.08767594830988,12.670676010680216
6416,3.8125812595419384,2.8201635975206867,9.861067453006797
6417,0.4709596520799572,13.936964526928318,11.604546088774619
6418,17.09365849347594,12.306433512725858,10.232362351295572
6419,4.741186965929181,10.687888421563905,7.205120059057548
6420,8.827899756157242,7.217272978823907,9.350908825024321
6421,18.108717677515365,10.219313643111262,10.588463921466456
6422,1.4737812492040605,8.313473993442805,7.993275217918298
6423,4.378299687457867,9.435284347671056,7.741732770284955
6424,12.999052145422958,15.764276954969796,9.156206509900626
6425,5.3830609473092,6.686629522574333,12.151568489803134
6426,2.186023821217414,10.577779579277072,12.323522206707526
6427,18.53530191755389,4.606343212016045,11.272419906720161
6428,5.325052516994983,5.203099186772038,9.999747224765894
6429,14.224865040465001,5.688053673471805,9.660030336937329
6430,7.54876995487925,9.61445046557979,11.959153694709071
6431,0.2652366113952345,6.323791584072996,9.536607920659295
6432,20.912944114035838,11.040891409348133,10.404016176427463
6433,19.008155117817918,6.34910887518455,8.429709060291554
6434,2.582358056801706,15.390620294283256,10.28591954830659
6435,5.373119390409095,20.611804427745607,9.063292389488282
6436,9.820186873706511,4.020623223094124,7.996652070305637
6437,6.505585381428901,2.090322999702179,8.922623145912555
6438,3.3661206060460636,7.492758271220401,11.16337092406189
6439,27.51665534603805,10.202082446154138,10.597318598636292
6440,18.197024161503606,6.373903320759259,14.170461814873255
6441,9.132622247257158,9.414644789022729,8.25327878616452
6442,11.412719491471616,5.044697727829805,6.351459274274523
6443,2.2195116208927055,13.458174280966867,8.30301205901893
6444,6.501167848867302,16.239601653755823,10.17191860330339
6445,10.735416998834934,13.164901013558222,8.980875422011735
6446,30.239024702341627,5.0100575671928835,8.70446358232897
6447,2.2344388114135714,13.62017288885512,11.771623197078123
6448,11.164521462129121,5.495568941543855,8.236290574435092
6449,5.976086799431697,8.164576553695358,7.716712774953888
6450,1.610525418783794,3.9325486111899997,10.450809890187722
6451,2.7859420932902057,10.612783795915195,9.532888743129824
6452,0.4900181992459084,10.870016945478408,9.075586022137665
6453,9.619279973962685,5.327041258271097,7.2631984519950175
6454,1.7704353861200395,5.239981180595436,11.282631225721769
6455,28.190188492021253,4.900302636029916,8.497073708854186
6456,21.867067731994368,8.50921379997947,11.781369996458103
6457,15.078028783373401,8.813512644573835,13.293526617625359
6458,8.159644412194647,2.830358483602158,9.337056057655088
6459,33.4923278745961,11.371588725597706,6.243518205537554
6460,17.833368715011606,7.921637661101592,8.552415489550576
6461,8.127161262737367,4.660569884298245,9.728119225191074
6462,0.6950615257246487,13.035501307258006,10.016801084125676
6463,21.164789757711446,5.713794823334142,11.285517347373345
6464,6.698404672772849,4.520987282362233,7.5147496900534145
6465,0.15093943344785052,3.068786767503868,13.82508486417142
6466,16.964745453082422,7.32287910808495,7.233799415040861
6467,7.141821382800064,15.144624758333777,10.563884550300681
6468,26.244242978855628,8.430240664104009,9.556092405445188
6469,7.064478183949073,7.95657014932127,13.291131777936494
6470,7.2915703313489875,9.706778163003062,9.371941989458948
6471,2.014620863227218,6.224381589026516,7.805923256784406
6472,27.67428406790815,20.10953892440095,10.616780828961517
6473,34.62855368873608,5.832203087124671,9.777840870487493
6474,8.632217883726721,12.45980669797561,10.42738505126628
6475,0.4341557914068013,10.302576472712865,11.288547289409053
6476,18.939359863748145,11.104885305435722,7.548299113704759
6477,12.124201870850623,5.627106262756345,7.5810480313725765
6478,34.88266389953074,3.312837698438648,9.150901227405885
6479,0.25746948584372836,8.748401007136453,11.09077917674032
6480,3.243862584293816,10.517455149634632,10.092019991043781
6481,10.068135269034599,16.763133107173687,8.608367606900567
6482,23.945476540031322,4.448105978737805,11.432180245190862
6483,5.631335726038264,13.794317031662649,7.857541891597403
6484,13.118865803591646,14.384157704469398,9.298810410787583
6485,12.479643649556166,10.959586897015452,10.105016756036926
6486,15.31510793227013,12.245887620922607,11.80524416281374
6487,13.627204628578339,7.312779556832669,10.178321350621683
6488,5.0502758263935155,13.410202774272104,6.57934502149661
6489,4.574028445800216,8.311942307166781,6.801404746220342
6490,3.5185010199370916,14.889265173754907,11.594010372986038
6491,12.85249494135134,3.882562740059386,7.082225971808522
6492,13.041412825123805,10.326641232984304,12.267702151442421
6493,11.312139919575836,4.289577133219972,12.700211344736077
6494,8.247542960564049,8.987661323607918,8.99714766049231
6495,0.010873263219683202,8.249187350743677,8.967975812943715
6496,0.34474836981293866,10.963687475273968,8.954156367866718
6497,9.200924219334329,6.865666111142938,11.35276201910595
6498,0.8924426138380084,5.938666890108782,9.71766553649448
6499,2.055214446031922,6.496417410395876,8.73293958882713
6500,4.226047690394683,11.063193176711675,6.4273494441533465
6501,37.108195836504876,5.4044905975919,12.66302564173829
6502,6.630178372635799,8.040121046389865,6.304362737669838
6503,6.988819466613899,14.421860653827048,10.726157430689806
6504,11.179779893083964,8.00069546171662,7.900346776423388
6505,1.8749167742248796,14.982889079113468,7.326167242760936
6506,0.022431520768601384,6.86008191068002,8.557655873994412
6507,25.173200611506456,22.515204371744865,10.511881861307224
6508,15.304641710555304,14.078775421115484,16.535605419942943
6509,26.48258521747988,10.621533760038023,6.131605828162422
6510,19.36936596039754,7.146127785926396,8.633030688562165
6511,14.263769432079867,12.825383831802714,7.468720682319452
6512,1.5978435242225943,6.0338448539714395,7.21011257306722
6513,37.68834327148367,12.465064252855106,11.6388838630159
6514,5.805270060353251,8.266862691599517,7.605377040214233
6515,5.662069130801692,12.724474240937042,8.080529394589197
6516,11.210230282178992,8.28295955678841,11.370128070441769
6517,6.912599926307402,16.667299755876265,11.944014784701183
6518,33.84485197351809,10.934303233965958,8.494729817243348
6519,8.989924762837354,11.259146560710573,12.341525079387283
6520,2.8804325000093214,5.138085423560871,13.355651085226901
6521,5.049292976723012,11.313141572641252,13.215478058907708
6522,11.405099254444792,10.96483191463606,12.208046500788557
6523,6.0435814081071015,6.17173190318673,10.95442399971095
6524,2.641350157647458,7.9979058504460045,11.374896522692493
6525,1.2690639836970423,9.802607082162975,10.735534858357138
6526,6.464587118724837,19.34156802729442,11.95581366297383
6527,0.10207761471070255,11.316909637726429,10.183687631275815
6528,2.379930107658057,10.47489666391082,8.756269509418669
6529,3.8125683158294232,10.468830653393349,11.928449480474375
6530,8.834311481191536,11.31634310706732,10.517555406639339
6531,11.287618817604141,9.054146949707443,10.199259088882965
6532,10.857931242841131,4.594557727966741,8.855948988547574
6533,15.045600580852751,9.31141728609244,8.55129035993537
6534,6.830311084083007,7.351434534131913,10.283775397436946
6535,0.43961553469307246,5.53020902581149,11.97359148935728
6536,1.8203277119452301,7.609052276311715,9.226287311494918
6537,11.688721471835397,13.561739807482954,10.742280632177732
6538,3.231887166680465,13.932515277924036,10.430023366673169
6539,9.421097543642093,4.476388546451851,7.653337723921717
6540,15.044558065322075,7.122805987042968,7.7333536787697215
6541,4.848954814071347,7.621975192329567,7.7007891040204495
6542,13.600814116140258,17.000592504244317,8.528557521680916
6543,25.030139688107734,5.412933517408181,8.616313297585567
6544,31.819889476978197,15.393548592945905,8.450753850236135
6545,8.671280602560063,6.396485735199215,8.562116295217288
6546,6.461659405907701,8.468828854584554,9.817003135703745
6547,15.271066602467151,6.18474641659684,9.424551241544654
6548,32.95013274369709,8.335383267829135,10.699208264537033
6549,0.75455523696292,12.277128523754175,9.599078072218989
6550,0.47223418299086306,15.682353065578226,10.036226418073506
6551,22.753764723854832,8.81011544275125,9.981594247451826
6552,1.2633546665274547,8.22488256614357,11.204255763038885
6553,8.992620715205838,5.938303796841149,11.01383045300061
6554,2.842682129090586,10.488587719064657,12.91828420746242
6555,20.51315425483633,5.657162517127289,10.839153400535652
6556,4.265786803414022,12.003934126234387,11.622825309779028
6557,10.76583600756623,10.999979400756956,11.211755090199729
6558,20.435392273839614,2.4896549096842575,7.868995043828198
6559,24.641447397337696,6.565555718958724,9.835497331236459
6560,1.3103367009474793,12.852796576031292,5.96785901019451
6561,20.198674869511958,13.971856546653513,9.22343894742309
6562,8.557008918192064,8.872661749745454,8.237633008256536
6563,0.8327543211215579,9.629621827484,9.015895271047503
6564,4.718407019419609,7.806869957363209,7.925562658691452
6565,10.035950096437416,7.898425686392095,13.079031249328894
6566,12.165848182257012,14.71698298836903,11.332068262989907
6567,24.10252536904604,6.678264933024735,13.262792432304822
6568,1.0380709291591055,7.07959703718002,10.017177490337835
6569,7.372197589496379,15.15113707080484,11.969276934157907
6570,0.8218559212984972,5.323917748367756,10.853729042273487
6571,12.276568252152877,13.628549027830953,8.493328112488653
6572,20.48061101894504,9.217155545795947,8.616763242165039
6573,0.7277844481914969,7.158413271098074,10.561748345966599
6574,18.24005704728852,7.243762743947978,8.735726461708774
6575,0.3296821401575107,6.504869842611237,10.053116446824664
6576,8.663413508001373,12.25797957195321,9.701984188050908
6577,25.928130649439353,16.96689374395386,12.85590643579416
6578,3.5622528602453842,6.2983185798528485,7.457710085721522
6579,20.829909123816414,13.51652429838181,12.173311204290068
6580,4.888525032321171,8.534231065409525,6.280563415415386
6581,1.5425786103351262,14.902945879539,9.99172619394384
6582,15.442485271297892,5.819194028725336,9.066454610760932
6583,6.920951252533327,6.832950616836631,12.260627672795534
6584,9.939793925484478,5.851812656704885,6.623719374446605
6585,15.719541787688462,10.632167633484022,8.975059855175463
6586,2.562305246007939,23.357335662275457,10.053700540643153
6587,8.941537912907505,9.858117244239839,8.423982544996713
6588,1.2161097435549284,5.619637033750439,11.021581378777338
6589,14.855301928044394,7.500351935315995,12.062379794695422
6590,10.242283316625192,4.886897189561664,13.166653149589767
6591,19.48505808895671,17.742033285370393,7.2470858292644085
6592,17.96911290767288,10.162614522843224,8.798280662167643
6593,0.18448883715173922,8.726461496509817,11.560296384510302
6594,12.532959859866132,10.628511151505974,9.136129864148304
6595,4.440071934230794,7.5224313976873685,8.704987672382478
6596,5.729980888508271,7.047570002471045,8.769619323505179
6597,2.306802773701743,7.530286023198842,7.667301018706779
6598,0.7150965482332731,8.216904421543473,7.581155802217898
6599,28.784919771873525,8.305227887777747,11.475379277521306
6600,36.545590020565335,18.36009394562533,8.718668916377728
6601,9.289591397423523,16.153139565257625,10.934071449251634
6602,28.512226299787965,6.645507437877579,12.509317180215932
6603,0.20089802836337053,18.058566769945358,8.326207596249837
6604,9.446243263631816,8.460068482464045,8.291689692915535
6605,3.3623498264945106,12.697975386409798,10.231630353253752
6606,79.80034217613434,18.715018557501253,9.975537149670965
6607,38.571439833557136,7.918730407008607,8.584971826680752
6608,1.894240332507859,10.90276295571467,11.435108169276855
6609,0.11722596756749354,9.488143482537508,7.9435707083218015
6610,11.638592946673741,7.376055156588005,13.162427426515368
6611,18.532325042123418,12.172021448340152,9.116066743722248
6612,4.747862084811919,7.307912344514216,8.99886316928936
6613,22.688584973681948,11.129998095574702,11.61009189247976
6614,9.852422733730762,20.325473369308046,11.922267268696208
6615,1.0399909242024776,17.979373124836812,7.943298030934189
6616,10.262737017432896,3.8745153737828835,8.42637333247432
6617,15.539878229573052,9.867120785815539,11.57175085025168
6618,34.59531087560443,19.140970145670522,10.923253071520458
6619,10.749925307546777,8.686479141781843,9.76755813694247
6620,7.22316618572304,18.07270577158549,8.417994426827882
6621,1.2275786457394204,11.490252999782067,10.391005930046969
6622,17.77314704217089,14.045486715733158,8.398053145439903
6623,30.273923048612854,4.434329768197965,8.75782565887193
6624,6.924604398564176,8.471501147009269,9.901300905723106
6625,0.056125062955797035,6.2649888136340355,12.431094846817587
6626,8.49036448030193,9.244291197084197,14.038922128917557
6627,9.248484605356188,3.2477977293056766,10.322499732672648
6628,31.866879933511914,9.576429502136476,6.934739269343253
6629,20.451613268496647,13.305990523798622,9.027469910489547
6630,4.255233772474705,5.011763144686216,10.924957677795494
6631,11.119300871710182,5.874867074269895,8.829067130778428
6632,8.693370263053774,19.466299297600177,8.581686230042795
6633,6.947673256338987,15.751370768001994,10.804634654600436
6634,6.153561791685365,14.883661504313906,9.049022463295955
6635,15.306763646131563,5.761543682617555,10.898784692761318
6636,4.0122012119935695,7.758515667759697,9.563510483954902
6637,4.1484481631123185,7.3076711296491315,10.729585717616468
6638,0.7755679238231583,7.13260127213028,10.084464000284141
6639,16.786405519267994,21.206184108063585,9.12990698592873
6640,8.927567852863975,11.22705329672759,8.407442627627562
6641,3.5653859570393296,5.332004756226067,6.624084580845706
6642,5.585321881258061,7.214619282498981,9.384649859047848
6643,3.382868040096266,14.724485278246197,7.764669709399089
6644,1.8198606921842193,8.487207058282868,11.50334778970538
6645,0.11351758351130618,5.973534602599733,11.41205318578414
6646,15.364890981576131,8.233001996077338,10.14797726988661
6647,18.61063507085673,6.233928299609071,9.74836012817568
6648,7.205334537184645,12.734160398937354,8.66251919203375
6649,2.286005905631995,5.098361659051471,14.095745461793484
6650,5.989914607002449,7.030102542086669,12.526303766612482
6651,2.5370703044237155,12.270962062141374,6.70592815567373
6652,15.88112897133349,8.560623690441965,11.317571671470144
6653,2.657083240226039,4.01623210331187,13.651921913917114
6654,46.67142202904321,18.117519447836482,10.357090095136567
6655,12.79632947287393,9.450042419779574,9.567374898367069
6656,7.446844546591953,12.01635791500294,6.21814992138064
6657,13.131680495246966,10.265328348364225,11.648636565525093
6658,3.5080581313299697,13.138412818497477,7.306659491125651
6659,29.45146398987954,4.818791995417796,9.19408769349467
6660,3.4908581015992906,8.347911510582799,8.233002143281562
6661,2.9177677799262196,8.492848322539375,10.243894961610229
6662,0.9407047059900912,6.639047943837089,10.507581806160507
6663,9.80596335859123,12.088658324876176,7.7412319896710695
6664,18.401959110857685,6.082110683832098,7.96406767855438
6665,7.129834881543425,4.793097123400804,7.6725051512218005
6666,1.6076241812337926,13.710319056692617,9.24681394304762
6667,6.167804652882943,10.657188849028962,8.494439859285913
6668,8.096030614715865,11.826588019953071,12.540364913195981
6669,0.6684062967709272,6.376513758997547,9.159195130676475
6670,1.6203659019211771,14.790876133332436,11.130816287926514
6671,1.9590434814734448,5.623448005752195,9.02408235734185
6672,6.099404601830567,6.7604278687255,10.826565898100277
6673,8.469402730638333,5.037538461714913,10.494342162636054
6674,3.2234679468241914,10.354637111919917,11.944063257262924
6675,5.26826712770937,9.206639535371686,9.844325989903925
6676,24.155364316504944,3.269468853126709,10.249637409591367
6677,16.23095162192188,3.4993866858550065,8.137426472474768
6678,13.916740741047331,13.943712611091888,9.229807154126906
6679,2.5234244446682546,7.407702858517379,8.15466547149688
6680,11.077710059316239,7.996834563180828,8.45389090568482
6681,4.885263319859667,10.17334948770318,11.107187548786545
6682,17.701897477741117,8.37988620892327,11.893022618105707
6683,24.426692458832957,10.363055968982074,10.230191241990733
6684,4.300842117273915,7.8596382207957065,9.62400415729564
6685,14.844375154460119,11.720701730531642,8.18121499364976
6686,2.8415305455292583,6.09681977468961,8.23952740381998
6687,7.479646469170751,18.98448481925133,9.48846924811881
6688,10.765268563581039,12.146765264693006,6.992358131146685
6689,4.403576877777273,8.384171218340338,9.006674134168703
6690,11.576813032713899,11.409306994567588,10.039559037442809
6691,5.134434426393209,3.1977104868890165,9.118693038032127
6692,4.815822733654312,8.528665716438942,9.497141187540961
6693,7.364095521707703,12.223439008182629,8.990463072031137
6694,21.759812472104187,19.228278686446295,9.337168772519915
6695,3.2863453333607606,12.870622941997748,9.56379053891488
6696,6.656878428868758,6.974754662642937,9.63401977106539
6697,6.761442618039006,11.965774450961035,9.738119008529173
6698,1.1363924708687043,16.09847914833413,8.75654922358181
6699,3.4535369969308793,6.745768182705575,9.799822758477434
6700,22.109263784052427,11.9096351791479,8.983967290660752
6701,2.8778221956827665,7.007608693519896,7.371174855822338
6702,11.287109159469816,14.856509313056828,11.139261354016105
6703,26.41541367662695,8.254723875119105,11.487459019747234
6704,14.771351688729913,11.833366060137887,9.532653053232139
6705,0.7456962148718685,8.400137739920769,9.160404031209778
6706,6.773195404131972,11.363402572698647,10.176913241006625
6707,0.8784184479005719,9.166753642639284,7.798236599242416
6708,14.131485100521063,1.4406891798700596,11.900779495285628
6709,4.501889473247218,10.020588282205464,10.082848684989692
6710,11.936119127620834,9.374452912807577,13.396993879993905
6711,17.718724448459913,12.5657319165436,9.320153766556848
6712,9.627473809729523,12.626557330092734,12.395233435488253
6713,0.3340966970008523,5.5574170649559615,5.967300650029462
6714,4.2174245950696205,7.159182940330145,11.919912070666804
6715,8.398548599038444,3.7789677190270154,11.36439350165442
6716,10.644058513288348,10.830704475886915,11.790175488794885
6717,10.175993390503354,9.05199681425974,9.675464222952748
6718,21.3566703957328,4.1657850352255,13.188765607824388
6719,23.138704521305602,3.1125554730765477,10.169976674886222
6720,1.8134852332903646,4.053517079077058,14.03425112032384
6721,14.465938618572437,6.502024522001653,7.961166209519535
6722,0.46443184746858246,18.826309353790688,9.177821256851129
6723,0.9915987156018158,10.0174811162276,9.46427844665248
6724,19.080336226938847,13.01824861350612,14.226522948585254
6725,19.347701276078524,12.70721505114763,7.581488794410527
6726,1.7873567325033393,11.841270006099256,11.733264661128707
6727,9.620478308625998,6.713977784708338,6.790197131785638
6728,2.3132742623150446,6.15134538955023,11.064785716977571
6729,9.437426741936958,3.16572838264857,8.666659925354894
6730,9.382012833598548,11.234146708914292,9.238793758607622
6731,6.964752686456876,16.996735975049297,8.487502439237582
6732,10.026823904404113,4.71846076149056,8.172145858667777
6733,0.38682271987179784,3.0131729134321352,8.870817723307221
6734,0.4208994217813031,5.331904410182063,13.483950399048245
6735,9.47594594843081,10.267536119382033,12.184248648989177
6736,8.391285072407506,15.548245062536015,11.054148805257007
6737,10.602576454220678,9.893074160148913,12.161511303463554
6738,6.0698260857306545,21.23390948038646,10.301096615477688
6739,6.8005546043049625,16.098149426952283,11.536160243218836
6740,12.019770568709921,6.620086834240364,6.522178040278941
6741,9.305636167113269,9.607396968488201,12.82848641677435
6742,3.3974976302202435,7.811826772923785,12.469145900393322
6743,5.279236051767742,3.8428375482357935,9.931601772957512
6744,5.813760462649276,9.29223795641998,8.081891898380096
6745,17.399762818590343,5.855317774188563,11.33380603883125
6746,12.683180871622497,5.828980329179215,9.091791166775263
6747,2.2930526583556636,14.882730857364805,11.91115562237229
6748,13.796485034127041,5.7786002698969785,7.16888603655457
6749,9.4553842676601,7.38737528901742,9.076147668102317
6750,1.4319011560892487,5.42371593135146,6.605017867217636
6751,6.028100336749376,7.292198683594864,8.639994224214508
6752,0.808786394773001,8.109604631641586,12.582076269149239
6753,30.23198317082994,8.05095152935029,5.9257473311915305
6754,4.8739742447354235,9.988359634113532,11.431868239646336
6755,29.07177599869588,25.18309020766096,10.81316558060743
6756,10.464127889967015,10.030890671084306,12.749591904124761
6757,5.773742971246152,8.038340462758379,7.708315982368929
6758,29.877053824314384,3.9604035563388016,12.188097153671974
6759,3.9271254372634594,10.22971548362822,9.26345336018431
6760,4.864824721516581,7.032674295202841,8.716350443773717
6761,14.47066795078018,4.82160547913197,13.177112630332314
6762,1.1407985207714344,6.537950057035618,9.89552869068607
6763,21.314582783027596,10.898137639199817,13.642993324910044
6764,0.5809318559408301,9.318917687098603,10.94939781179296
6765,8.999495638807957,7.0165818308446175,9.469740826997842
6766,9.080616576954581,7.300212989010626,7.655177292341004
6767,12.316404840367456,23.66640323883541,8.051931754734252
6768,19.308722209467067,14.45934887450243,8.976520379595609
6769,2.1019928611278957,9.702681230088835,10.663286080774139
6770,14.387491318773895,7.222584150322797,10.418864527668719
6771,12.063680725607618,10.465975664482402,8.691629080832277
6772,1.7699283661665304,8.027168413225741,8.23972062507442
6773,16.628349797681718,10.588596745061887,10.001552308110943
6774,12.553277682931139,11.43137014110611,9.641409735014483
6775,2.8627845056363257,14.07388316752091,9.434704587984564
6776,2.306727952848512,8.140462408986476,9.614064148203681
6777,34.87667160826463,13.847300677039474,7.915034969200444
6778,6.45731047693964,10.64742459765601,10.747362066266613
6779,2.293109337199273,4.6708142987876204,10.968409659609758
6780,21.99269494642325,17.60929000495604,13.540446358893856
6781,15.735241411654508,1.8232416969948446,12.111069035813342
6782,20.313657245410894,7.553126634248779,10.443624726676287
6783,26.237903546849555,12.731589208802863,9.401720373920545
6784,36.68924852865293,8.173397405945042,10.187972136942768
6785,13.850547224022167,6.066790708844649,11.421876290324443
6786,0.19502322629461263,27.715610480433675,8.840344765211354
6787,1.0944909738542723,13.855889088759673,7.415012946813022
6788,7.5174677666976235,8.298653490804519,9.028264832844306
6789,0.6136148900917946,16.247656171616054,10.87785190819782
6790,9.213566320403213,9.664627993093829,5.35719046922952
6791,12.343637732171704,16.714998300286595,12.182745557790186
6792,29.22558316408476,6.412966601919509,9.25196560388971
6793,18.23953838109279,6.16208645156939,9.369216332479919
6794,4.627450979731848,9.491672340847323,11.686841016830083
6795,14.598248339096896,7.618332766804099,12.151825033745366
6796,0.43811294214992336,9.203243224249004,10.555269085424367
6797,0.004677219678861483,17.486929959117653,12.217176875225721
6798,3.8667574902146544,6.728244549514042,12.120467361053926
6799,3.5213517903418494,17.126434794996648,13.17844640673623
6800,2.4091596802923596,11.141724560525784,12.603962788143086
6801,16.297033809669372,6.792909889995651,11.696661818349547
6802,2.5573536886384494,14.48771220238462,10.633676783913286
6803,1.9550412363533627,6.461985432319588,10.335816072740515
6804,4.726934137199418,9.804471447902207,8.161162662539555
6805,7.541423960567354,6.109930081171574,10.43214379608362
6806,17.022517292554355,7.208607077328907,8.82865469293859
6807,13.459157505905441,10.961413107819492,11.58472030947861
6808,4.955214000337287,10.332117903875176,11.761458986038605
6809,9.593317107668966,5.405552320671014,9.080603497617057
6810,1.4777312654547818,5.798949243754578,11.100382810128595
6811,4.547230922368186,15.247810503191474,11.849894282721825
6812,9.371719206523064,7.417142294754987,13.203997389061017
6813,8.283392101078146,6.527562069433609,10.171216166408174
6814,2.9344465162940963,14.60330375400685,8.703555720413707
6815,3.258029854694616,10.371906252787891,8.79529458322146
6816,0.23632412963730284,17.882206284269323,9.77109758451073
6817,5.622414236224027,4.162386359338524,8.480667532174188
6818,18.80432529696022,4.612576964754355,8.179796279258754
6819,15.896292007347443,4.745468557113665,10.010718066620203
6820,7.760677789039507,13.082562771471174,6.767143464608529
6821,2.7603928865625376,12.987340472327569,8.772019976258829
6822,16.326501368533382,14.01379075799787,9.056539584774326
6823,8.632313169219318,7.604361186821372,11.17524520850559
6824,7.812583826795441,8.565709778833398,15.271220518106743
6825,9.478422196898446,10.774889520218652,10.797913560129764
6826,28.371281959862554,4.377740123523117,11.472380407066543
6827,34.09763641518578,21.84137852703612,12.414197841653513
6828,6.24761104516333,24.996866259024966,9.406960380993548
6829,5.687987744631277,21.061825094848302,7.793246869215372
6830,0.33626284401453865,9.409428894503483,8.973145314855723
6831,38.52197558770248,8.887299034096387,14.044700898862102
6832,5.138372536441961,4.511861387826245,8.628369982207605
6833,11.772739354647435,6.03008379672488,11.08273028494225
6834,12.50837741346801,5.229135294593011,10.333141877655589
6835,2.35707816141671,18.230620547776965,6.85316673325671
6836,22.636521390081377,7.774470718705419,8.77389527048385
6837,13.199792256002443,12.969502680028043,8.852847135062927
6838,3.874241891060225,3.430210137903754,8.996693075461401
6839,1.8629554826515506,5.015302178524389,10.633066403518885
6840,13.308625377230392,9.1784835224834,9.363882179266918
6841,2.4386479597155444,18.432782107415754,9.779834046680545
6842,13.627578122415095,5.551670844878373,8.990917410534388
6843,11.327041349765686,11.52905176690844,10.555857020202136
6844,3.180082567033258,12.656355473019524,6.696311780946467
6845,5.150317773109323,5.324485092266736,10.218527563637451
6846,3.1184515103665316,10.038689035871961,9.289030138031194
6847,6.37460528090484,5.572750087171774,7.8197989591065635
6848,6.071170181491737,6.2722635931047614,8.9524886842505
6849,2.1465925970379756,16.172364344389237,9.228636192075436
6850,6.024470205888439,12.881653766396616,10.268694956559676
6851,1.3657987394056983,3.3018311866564596,13.010796725163281
6852,30.308246733603397,9.399540152324995,14.564720682292073
6853,5.367688155948103,9.941347253507226,8.737088241469621
6854,0.0004792246574578759,7.427132382721036,10.840857898891004
6855,18.512728123740263,4.983049943209261,18.213295064849433
6856,14.700602604584306,7.5025559549913226,10.806265170585387
6857,4.782042904052951,9.631650092090775,10.124579896847235
6858,1.210471049123138,8.448128537515897,9.076823301539076
6859,28.00921760296621,2.252211789361662,9.568375699543536
6860,14.935526893107465,9.259224122155086,10.164241416949602
6861,2.2958899498287844,8.601007659768872,7.495751252551879
6862,8.754810842158426,8.567121223544657,9.384854509443649
6863,28.72003123518818,7.919463174197477,9.689028208687851
6864,8.755517064192631,21.087484349418407,10.252203928710495
6865,26.887485095381017,12.452323967948328,10.07127560733223
6866,5.887725232243029,8.525672063136,9.537353059273869
6867,2.2187711317403056,5.924835325697726,10.950972932202
6868,10.502768567507976,10.81030432588236,7.157880562228633
6869,44.45306436981625,3.631197112401277,9.602303570894582
6870,8.90333385659045,3.6026842182131906,10.34505357018094
6871,5.440861426442354,7.82721450984327,9.529704894188804
6872,29.812795849596856,12.776848318942474,12.306860291092853
6873,4.49301371012456,4.935762004122934,9.118886360468775
6874,11.355960306184167,7.018708857747557,9.450481803882164
6875,7.93556384535692,11.469907843353292,7.015053716147281
6876,1.994636358189275,16.75685795486286,9.87763656711371
6877,0.5842366763708157,4.906720113989133,6.611504018673175
6878,13.512572503967874,8.387873224501128,6.3184852582509885
6879,14.477001244078483,6.763659824991502,10.023465110488994
6880,1.393729176886497,16.593812120816104,7.655381328877326
6881,6.491170848847085,6.605529871777482,7.583599180037932
6882,17.836982046579607,14.229476713160228,10.117805930757203
6883,27.92139688064043,11.171069206616691,14.284298877827805
6884,14.895304961413247,12.133376334249874,10.720959220876951
6885,19.90702097753933,6.334723933008858,13.187025473015115
6886,9.564241432355102,4.488714939488116,11.968854697005577
6887,32.14113961368466,8.867491595036217,12.478748547229115
6888,4.953099245543913,5.751419338393244,11.371166289616895
6889,1.2861578989670992,1.967035017472454,12.565925149560606
6890,16.52344459787016,9.14136134673992,11.476482121771218
6891,5.8073224873925495,4.494297072908794,11.713380314777504
6892,8.231198807898542,9.423760590796117,6.721062753822508
6893,12.382324429682491,15.204421071519533,8.278582490207969
6894,3.2814230850016113,6.10381494301297,11.136054625885349
6895,5.099494276990697,5.6626159124239726,8.789963006853867
6896,8.360348302263482,11.346536400751996,9.413825683324596
6897,0.6630362179619272,14.58527809310518,9.857722916333817
6898,6.433713402036669,9.089177242334715,11.422368042780228
6899,15.034522414030787,11.923501474749482,10.91153632054394
6900,0.977602611182515,8.977624267099584,10.769126078725689
6901,7.0934773040535415,12.275240611038098,12.0726363463563
6902,7.832070654456854,10.90269850686003,9.266634696081637
6903,13.110324472446965,3.975943442283623,11.739839112736655
6904,6.594287973708224,21.92640456179213,8.779804335203425
6905,0.5220398345586289,5.154133962825748,8.475714419836262
6906,3.287598701170298,8.09423929277936,9.115415350244952
6907,15.350936508878394,12.86688259083365,12.312400843441797
6908,8.676383208541289,3.323129348132113,10.117880561111061
6909,4.566437982497476,6.3605706692856865,9.806040134581611
6910,1.1364814729182622,18.908669947014783,10.649390027517493
6911,13.384871956397424,14.992837586482768,11.82852728306361
6912,4.77271259628316,12.589472463399234,7.655354164399807
6913,26.205086740614664,14.120617251445477,9.642110112749773
6914,0.8541505976656206,10.456960972446197,10.949694707435636
6915,5.914728874671156,6.71118769372436,9.170726188346014
6916,20.99677847354029,3.3951800283068705,8.376170246357574
6917,0.7073971629735004,7.509295227290171,8.76086061554527
6918,2.1545570247113743,6.203519781733442,7.840633419524675
6919,41.94316302182573,22.278275847989864,9.895215736904946
6920,26.224297404997454,4.64695813901716,10.350562824279372
6921,19.864559029608742,6.640292243406099,10.183364855454869
6922,5.020912329515375,3.8403390132183204,8.85562758508678
6923,7.060691583746371,5.232575635216116,9.783536202278915
6924,7.877503750206856,6.304227445363185,9.439276815319495
6925,1.5520632105804617,2.3400863502305262,9.274228097250212
6926,25.407883222121978,7.582824512945022,9.485936871096621
6927,0.39538685864498385,8.366305641818967,9.358428748283677
6928,6.3510725999263515,17.565783242587433,11.391087570059643
6929,0.4731099305166293,7.5813064257152245,10.27858564804749
6930,9.22143036547776,10.944045074908496,10.415987884656827
6931,6.033739203094182,10.524758747948205,9.771423268212393
6932,5.890443426167633,6.920264677848991,9.628526683446747
6933,6.29081334583274,10.031006098920956,8.208124477013572
6934,6.546167799581234,9.155610021015878,6.745159005863062
6935,6.699547637561643,12.940942955821418,10.339197366436904
6936,4.512895691983967,9.142201222982711,10.349332503368178
6937,6.02686291589632,11.236770211677506,8.484389930196436
6938,0.38582850902244836,9.936223062690297,9.09025830886299
6939,21.469120919324965,8.481880138607883,9.524176974392079
6940,12.995041649261495,6.940554561215826,10.44989254692837
6941,5.976290954891486,6.4616829991166025,10.492317469263332
6942,9.253816286837289,9.181126127597036,12.835682227146348
6943,6.101896101934551,10.401260718784531,12.61176066795233
6944,0.43389917064088973,4.73456980292501,7.7360747070799745
6945,2.681610686774295,18.653126458590737,11.387463463710956
6946,7.304809888568993,12.0059347253925,13.07081677697944
6947,5.070992696420995,3.974432156537285,8.743734794455438
6948,6.210224708590705,19.120908241359388,8.151051414550684
6949,0.1124563314030794,3.98906237292059,9.264270263203416
6950,0.9685423260252904,20.84728964020115,7.251814789188483
6951,4.479111893891659,8.93514245353612,9.482029237064372
6952,7.5146708678726934,20.327932137955052,9.484786106096145
6953,3.8530036786714454,9.797224311579754,7.39259601710698
6954,5.35231152624325,6.172458959691303,10.880885613930218
6955,21.373647222881697,10.833885240389359,9.38097788427483
6956,4.468701003093159,4.591411695921271,12.377764356523844
6957,1.5447545243460596,15.645662617423335,10.547108861418362
6958,2.948343033950008,17.34688102140219,8.208159782823365
6959,11.560968346376782,10.045306953884143,7.58505442450083
6960,4.441402116066116,13.812689336311786,10.747284923109591
6961,14.686742667136597,6.505723659203648,8.15199300367202
6962,6.016198027666236,4.788590240876554,7.505058693861291
6963,3.226422767219419,6.199148896955628,11.137773600911363
6964,20.499888016360707,17.144445212129916,10.218269721982146
6965,15.100628302117931,8.459490125234298,10.09437971952005
6966,2.475950797003377,5.961124820217765,8.235705838624133
6967,1.3323240072945524,7.424426897477533,8.465943542357017
6968,17.12987353557774,6.1535026327302855,11.524541596327026
6969,0.8485923566997856,10.457978537058406,8.119419063259564
6970,3.3564446697245858,13.443907295846532,8.012576953532985
6971,0.48643649261518773,8.179317552561473,11.646423661890104
6972,10.272337763047098,9.789550366735918,10.831457255047022
6973,5.517386766569143,8.089228414051366,10.231172470090518
6974,2.8977141931109793,10.706303740388282,8.90919703728418
6975,23.78142433741957,9.31437598635757,12.71593560294483
6976,0.5211107970655587,7.595192241910183,13.911398111930652
6977,18.199906148185548,7.524834943741948,9.246306434790847
6978,15.457275909681059,5.645758226307038,11.007621826847094
6979,9.138068726667093,15.213782211935825,6.003842269348165
6980,7.390554121501805,21.181801397549595,8.642842424949915
6981,1.9254715219322074,7.728608681456952,10.962389300117223
6982,26.302124983395377,8.68871920276658,12.64707880268497
6983,17.338317089521144,4.841067551712799,11.83999502764068
6984,12.050948019430232,7.8723088559713545,10.468196636366704
6985,30.59642141386968,14.44413479956044,11.61511210808683
6986,0.9775854015079721,7.1855021874519975,9.667891997627134
6987,0.7510346761590129,10.538304510894372,10.303217996346625
6988,7.916741310090812,17.576694986786812,8.146906513347698
6989,5.61723000816966,10.524353539610084,9.694351559406972
6990,12.373347222485407,5.418294766782746,11.345298592047568
6991,5.886662484147627,9.963336396027122,12.553788653699552
6992,18.813958844643583,11.609151848717463,8.73590054552658
6993,15.232261107343486,7.763349876233361,9.209072652194813
6994,2.207699275694112,6.040020839275379,10.659342100244626
6995,4.722456826853085,17.135630764885295,9.854542147954886
6996,1.6357440130236003,11.74042223347789,10.44173161871267
6997,10.924144741913082,11.781557081475805,9.917284603503012
6998,18.85034426060566,7.115153164450571,6.554327422189347
6999,1.3902555954949498,4.600912997463013,8.759224112766738
7000,19.663455646594315,10.980024332662666,9.365229161134273
7001,0.4482816879562017,18.75258220389182,10.286502127796117
7002,0.5294628370019997,11.150116644586118,11.494892392588671
7003,48.866169838678374,7.849181945015533,9.027946707367807
7004,23.439613284210008,8.987049826833589,12.236181082144974
7005,2.7506129212528974,6.044487071885769,9.906650502802654
7006,2.383135506178037,9.004070988504768,9.187415144549577
7007,7.99638592934663,10.725773121283888,10.198736634481671
7008,9.61690554204211,2.7487222015517827,9.990629730380386
7009,4.461613077544857,9.42136926465854,7.621158568029999
7010,21.14811943502182,9.020586012107412,9.961396234654542
7011,4.9763552526335575,7.253980375217037,7.4071579632925
7012,12.559861819155707,9.640221668484454,8.700452060765883
7013,3.8039332012264473,7.288798928975029,6.519274272294893
7014,0.7718311341726415,5.647681027965087,10.468521300433244
7015,5.567365977052086,6.8221784574041635,9.13179655615651
7016,5.769368991210002,5.73304207813749,14.57273776547029
7017,13.187565435242545,8.698482252711601,9.565636439850278
7018,22.06733637281518,9.099921498337222,10.622407809858355
7019,0.3657536868371818,13.16290387332324,11.292271880979941
7020,2.0327855744546572,12.30025912369519,8.710389775782154
7021,17.824313484277166,20.72539901652355,9.16182402138568
7022,2.2521438647262038,11.657937458542687,8.050928838783364
7023,10.434816427857047,7.880239606118795,10.515811831064381
7024,18.877955222136986,12.891857359021097,9.835273988794254
7025,2.5375067566825424,3.1921540655644582,15.247862066131034
7026,1.2188147277838486,19.264720272621823,8.746445121081363
7027,13.102366649042882,6.545524178653639,10.162530169750566
7028,0.6810458604447258,13.055579090138522,9.270531246037157
7029,6.094537691150421,11.775330035953724,10.911949813921034
7030,16.70779021511966,10.53951742294463,7.458947261058117
7031,10.134281829279221,10.699609941914957,8.032848271861516
7032,21.196956680262215,12.71295208634595,8.840416522248102
7033,39.031062834259885,11.563319428285109,10.639993032719307
7034,2.323999461008316,7.527480735295919,11.277601189582997
7035,11.600349329664851,11.53637640127646,12.365487893063198
7036,9.023744153292288,7.1231100332413195,6.583071072637153
7037,6.849785897643654,16.853766678427995,12.661682086214217
7038,11.072020329588836,5.112193773493155,11.279189932430288
7039,8.27042216756829,8.409033961371843,10.189787998184196
7040,5.726835652588484,10.893793825293043,14.113052342352272
7041,3.316053205483699,9.46054663800114,7.236285119015037
7042,14.374482276853332,6.167996073668554,8.026004832254417
7043,11.909428551497037,8.247756228247184,9.374587955762223
7044,4.352754799406362,13.419138273134596,8.295231123034018
7045,2.3292693961074034,12.495488382926535,11.820516877365257
7046,2.0861680131938356,7.485628606972002,11.633601586387753
7047,3.070662282823605,15.201979706428418,9.805020815573108
7048,1.5331206812822769,2.801659275438077,8.73110144080552
7049,0.6002469098087219,24.60284023730872,9.312040044348745
7050,17.99601428030312,13.453020588470446,10.902422591726486
7051,1.9680835942794728,13.471228360142458,11.255956316885804
7052,22.627111499943087,9.832866278030533,10.35834817794937
7053,29.838787277438378,8.757516231746152,7.5790465887740215
7054,0.22454034525051467,6.75730873018801,9.587063033806789
7055,5.028308598248957,13.17347114824445,7.721397968947099
7056,4.209404638309092,15.800874595233125,7.537605923167993
7057,18.405481526585646,12.401868063686925,6.676899024345245
7058,22.585607268857956,16.626963691595325,7.427941373895874
7059,9.888690358472212,5.0231833046056575,8.425851101904184
7060,23.75561654574332,9.469361201564821,12.786023613593308
7061,2.711443361947056,17.95644624348115,9.921872396129453
7062,2.189352024956012,16.185407854495935,10.598113717773362
7063,20.634485294425605,6.583722885156421,9.101026722076965
7064,0.13321926985585889,6.015577601121889,8.202789642105103
7065,17.928014672047325,9.954380156907503,9.129001220141292
7066,14.857798559357068,3.2239563736219523,12.036491474246242
7067,4.728723761952456,8.634198522087335,9.369402676692875
7068,7.2074216607056085,3.815841378680112,13.4226998898732
7069,1.2859520270259028,10.11539027278277,11.266427477589929
7070,8.989152175357374,9.001748901877175,7.807265745351936
7071,0.5567666653544309,6.7144709456852665,16.76677743094844
7072,36.17499012279938,5.012096570291722,12.038004849312063
7073,5.3196365741083484,18.24686740339683,11.181265965024076
7074,3.2306898866203504,8.130618622288525,9.086429611452253
7075,3.0621943160822904,7.599019447521586,9.309391064410862
7076,21.862376149309465,9.730459636064001,6.363845773544423
7077,4.452046908848263,9.939746980156201,10.077332961404815
7078,2.412397403990062,7.2084042006600315,9.983234937706362
7079,1.6985150640691176,6.918513989781298,12.184931668871453
7080,1.1186142976571105,7.635949270618271,11.328164004264611
7081,6.019178261752437,12.426563302080819,10.692583924046197
7082,23.04599270387432,6.3883246403882135,9.52624258083707
7083,3.2078184609603846,5.956407127563948,9.305815080037835
7084,9.575354939976943,17.81912129810577,8.880725890037635
7085,1.6007359484877552,16.396779986863315,11.44351973676625
7086,9.485518592145628,1.8732375496184719,10.749074321058572
7087,4.4018366818896375,10.529686780816677,12.15223614549128
7088,4.589315805494935,20.52318394943898,8.959656244814274
7089,0.6588829850355444,2.4367482651597836,9.323762019053316
7090,5.082599248958324,7.475228913106484,12.343008496699495
7091,18.35566403382687,23.78439564335037,9.989993114459672
7092,2.7318142760433584,4.048896717304772,8.10685431105555
7093,6.581563433695414,7.842129666951058,7.618229921939581
7094,15.888681989856064,7.766871157318933,8.296147371359119
7095,2.5249175327245443,11.868403873331177,7.577184122808455
7096,4.575849235570149,10.278603683674845,8.363500795430856
7097,0.22727952817582112,3.612154945563431,8.699373105651404
7098,0.9457419538374885,9.735165052329496,8.626470914542296
7099,5.877174299404409,7.354502775445212,13.332850850815374
7100,4.891439276939915,9.828486290214986,10.901396177076856
7101,5.163901408263667,9.361489982752468,8.180181654566317
7102,23.219820696018207,3.2811955264458432,9.136984971132703
7103,2.9416875203576334,6.984866035101531,11.088365603341742
7104,17.124548573795376,4.241174013774002,12.502999920494325
7105,2.3996780888266285,6.82117033492834,9.485661906181832
7106,7.939841759832516,9.366957886969093,10.824174471785865
7107,12.301933509787016,11.311666465181236,10.100093012561503
7108,39.4792830318166,10.363588382944673,13.743250652365708
7109,0.39900854602793867,7.657291582857583,12.187471511135362
7110,3.2414478059836993,4.702470880787354,10.987649409427611
7111,5.289722984113134,7.2663425036464275,10.28359784456901
7112,13.11107633204948,22.788914953428765,9.226369843946483
7113,7.542146686997877,9.32087874322476,9.183685689737475
7114,3.2239834183887703,17.858845275876146,10.583108403661646
7115,9.834766424431853,6.143047513327884,10.601284598163469
7116,14.124538045778658,9.403548369962346,11.448563597922433
7117,34.9119724929985,10.858091620363398,10.49652270223154
7118,21.998585977156495,6.518943739852777,9.894732039812377
7119,4.510995464789456,7.485392172459106,7.982109360217161
7120,11.063527793547054,5.217420802047987,10.76819089114851
7121,6.940933270439176,12.761874628153233,12.834286509576286
7122,10.983226779180987,9.750189032203217,12.736327557588982
7123,6.199667723435681,12.377003998165009,10.363560504976629
7124,50.949369476311276,11.541700389036668,11.49733753986138
7125,2.4098620714840604,13.795170740640827,10.941340336361947
7126,3.1190362622056287,8.207750549919636,11.896761897280367
7127,24.092588660630803,9.980075110542533,11.528870457811182
7128,13.716688463693746,4.60412206161607,11.401250428963575
7129,3.8228744867555817,11.512697159618597,13.196393362319798
7130,23.208472201390613,6.010004434646182,10.987432697499752
7131,17.09049395765684,6.941344544785844,10.620583072561415
7132,6.785981693720089,10.986599015505174,10.05505931336756
7133,18.313201717565292,12.563846702757434,9.177471222566444
7134,0.49394806654698836,5.413964758033134,9.679466110193495
7135,3.1897820953789093,13.998982731662446,10.00023767610514
7136,2.690639951297381,9.66831566225545,12.147812973630076
7137,1.9907137580579894,11.661985886046384,10.716083205829227
7138,11.159209039662352,10.229647371509065,8.800201743550476
7139,15.249675363665052,19.702124231454658,12.207436480568013
7140,3.9535455330980396,12.16776778906669,6.419328211878511
7141,20.066669702074336,7.435568422966869,11.970130797882518
7142,2.84879693720181,7.300132612177199,12.490479637027091
7143,1.3107196808861283,6.143580023564547,11.718616688377303
7144,11.48949447838277,11.296086716367991,7.2731763031180385
7145,5.428007369481696,7.412903193606796,11.332614044018266
7146,22.05361201550183,12.075799650740178,13.491096886000387
7147,0.8319014974645963,9.556845707565866,9.391784812220694
7148,9.885439586693094,6.559525612935163,12.478565447435841
7149,12.404596711508837,16.37364804545777,8.393144958179402
7150,6.754662663847777,6.224521099185772,11.279433175242435
7151,9.273297435645997,5.082597923208615,10.986820249383076
7152,9.63474310795239,4.824767855465817,11.410910653150978
7153,10.400571031184544,17.246032500334604,10.646812353171548
7154,4.611910014029625,18.020926183097604,10.841849467279012
7155,9.629560829664948,14.67797681272316,8.321793051441297
7156,1.8737798760932747,4.37186874341752,7.760820571222922
7157,14.439368056599475,8.562412607899459,11.982145590684414
7158,19.947674906789143,13.318478904725911,14.347320575013548
7159,2.6816797795233165,12.793346558672907,8.178622186241286
7160,2.4351607512607854,2.709979318130287,12.691584883463058
7161,5.84293217306473,15.019413546788623,9.008381749513955
7162,3.2097808218887085,7.171931459665403,9.067447952488495
7163,20.51587697206454,19.38750635032578,9.663173586323103
7164,13.279402039733675,5.616240292573574,7.098106741912825
7165,12.667023877753435,11.97475752542643,7.750892664587636
7166,4.15380053755593,9.613917972989157,14.123744313864336
7167,12.077033935317676,7.693154946786395,11.94047971102671
7168,0.17977116811823127,14.016359153947914,8.12745888627926
7169,11.036498397686039,12.629943551704077,7.405837979454466
7170,24.751049056455027,15.79645013788234,7.870058629678245
7171,11.308812854324072,11.102985832941497,8.302654095622291
7172,5.051752751314327,9.209503942576422,8.870364675742819
7173,8.934965437531975,12.732547768787692,10.860531979993228
7174,0.22727838435721134,15.512350651266342,8.55458014102773
7175,30.646767064235355,9.434321322473895,11.641801724617105
7176,13.484975130017338,23.439440378963425,7.587561039529149
7177,19.560242245502273,10.201250004523978,9.812104765057626
7178,3.8897832921265723,4.872202158540477,7.884104554316396
7179,0.28849296739472147,4.738909733314485,7.510435274617366
7180,15.093677723413716,12.213386935856525,7.983768168146264
7181,1.24972661847997,14.194005226983228,9.234058422557643
7182,6.242176224457837,13.017944455425006,8.5606431339019
7183,12.12155548438145,10.266967727686978,10.288396077316158
7184,1.9019258867436235,12.849266756164843,10.264851767227913
7185,19.158187020875058,7.680044326826841,10.318801134098488
7186,0.6548194547789562,5.354290885907984,10.605757660206454
7187,3.1008802770471613,15.076489420881241,10.34903404105598
7188,2.7350861699259177,6.912558243093434,9.414316851588147
7189,12.049704086325379,2.896366499937605,10.31677559407365
7190,2.62370104896419,10.79205869852768,6.562226722110534
7191,10.301767134583441,4.503765530694446,12.47439117293042
7192,14.584928413882833,13.603345227371952,9.212165148386074
7193,13.450788562256845,5.191996746032009,8.43594089101481
7194,2.682862124013785,12.557308989899107,10.263702105257819
7195,4.941361053406554,22.095606872969245,8.365594744260179
7196,8.181290349277205,6.187234321769207,9.620129727345956
7197,7.24936446386339,8.572111511865668,7.969357157699281
7198,5.697046062583763,12.893684393456763,9.048481730470819
7199,5.745276101499247,16.479308864706347,10.350917537100068
7200,4.4811075976574815,7.659397035997671,12.144132523209755
7201,21.667174103425857,9.29215750455631,7.116000761836076
7202,3.3412105560480896,9.19848595507666,8.089241093266475
7203,8.418850643421898,17.89497949886573,13.22612548178448
7204,3.005072038905635,5.694975309718773,8.990990687571745
7205,4.62507030233476,9.9238310350021,11.816488214302774
7206,6.177249276352299,5.868812436579305,7.659277859822628
7207,7.4260807525559045,16.74956361264584,11.225328304479179
7208,2.4984335804482742,9.24132447795876,9.398579168488537
7209,1.0740479825194789,7.2189017924225976,14.074062584442553
7210,4.803883549937272,9.294792652869997,8.904940469407855
7211,0.43784189321341604,7.704565475997795,7.7598892015913385
7212,16.112804288128146,5.440977838255316,9.858286422268575
7213,23.912350880103677,5.550479044234363,11.545339001624459
7214,5.400341381606745,10.84519586420478,9.830207647669294
7215,13.875820256571387,5.172902550724617,8.661800012327232
7216,5.6337374273258,5.269052644782558,8.852583111255969
7217,9.173098986616695,13.938699285698272,11.524254649109064
7218,4.867269892168659,5.867051421332597,10.76154629456536
7219,5.918587110709961,9.887173114126345,10.267211631951632
7220,41.598791628146174,8.657959377104806,12.90343899608342
7221,7.183962684322883,18.5578482199691,9.555673131935684
7222,9.135589453809018,8.503076549843936,9.962974150290572
7223,9.400772645225286,3.3910888472102934,9.435803077592928
7224,26.922067457491757,11.249920692694944,7.283916163622797
7225,2.5117639392063715,4.740291261852405,12.09832111579191
7226,16.91753993174138,15.296627872306697,8.69987143008993
7227,2.987602586598275,8.173359937773887,8.352627374212297
7228,11.19676964691755,8.55537635665709,9.588203570080225
7229,0.08632662372914698,18.26196446775225,9.792030931768778
7230,11.178304348697058,16.453874153490382,7.949061733567757
7231,5.72550559683219,9.78169981944771,11.495455149304567
7232,1.3499045296147552,11.250101982383072,10.818888208357864
7233,9.749379612428529,4.4852714522343815,9.289457009337449
7234,11.406415170494203,13.014314067758075,9.453372511106263
7235,0.8249185089616676,8.841840996665148,8.442553592684071
7236,0.7516787177362062,7.143726378297255,9.587524788887857
7237,16.740275387468337,18.13705184638366,10.641007371521692
7238,9.48881295651506,5.217415379581314,7.130195780300771
7239,2.9189693250341566,13.998482879419239,10.03824552739833
7240,1.2180492674374022,14.391101311732353,9.856141527969907
7241,2.5890980067598317,8.240262496006908,8.831335148534679
7242,3.410699053590447,3.484077784717887,8.747398647155169
7243,7.346777110196094,6.103512321623361,12.826472533552849
7244,21.768411419346613,10.951096058498209,12.226815237994341
7245,0.39390277460622236,8.66616268866935,7.902671965927535
7246,11.144463742737258,5.852930645295963,13.592152455676203
7247,2.813444865234821,7.619942303480397,9.086548632221689
7248,6.2190520713632,5.91441832798713,9.032526718881561
7249,3.893838028306545,9.315177383425723,13.112320786023757
7250,13.426535495076923,15.686992527731784,11.110525472883833
7251,1.0552079426998044,6.373348110745402,11.161017307842767
7252,15.15993916682126,15.994788935629032,8.997836775833814
7253,6.034693494094181,13.98786445659918,12.474351206107565
7254,13.04565137690855,7.569477561317029,10.405898329154947
7255,0.35981071968038775,16.14403088890214,7.681780308810304
7256,0.6195083523163899,9.921936688557802,10.923941777484288
7257,4.4641340539474035,8.788357946332686,8.523351782826078
7258,14.77608222468017,4.450940099163504,10.967228515278896
7259,1.4310759351393127,4.7237555817798915,10.484568585764459
7260,6.622786283264875,12.497836092359227,11.636605704728849
7261,6.665025301487769,2.12953517860761,9.483228255966647
7262,1.1097706420562454,9.940625782926734,16.63041980674844
7263,29.510503017215754,10.692460408344031,11.438392690836071
7264,4.7036064244128815,13.491479352570874,11.65949475290512
7265,4.96423706806374,5.394895427039211,9.27757934301779
7266,11.55170805336304,8.852058234486318,10.531986559086699
7267,31.089340421934512,11.75037625751087,8.365567514904553
7268,33.9823899914989,9.338244490040756,10.940847631013021
7269,4.926344586818912,5.620785732780766,9.738196840725827
7270,3.111557717951142,5.178081606789193,10.61801122722112
7271,6.208375196638065,17.432566856151723,9.357790444081559
7272,22.546307033430512,5.698976585004068,8.28546395953426
7273,4.231451448664814,8.327761235033346,8.278652292889712
7274,10.41928839451519,10.080505339712046,9.557681757741493
7275,3.6754952113120396,5.2282161928343776,7.481279620932449
7276,6.101202040175258,12.352257799803462,10.051619913496348
7277,1.0604310900324079,9.254037065359949,7.211501407043788
7278,1.7410924425123964,8.80772211837381,13.476380709963712
7279,37.553124232015485,5.050777630413913,7.965630209119089
7280,6.855199150475218,13.487050586328763,8.766147889298953
7281,0.6243891934708116,10.372224199545887,7.623413771730372
7282,0.6660811435227967,12.832376080966219,8.668823937704268
7283,1.7049754341215089,6.373540839356016,12.108825618629714
7284,5.281167585426876,17.062997388838333,10.847019044903162
7285,12.407080234579004,6.150783128343133,5.877341895631034
7286,4.622005131870108,7.138300975497332,8.00488574669112
7287,14.963213680027234,9.431762447951943,10.712400824421486
7288,1.1045860230257627,7.864593993565459,7.244820064115212
7289,11.322808179262074,11.443752839438389,12.448053754733207
7290,4.252898172904669,4.105850190406786,10.711835816884461
7291,2.0575988443495863,9.93710329234722,11.033504964878523
7292,6.156076913714148,10.352342099767231,9.625705312210956
7293,5.4304275793022025,12.659570156105627,6.961537702043482
7294,8.843555711722333,7.681684504607006,11.740853715584075
7295,6.707515190299671,10.760277280536954,9.960355542777629
7296,1.0331212669436463,5.208227679274072,10.568969344045422
7297,12.81704003132477,5.403610895651804,8.928352121330352
7298,0.5992568222461842,14.651260261582127,10.14044099163161
7299,8.42778974575347,16.543604842487007,12.579617872999181
7300,1.4164940733478366,10.602932729424872,8.847509009794289
7301,0.672039824459755,8.381778643857194,10.909676274679128
7302,42.9632875814619,5.988831858046547,14.015095131548481
7303,37.72634434874027,6.487463655077119,10.815668163941483
7304,8.442097315544245,6.6577556335353805,13.176743133639835
7305,2.1954491449182254,2.660344622011937,7.463288619307778
7306,3.526953661289102,8.13513749806958,12.913710568320285
7307,1.2225081424867335,7.141435685649284,7.626321939094814
7308,12.035131580568383,4.693258303006654,11.276111355625803
7309,7.2724812807377255,13.539102504349788,12.56975705583023
7310,16.126631356396295,14.804088652012208,9.48291836158534
7311,10.152225816625181,12.028339507810612,10.113820257845672
7312,6.158002771361463,5.574768052545337,10.867614419931623
7313,7.296798109469059,8.472457041315394,9.294643685229541
7314,13.141965176009116,9.423528950811278,12.376284876919762
7315,10.29702328792002,7.399849613890433,11.217852724301371
7316,41.316420764911264,18.048612339429464,9.231760827836352
7317,15.63996584909374,4.219908425732084,9.214364276687105
7318,4.130912103248951,4.447146536968505,9.011585562192579
7319,6.721113629471952,11.874119490461561,11.9047724468471
7320,15.825426878491044,14.70240362977238,11.872710404381568
7321,2.898398436432571,11.238019220847931,7.730441622453684
7322,6.880668629781382,11.480139816243302,9.810201204569312
7323,1.6498998911036526,8.013899713007424,12.984815168786925
7324,2.618557023401211,8.877608618957147,12.802395462439403
7325,3.6458926251934773,13.86380382826086,9.327048156405102
7326,6.094838762011568,4.296061246452892,10.906484942407578
7327,21.882785270110794,10.294541734820609,12.281296562907102
7328,16.632706443233225,17.564444605398375,7.003141468837266
7329,11.771451836908872,12.684165267075262,9.180903960589328
7330,10.135431086541306,8.605341311934641,13.47843638123007
7331,3.5144456270989526,18.136708603193288,8.747687758314207
7332,10.982620733060893,9.941149191775887,9.706101959699204
7333,3.101594596237459,6.201119246403781,7.512270380646627
7334,9.119156247006654,12.754742593712534,16.457891663783645
7335,15.566253450436772,13.369660982932487,9.802687003909414
7336,11.420073788352784,8.61735101154541,8.273692684106415
7337,2.3539939058231476,7.3429804340923654,10.940880656022154
7338,0.1759580275816667,5.549816851118649,9.155732631819859
7339,16.882750794591324,6.398975475210409,10.536761208069372
7340,27.549798064560726,18.124958307524498,9.335896199784004
7341,50.145455865910264,16.055546064113965,10.204517485255957
7342,10.053423317552511,11.418651922856004,9.956474042002066
7343,2.9856189884376305,16.12241646202307,7.27726391959448
7344,18.750538477499745,10.199918802939946,10.994253858707967
7345,0.06557144196107972,19.990332315286487,9.959303515705612
7346,27.636069270484754,20.59583741050177,11.963929237973325
7347,14.644024514769775,11.332605685323674,12.47718678998868
7348,18.393325853636508,2.979892156623047,12.201440515988958
7349,6.707254106994351,9.837021172366063,10.145014199157522
7350,9.383535369462313,8.158932973637874,6.5268910548026495
7351,3.2849000879454624,15.017428112561642,9.132839641088102
7352,6.768570467554637,12.427203480612386,11.558567666022288
7353,12.691483807955596,7.543628735141087,12.138016435477702
7354,1.744955674249482,13.401930933736722,13.499389121322505
7355,5.361965842569621,6.446873500100334,9.30281180893501
7356,51.58241388463287,15.857598136697893,11.496193184013544
7357,3.346571177734652,7.640407139493571,7.87460484598583
7358,0.6841704050504447,8.508518298765532,9.330192256806646
7359,5.197234643592228,2.348480793816761,9.613748862686602
7360,0.3774992840403644,10.464605331363567,11.004007122118285
7361,7.006703406751484,5.188607806662007,7.971484298976989
7362,10.013156865944492,3.007288259969511,9.054694914428858
7363,32.4556339777629,10.274882221374764,11.888489034644067
7364,7.679087131472528,13.652265405253024,11.75740074856199
7365,4.024760573350122,15.007593269796663,7.285471002678055
7366,3.0369170969870893,6.677415534080649,11.940820013133894
7367,8.382747860839185,15.83636039734694,9.570307799982267
7368,3.3133638975661284,13.057975843670661,12.57563392727481
7369,11.723799822290687,6.343168729583685,11.418425420444676
7370,5.573197768759131,4.095789200019252,10.66013682252586
7371,1.12594859825755,16.54142290247975,14.829415559975216
7372,14.789359344148671,7.017395513350117,6.624705081253107
7373,1.5144372983242422,8.34817751042977,9.376121670329164
7374,13.192402270605758,8.837725106422676,11.707885793678953
7375,5.8139340182109,16.948300867256407,11.166816818084756
7376,9.125652977774521,14.03759563269936,9.481747190872404
7377,24.89990891374096,11.505052129795269,8.380784570661527
7378,5.128106574602252,5.355496106752641,8.940670081758002
7379,37.80983244034531,10.661519101430898,11.282222147095663
7380,7.410483276342402,3.561324593226101,11.853563276527057
7381,17.913792461696747,13.77076075449196,11.716253071797732
7382,7.318818145066024,18.927715295628733,8.07765716156601
7383,12.737867669977367,12.910386320797391,10.511075840229415
7384,15.999185718219914,16.48488412521005,12.978694814639972
7385,2.7237651848906,9.541174643034074,11.606125359102645
7386,5.231156223940676,7.56024842451526,11.652241838045153
7387,8.96705109475624,16.80421621338234,11.169933896238843
7388,1.9561773184242244,9.703873061946357,8.136977042386468
7389,10.088724856896363,26.870272854300055,9.244234814879631
7390,39.98563591575234,13.709446791077823,9.202722534589823
7391,16.284413127915496,19.025071325011513,9.474540899382854
7392,18.653716473068975,8.680045950664848,7.640479468586361
7393,17.611935922928662,11.117323821942986,13.136625350972903
7394,3.395574978834812,3.7047582182666963,10.142272849112661
7395,3.085480075653962,7.779818768999287,11.215428459735403
7396,11.502204214122068,9.545862415826994,8.255644661106517
7397,2.894467404490722,15.25139253931953,10.202813164211022
7398,0.17940497836962183,9.434031431903488,8.612011301100289
7399,3.3801716191497877,9.034014131861474,12.454167581237533
7400,21.87685750833344,22.934256925345615,10.840495381100254
7401,0.8965254270774051,9.475747555417506,10.260597814478395
7402,15.679761473959909,2.785844169041941,10.742879228142103
7403,25.73800585929214,9.120366005486021,14.307484879042871
7404,6.250082990917843,7.389152961602845,8.263734727943376
7405,3.3443541744555025,12.551059182389526,10.398678182886
7406,3.967039238316719,5.701663353405397,13.450537157613175
7407,20.529687533645678,5.686429484538512,10.675690938116192
7408,2.2807124487557435,3.9709718557910727,9.438580480112249
7409,21.095453386491503,10.022924246597892,8.310532361180831
7410,14.398233245157707,4.4649933830740665,9.54611273153387
7411,26.407844892739554,6.348597160784675,8.11768785473881
7412,5.119826462744375,11.810418074839887,11.43260376325159
7413,7.22380972321411,9.824284523681614,8.180514608014816
7414,3.7344956509290443,12.130856512719964,8.446086505071206
7415,12.872131169678003,7.84520002350183,14.294495252076421
7416,7.627034624465394,7.429799721794704,11.089851504354266
7417,4.2459821295494065,8.01548241354923,10.870402284669959
7418,1.2746171486176587,11.82325411165202,9.766302813909002
7419,7.53389487089228,9.109313957090851,7.843454643026843
7420,19.48985141008651,11.510655209438891,11.14440663874317
7421,0.12853468636574666,25.95040943087589,8.129938199356609
7422,45.55890222461484,3.8401427385015388,10.621315296318379
7423,9.172007666423507,13.495553916562054,9.652638605502993
7424,1.7666954115504885,8.198144953463387,14.095285736106984
7425,4.338633795160432,7.364599756563292,11.73676234921855
7426,34.77008827307144,8.337435331050845,10.362337371772805
7427,10.370519081390622,8.778197472818958,10.260054335977626
7428,16.825468367559093,3.2881882948247507,10.36525407316693
7429,8.132447076845342,7.855355731425206,9.115218618672035
7430,1.8184676467478178,9.205708777046677,11.397538592320563
7431,1.10878751225318,14.521087941966567,10.34273283389855
7432,2.245512564148002,12.930435893912383,11.12350602052629
7433,46.28060376349525,9.271063835576644,8.317096856286367
7434,4.207886520904596,12.340243768141796,11.330873832031887
7435,1.631192873291512,14.890160696116613,10.995615672941
7436,9.226240757724568,11.995128328529523,13.334672698113527
7437,11.534258240129608,6.6231177062644475,12.173186000859522
7438,4.542236680003915,11.992688508997789,11.396382253518693
7439,0.6969818537135782,10.92660127544194,7.219420704515331
7440,3.601221645192792,12.386163878724924,8.788056795151354
7441,2.80399981040481,10.277192954043688,8.904262061266046
7442,10.533417628565799,13.098235181670328,7.924494733555978
7443,6.268642800085418,6.813120934125211,9.835575709602994
7444,1.6866799202440357,10.469967202432162,9.427809435466811
7445,20.29828234782892,9.788667206045552,13.292237074073483
7446,9.366784923944534,12.683076508017788,11.566954332802316
7447,5.727634999816434,2.317540157456903,9.844707761789032
7448,3.8221904708052046,7.0706932293186995,10.122228009514512
7449,0.3432844161299929,13.115070111766121,10.292985462995166
7450,11.550786928400335,5.558370869406576,8.64113418368718
7451,2.713162185519941,7.750410608187695,10.684898133528828
7452,7.543382412933369,9.087605059349755,7.4195839303452376
7453,4.670224857560211,5.303302852422607,9.51734983996833
7454,2.069508785915863,13.211107843847014,8.848249463436597
7455,8.181261314761137,18.840109933761433,7.9016366100538
7456,10.193385717612035,5.676876631803506,8.901706738041048
7457,16.44617008146674,8.901234250544828,10.818961624160485
7458,24.000063373595168,13.308068583887888,8.31740733780399
7459,14.854395335333383,4.927924912707485,10.101182390943642
7460,1.118740012825547,11.651948292045281,11.565493806569656
7461,4.477029545734441,10.068849205631329,10.899162701040982
7462,11.571285845181382,7.750830690920611,6.951425443905981
7463,11.342378591118113,5.3944515846211605,9.627237949218578
7464,2.496179219391445,4.942275681011226,10.694812962365443
7465,5.923989549688993,14.179076646691916,8.993977761140135
7466,23.800207220221985,19.1050851173887,11.822306451937079
7467,0.5146668263245896,11.195427742644915,7.461489939776888
7468,6.517838853453859,13.286397347195209,11.725727595967763
7469,1.2796430914669188,16.991159162946936,11.341414738431956
7470,9.625753019567538,14.712977967322425,11.454368315797433
7471,2.9422778221883275,8.512532010605417,8.45200583499238
7472,4.93940864377216,14.932063806076908,10.518846135623283
7473,3.3207660974122697,8.351003960455287,10.739469180951437
7474,15.739109988411798,16.83975338867748,11.220680378590762
7475,5.23997380338463,21.63995470304156,9.422803328714616
7476,45.23583273977466,2.470312075545414,8.223862207592834
7477,21.422515440038854,13.654959064082448,8.572132408300737
7478,0.4396759460687494,13.487086545532737,12.86702287041559
7479,2.8854571664221,5.834705334152129,7.875874194935478
7480,14.812307789329404,18.733271620580158,6.652345180463853
7481,16.2568713092559,7.855031599002753,10.237117997621887
7482,1.562958390903307,7.681378628965568,13.911201001353735
7483,26.79123649582958,16.68586616516683,14.175509169969423
7484,2.302430150487498,10.04545962147648,6.783912931646622
7485,0.511732683813701,3.1599643034782874,11.290505325224906
7486,24.835087910637327,8.891477474856222,9.18302685425441
7487,13.970256813507417,5.16821095058331,10.202824498802512
7488,0.8776054077267034,9.532536061604814,9.445522148291309
7489,6.756951257399209,18.15672194454462,11.65763549342248
7490,3.984594328516254,12.068982038110876,12.79128769033766
7491,30.495917128474204,8.322616289821081,9.991238248065905
7492,2.3119035659291516,18.706918823323218,9.73034154101546
7493,3.4231545717875025,9.936651600707544,9.170721428686601
7494,0.32046551397706413,13.37871560816301,8.587518985553944
7495,2.378309130923372,10.80314689999158,9.703066852347717
7496,24.55231316791619,10.951701940198575,10.003696772162678
7497,6.853267659251313,19.234836031619075,6.979779615666043
7498,2.1632276679124574,8.476206146858697,8.149982356761075
7499,0.338731455062584,7.361056044821557,10.176981179630875
7500,1.4830432576482744,4.858957249653622,9.174382903436648
7501,3.6453410317808403,18.551718779649722,13.934399803308606
7502,6.9336008692473525,14.034436606254536,8.862059849102861
7503,10.467455891940304,8.264925517271033,8.00393230944834
7504,4.057760485370971,6.064947978957495,11.16596984693406
7505,0.36313332874894305,10.018253741284276,10.534870163461274
7506,12.640044689137328,5.675981894563384,7.859710542070981
7507,5.898544527496547,5.884116506606807,11.567077600525623
7508,12.151550213098941,11.414191509580602,10.312255239147188
7509,1.9688247240415284,10.33944899965433,7.65158605169352
7510,0.531174667181372,10.006823007360255,6.50759270451152
7511,0.9382632938300169,16.64797710083866,9.544255258665407
7512,6.82640436637532,5.727397491756276,8.884322851841414
7513,2.1694900125585734,12.107908629272071,8.670397152020037
7514,14.991679897970853,6.625437070047009,9.275059316871111
7515,27.27732929275766,6.291626501254691,11.048754722881256
7516,1.6391798256416716,10.24709262042973,11.796285224242313
7517,10.27345697349785,14.019031110625022,9.723153264546793
7518,23.838349762454282,6.748157437413203,11.036699057591305
7519,3.2897965356353795,4.628602791877239,9.988112458756182
7520,0.24177874094864757,8.183038467954777,14.486430790344004
7521,6.412767517748901,13.061476659652286,9.869763033444597
7522,1.9032964558523002,17.448083643115424,12.170179323716797
7523,0.6962566124618326,7.525982974909093,9.94809624227713
7524,8.36077212297079,11.032954054852237,12.776514060161924
7525,12.471404827649838,6.031428090796793,11.982664683993269
7526,11.448114206097127,7.201087493717385,14.285244541856985
7527,8.699698561215115,9.499833545933495,11.490483288359565
7528,24.469648152315997,8.432445007653332,9.024956138155071
7529,4.485722733555049,6.943719621052068,12.33869447268594
7530,2.352210625886064,8.603710151066737,9.732813939107109
7531,2.52167318017416,10.993845280315764,9.996744556991645
7532,16.96849008200372,4.877598523846061,10.444902464136982
7533,27.623699980510803,8.486627697290725,12.366738979554107
7534,26.77183935484691,6.829693765881501,15.116541713662809
7535,13.02069939800216,13.235256001766427,9.513403605726902
7536,21.646352455182225,21.07905316759987,7.197161062599383
7537,13.85503652438907,18.566942041840115,7.3173860586932475
7538,12.347148178442962,7.329924802214668,10.693100120648328
7539,9.140230013080478,16.40008152443429,8.04577167191103
7540,12.013228157509426,7.4187406028305904,10.330478360901314
7541,14.316617338523399,12.513986722805615,8.44789295751812
7542,7.434259237568988,3.898523144081821,9.658666456219208
7543,2.131908895588283,7.622158685169152,9.273292516112189
7544,4.115557592377221,8.346941571341855,11.21135019445892
7545,67.0451638411931,3.635458976403721,9.177246120347418
7546,3.2866359590482563,6.778539633157024,9.777221694952903
7547,17.773111591516404,13.99418128803695,11.45999960005571
7548,3.945594792375641,11.610984556031593,9.98615709640442
7549,5.916787960843389,19.047143663892854,11.13370738058614
7550,6.22642704489343,4.938108973751008,7.671158351538072
7551,11.659523823258473,4.782082223798842,12.020905783087935
7552,6.316669189091924,13.227931393306445,12.139750677663683
7553,9.41659781660421,7.648151333194119,7.467700758050527
7554,28.172408824647707,19.78108247578716,7.777347176251109
7555,0.3326580234734825,7.590877005573413,8.038717621352056
7556,11.226486222218762,13.26870606001955,8.418036323024502
7557,10.09893492617092,15.049865570402421,9.8179782429749
7558,9.364494887488544,15.723398231231297,10.407940901568692
7559,34.8673025233156,8.339134039087037,9.579304493747658
7560,1.0825823330418358,17.850672281111475,11.65981552099003
7561,7.631178688311034,9.730112749605944,11.944601797853291
7562,15.00271136755944,20.795474503602854,10.071731029796279
7563,6.320128030284465,4.620295650159414,9.030476650155967
7564,2.5484585083018305,14.349527673410773,10.360768977069931
7565,2.577764449315655,5.070728491589767,8.670142873371356
7566,21.17901460147554,10.963223841971425,10.940081500474115
7567,9.076786637707995,9.115732290180226,10.294356320953849
7568,0.006545862951573051,7.429847193544125,15.036313429966423
7569,4.524464017566041,9.455605856566539,9.471945250425273
7570,1.2017046676802454,8.915884642798355,12.034204221325997
7571,20.540840383594382,15.737073866763264,10.057503534682075
7572,9.966501757528887,4.167409225512,9.142601978032705
7573,10.130171721138366,10.283158898822645,8.03344876387482
7574,16.660744085797578,9.881017192386006,9.050581116466237
7575,2.5592210100768322,22.16272721800717,7.9820075334790435
7576,15.18557583924957,7.899000079567875,10.40921302168493
7577,19.804584609097805,10.078579020170817,12.097593970046297
7578,28.009719152641654,21.51295116674948,10.669253259305547
7579,16.969188763042887,3.853755638100293,9.559806131540444
7580,11.38280185694328,2.0308154551300523,11.91022635995829
7581,22.3258972178539,10.136570675844466,9.67432294369607
7582,24.83920645267264,15.252523475951914,6.449688233210452
7583,1.2802789270130377,21.32913647380814,8.924935301098504
7584,8.083405802185647,9.862599228997398,9.315363818918474
7585,1.3561914166329576,3.804963820990877,10.198935098827842
7586,5.341466787340295,16.40264773754959,13.673693286671597
7587,3.654658544443004,7.9464872714067685,9.204697963209021
7588,0.2618401768987612,8.088341822020602,11.080261800428183
7589,9.970392696557791,10.057795621171971,5.788085235032532
7590,7.361952896882219,8.16677341061217,6.916448078745398
7591,12.198018266355627,3.2989306887087166,8.531663719018304
7592,3.5464283422807807,11.898057066794857,8.155059030135622
7593,9.94552923942574,15.313531651881707,7.860478824133707
7594,5.825651126726079,8.211656865328028,12.44103248982449
7595,0.1106755821266098,9.088142440572705,10.444904124795322
7596,13.358755658909848,6.173379976211735,10.999338524985044
7597,5.534367069607954,9.488204645990134,7.75472894935324
7598,8.220658967083622,3.915327359332431,11.832940938207189
7599,39.60490342017314,11.398683437594304,7.717565487673212
7600,3.8524156868475505,11.066008111148566,6.571807176165065
7601,5.514940764650847,11.183470536333282,6.810599609391145
7602,1.406679377398885,7.640918796599891,7.596192276514282
7603,39.0033382493962,8.402451406477185,8.78617376603952
7604,11.09483909104934,9.002672862636008,12.097771238257941
7605,0.36105213880440523,9.571489848631526,10.503233993142834
7606,5.627907091948848,5.176688564937253,9.577554549637798
7607,5.158754794022397,8.940914192205145,11.972933207829486
7608,28.317061434545824,8.712405503142366,11.890120521127812
7609,0.34278501711884185,4.134401106706497,13.820128080515651
7610,18.18543659476613,7.573625293678374,10.099045297592477
7611,15.901924577527478,10.488471839658143,16.173866550433562
7612,2.2050190761296995,8.911412866023511,11.127095799833207
7613,2.444389502823428,4.61120481281899,7.84458219347869
7614,15.089534896054817,10.71843883321199,9.886312385765638
7615,10.86472919759169,10.33250487656344,6.829754908577775
7616,14.331765440512338,4.353143842174494,9.19374487246785
7617,4.148268399989729,15.826820317952762,8.830574525182179
7618,10.385540535625278,10.053707464113666,10.90359278971249
7619,45.40922929969502,17.819334321462076,7.225139516996435
7620,14.383747719052606,10.172120630183418,11.661268506878606
7621,12.582509707641222,5.509062413469518,8.667777400638462
7622,8.218347864357876,1.877456718832591,11.493380250225266
7623,7.9903807390327914,8.153347083138218,7.9076077508973555
7624,13.615029515390992,17.69513921549936,8.682542716038702
7625,23.757120263614294,6.1132263724186355,9.000165096222506
7626,0.5917975479071296,11.481950910961695,10.075828346881792
7627,5.662790148274889,5.41238897250829,10.026205253314712
7628,13.71848023818052,9.016223049772666,7.772626880949982
7629,2.0436682548955387,12.079415702030065,12.165651338644373
7630,2.5932757175768537,9.027337142611346,9.063276658990613
7631,8.005017953816434,6.336956925739578,11.570585091572404
7632,11.254298745562043,8.705951005567645,7.719956860478704
7633,25.121357960349116,13.802158021680313,12.57695677364313
7634,8.807393568071673,8.949128796947756,7.407427951017442
7635,1.2277022047815869,13.609368392741397,10.710671816810812
7636,48.74230741196669,13.37216504945171,9.165591293530898
7637,2.889337805171937,17.833393537095937,7.946500951985223
7638,0.9606395927655625,7.908890797433488,10.7530760302471
7639,14.598299909660412,10.068745092997341,10.302528911362133
7640,9.116549278532439,15.367598964815803,8.267641982888229
7641,7.878585685485793,9.990687325501721,11.620926536111998
7642,6.801570738926544,5.199810194725051,9.664074536508211
7643,2.8817517184263557,10.775698510754657,10.24556629321854
7644,10.744326610595113,8.161426805731699,12.656190800175496
7645,2.08485077649386,5.906864324992506,9.830538808844445
7646,9.44521837831047,14.864430141623922,9.699360819446797
7647,0.19537348728874987,7.0122548375610965,12.27615326435975
7648,2.2817091326727614,11.434357315362169,12.757742541808089
7649,6.336863433684941,8.180189144899703,10.487446522894569
7650,9.059611187369295,3.4724614154855606,12.688794764355881
7651,5.569777173572142,9.673561902276925,9.204563445970324
7652,1.193020315078184,6.617311277188269,10.249665951815011
7653,22.509418830716434,13.127664655707019,8.307532462242087
7654,4.3601111546263445,10.318012803427784,9.963246086652292
7655,2.6403633064312393,16.118500738232065,9.5879001866496
7656,12.474859715764689,8.806031558115604,11.56319536590641
7657,0.17578773002256262,14.16409608040434,12.272752121242224
7658,3.504150044232913,9.55942109003142,9.448413659331896
7659,1.9752440621227956,16.990807436444626,8.078369640251845
7660,19.514527426581786,9.364956045750377,8.852287790958512
7661,0.5074452064467094,4.789215005168213,9.220695351009335
7662,5.73434805237036,3.542312229647737,9.123312197867346
7663,18.949349909702793,10.79108396388511,11.29003830371136
7664,5.805922531131125,22.199828790365864,9.55763878728303
7665,4.338914795413804,5.450548862610109,11.69954224911427
7666,1.7266444104794114,22.233330464848084,9.112255353182125
7667,0.8746804958075999,3.3936467612639034,10.097299428743895
7668,2.6211046435317265,10.169070968393282,8.312102737586109
7669,0.29382572288271736,3.3306804587805,11.099510332318397
7670,0.5678149101049088,12.119870871362952,11.112875634564896
7671,25.600582534755876,20.421605014992455,8.490075848693875
7672,11.918560386134965,12.475418859863456,11.1822154843442
7673,5.7773875725310395,8.762578783286596,8.250592216725927
7674,16.552503446005637,11.883120505931249,12.861604999114213
7675,0.9098335968580951,8.25355061153638,9.754443687848463
7676,8.359696237999833,21.582090341761386,9.761918988379133
7677,3.45794272912553,8.655573565576557,7.974070446071628
7678,4.935478072133366,3.7403577721895287,10.782707302864262
7679,7.684103146942283,6.872763546780382,7.653880170887037
7680,0.17185881507804426,6.189948887285235,8.543140229855428
7681,6.447776421961451,12.00324105228093,8.409520091953915
7682,0.173723215569087,7.96106830540306,10.798486614286556
7683,0.7110245116744041,18.05463920060438,6.847608703949316
7684,49.38116462539606,8.254126056508811,10.542571838570234
7685,12.231489301208574,6.578021574747021,11.96576121000014
7686,2.649871006127499,4.204589384832772,6.908306025364696
7687,0.7404820339053231,8.056284243596382,7.771332354549144
7688,5.713697995536837,5.391267853040311,12.383610493332126
7689,2.3426565883836883,5.425555760429537,8.754914832703637
7690,7.466591409544978,5.438497563056361,8.450396705141559
7691,1.6675970539304066,6.718575304145264,12.902378678223657
7692,4.672964420776966,12.665090512632968,9.117790930465336
7693,0.4000942716072698,6.560718881733384,12.327561469694919
7694,0.10920562647821969,9.770623654479582,7.40266930689094
7695,0.05330270610980971,7.803626249687737,13.936139042016567
7696,1.558596878813005,8.517411020449437,10.153207491770605
7697,12.674099904250854,16.920751040678688,11.409163086363833
7698,7.969868626295341,11.411986102473946,8.457764379673332
7699,11.18933743120898,10.075936083047974,9.211760629386484
7700,7.593162362235084,5.3273540956206205,9.433557553698643
7701,0.2909643011123954,12.720379537585163,13.25412483386009
7702,4.141570619217463,5.5108007113104405,12.700905923495636
7703,3.25791173168419,13.039369805589269,11.184136688781235
7704,0.9987514622810493,5.4911976203983865,11.97389406883644
7705,17.707834640397213,8.30532672916745,9.753287951449618
7706,2.857298292636675,7.822111941211257,8.804108520273958
7707,0.4012342952676658,7.286018104395906,10.275623494889084
7708,0.5051235264893661,6.767878224418955,10.555151517696988
7709,5.537356955664789,2.9730000267748564,11.714978559485443
7710,2.06621468852203,9.981693638334423,10.831226978866844
7711,8.532333978078585,10.83511001165071,7.888771085099086
7712,2.2800559702516288,11.661581612640564,9.362625528872345
7713,17.005601662210353,10.171841808512719,7.567711732277174
7714,33.2666976391425,27.706567815639794,10.720793119941
7715,23.73806024685071,19.08486099814315,6.661731219745661
7716,3.2050801911170184,3.207398105225778,8.856493020356549
7717,2.8036813010928983,7.754084728535477,11.043521596090235
7718,25.403034385608375,4.958945578113,9.486077196382242
7719,5.065310521365991,7.708310343696792,10.083755183568032
7720,14.980230809633767,5.077414316093659,8.17428465938259
7721,7.160180470289179,20.03264989065344,10.842157740725249
7722,3.593953960950406,5.686833975061729,10.142351329197874
7723,1.7956648529944177,11.75981092011503,8.391970549082593
7724,12.0233456938759,7.964913364375529,8.864375231095023
7725,12.268636012428201,7.749254264363829,8.101517244224793
7726,9.230391635938917,13.542049920948974,11.416562826387997
7727,31.968416066370626,17.155351084488775,10.733864342990678
7728,13.751810844286808,8.613543449296257,11.249258920740267
7729,0.15876264469139875,9.366384304821361,10.23574697109173
7730,37.3278952289391,9.956828309036757,10.688193885535139
7731,5.695095412746297,13.943827209479641,11.331213361978888
7732,1.56622682914581,5.461421288251254,10.068026814389443
7733,4.962975475626502,4.212106688173478,8.07321636886972
7734,0.9594919497828521,4.270702188933141,10.017389377298285
7735,10.258385797952737,16.271565898116755,11.027415485156572
7736,3.6232300866379177,6.853848450300694,9.641648374878155
7737,2.3280542745502766,14.236540334721875,9.214853514416271
7738,4.385965134573477,11.231196940671946,7.721098036081183
7739,22.904006166493154,19.093795308355972,6.741695026435135
7740,9.645489107641437,11.322610048397074,8.857339467588472
7741,12.181314705378671,3.3784922870168685,9.461040569244522
7742,6.532842841019684,7.857167540802566,8.787148040241089
7743,12.046346027229227,26.957452373681615,6.7500162906682615
7744,5.154512196886179,14.695957526135805,11.904327453513064
7745,1.96614522914949,13.16962519223473,10.613624802293234
7746,24.954484241406103,14.460911353737847,10.389941753491547
7747,8.843113250403606,2.776674942290547,13.082528762984259
7748,3.0214329696234734,9.464908817603213,8.141683128907747
7749,13.236278841307078,11.340990740039562,10.019575599867773
7750,20.622315949745115,12.601782621324308,7.107124784686223
7751,3.2120034351784823,9.519188200755394,12.913554791872876
7752,12.974356081156587,8.008527747126085,10.78099984590428
7753,0.725856707124857,10.229809902264659,8.484320747453602
7754,2.552815721481312,13.493065080307812,11.545009151400942
7755,1.1264576348987059,8.046385762254985,10.391025938004223
7756,3.5592662581897283,7.045396115732562,9.170339834599678
7757,1.1780919060488628,9.320134424057816,9.42752493324352
7758,0.009396757790664704,14.98325313681202,12.490885446559695
7759,1.3061032766360932,6.3633122923775876,11.078836166305633
7760,4.204675325734879,6.6627431498889464,8.059297854171355
7761,18.480833179274427,19.081101603752327,13.520721893544499
7762,8.07931628683232,13.46171454845961,9.08583530058933
7763,42.32104709961574,8.509966077209928,7.927695931705601
7764,9.608641578757915,6.793585121190235,14.171979667171117
7765,12.563317722630254,5.903371036847629,8.31876698629239
7766,6.311245720890693,15.003976900195687,8.265474425427747
7767,11.181158149011651,14.29151435967745,9.298523640803284
7768,5.385851750562079,15.384880656822208,7.332970615710917
7769,4.98478342866252,14.15210958938682,8.309701060435339
7770,11.852808540841956,16.53086330622525,12.715059949857025
7771,48.95200752555814,10.696106737178926,9.906184027230365
7772,11.039880418932501,6.959773802411782,11.979408963596113
7773,11.21298438523839,9.493274423674173,8.239351041204648
7774,0.8431945569170033,5.664959361112848,10.66618949883827
7775,6.747772092407831,8.991760693794722,11.519303473730485
7776,5.369948055144753,14.217765590913615,8.814545598636764
7777,9.538288431608043,6.535550595798483,9.644478824910745
7778,9.367852414700579,7.662828970997836,10.12916144402568
7779,10.660892322482285,5.805655932284941,12.69648421355116
7780,21.071578544830526,4.5287410363074825,10.950074750641003
7781,0.1850606428693589,9.055997023545347,9.124853677047557
7782,15.5990780820968,10.129492197333354,9.182082404811664
7783,9.402132519925658,9.280919319015968,10.622427451365802
7784,14.480314102215152,13.26977156570596,13.078812443395382
7785,18.79503752809553,7.419789867913694,6.995055517244927
7786,8.813695616849214,3.8985341863196927,12.178720065926479
7787,4.101387877896324,7.0333985278019,10.133016743435007
7788,21.07386947185993,9.751875103273232,11.174343069934359
7789,12.20109298374517,10.64825081652155,10.761149741273208
7790,8.306567111151859,7.458515375451097,9.950680445485458
7791,5.123364820561851,10.97654660339042,11.004054136201948
7792,20.180452741562156,11.493429823242392,10.663432082852518
7793,2.5232623334899915,3.7103469736286456,8.449637071973369
7794,20.20229395569631,9.096073410415435,8.87387960649061
7795,1.65798143699248,6.251870386094215,8.105567597432158
7796,13.697028958194554,3.5397153072175342,8.722313425097703
7797,2.284243153037091,13.125509038751478,10.32881391163147
7798,8.449058770910968,11.636646024185989,10.888368718408692
7799,41.36429367515693,10.187736604952038,9.676063139491557
7800,1.9322930201961914,7.177942111676506,8.620160736780674
7801,0.9049908961965211,5.926611643357814,11.256379463484103
7802,6.550660190981204,8.143457003549296,7.295588277088816
7803,1.5441519953023726,9.890815828977132,10.938294092124618
7804,2.85387574221493,9.687551482933442,9.583541127358963
7805,24.087024657607405,5.690361379071734,13.493795714259033
7806,30.858161374012642,8.588097319898733,10.940419946585184
7807,0.6203182834972445,9.664011227633692,7.619933997664952
7808,5.218280805259174,4.951433845671428,10.484936194227991
7809,20.576164755605348,4.641133359452981,12.070623809862001
7810,20.093165000694427,10.446640446021744,11.802665401447872
7811,11.288581148567424,9.971920215843248,12.075601749898475
7812,9.698427816066246,8.920802805045698,8.95374331056002
7813,0.47205002006707925,9.915405604076273,6.21024266258611
7814,10.96804191498296,9.72505683650618,13.078292921084351
7815,10.052802673925214,10.889786439183329,7.021308142675866
7816,49.969276350262234,8.646332602539607,9.808481991704273
7817,7.9719771792786815,8.479206717683024,7.543950222444754
7818,11.543693774804712,15.913273041499526,11.661239078840167
7819,23.94828158442965,18.975553409549537,8.848654559683572
7820,7.958278343100385,6.052726911170035,9.460727011289732
7821,2.477577488004428,12.79237766999594,9.593408099793633
7822,12.962331510540885,6.711420356564578,13.250517836372982
7823,6.528150182467806,14.706705377566635,10.975325964809938
7824,10.791661068788128,9.30941645973527,8.897087280425996
7825,2.964954541034115,13.495051694433613,10.186646710316209
7826,6.59187635300921,19.188154901005525,10.971803461747806
7827,4.107373388510973,7.955502337259934,7.699963500022303
7828,1.5252010384201653,6.719481594208881,9.504524132768221
7829,1.3979684014210951,14.594948385944871,10.197344187777771
7830,6.733677026805658,9.915310243777224,7.158212454189229
7831,10.475724219872395,5.903012653716403,11.986445547987994
7832,3.210626297351141,17.44201518748077,8.200328326055917
7833,1.6437762658627986,16.15966395073874,11.312817604140404
7834,19.443100464925102,12.381728339447411,9.82284084023243
7835,1.470612964800742,5.672656020542982,9.28497002867038
7836,15.309085991933825,15.624874614722316,11.47117262914944
7837,9.386414053854061,8.504455622530157,10.22764379632822
7838,1.8878767360461213,13.911718526413386,10.79446955798047
7839,7.663730581788721,8.91958722665957,9.003772237853054
7840,10.317154625853338,8.22540316922076,8.560074483680802
7841,2.0362669833199423,12.84165208922686,9.586764218081601
7842,9.037496497386389,8.449817166361026,13.80536735036909
7843,7.3663576244209725,6.660691470915137,9.462316321802623
7844,5.251961986122216,11.610038766148666,8.014696624797288
7845,21.242349236326923,8.238576144054342,14.317495930815143
7846,8.87115772790998,8.602155806361921,13.485205258544465
7847,2.9101069780778492,12.052209446772519,7.538181296364103
7848,1.1038106828258525,6.340697381065256,11.425449951559239
7849,9.22081623891156,9.4534790199752,10.584059338774464
7850,3.984874919531222,10.675340976507908,9.677362958728319
7851,7.53543025986121,21.352182805687328,10.769610064958833
7852,16.849634353534622,10.173216684397257,8.722521823563522
7853,12.726509671402122,15.978685027163896,7.317600963648678
7854,21.078516810762146,13.874657197660449,7.259650442709796
7855,6.768127273185912,5.564549552203066,7.451885116071269
7856,0.6568664258769098,11.276183274261271,9.958140650165456
7857,5.0965661422246304,14.69150555582991,11.724725253952585
7858,8.014947344544323,7.1969825289755365,9.335777307498683
7859,1.4449376900915805,3.718755046458868,7.274190192718996
7860,2.7380205262178636,12.680694559936708,10.006005120433839
7861,1.6079537842666927,13.718867174800845,10.19753199012263
7862,10.090191237622651,15.217730246098634,10.31096755377588
7863,9.119036721227923,4.849675941672201,13.504034161993447
7864,4.050944133864051,15.914018347377327,11.100177319760752
7865,0.722991042675466,6.711232398975886,7.913609499197352
7866,0.7560965042901863,5.49792872561804,9.921667678985777
7867,28.505663271091976,11.696305023634368,8.909615473790804
7868,7.148841550818312,3.803796335536306,9.349883523584184
7869,2.2094713916334676,7.735370788112872,7.676538059471436
7870,2.363304174965118,6.063507238648546,11.87963636626864
7871,10.137043741184378,4.916183646863599,8.29200610442993
7872,5.286187254807202,13.513068900545417,11.49580349582211
7873,19.62831722789233,8.739345756074796,9.642985826055689
7874,2.3432129768813548,17.668352888840676,10.174063132899649
7875,5.432772280361449,9.143209211729985,14.19059249176461
7876,16.269584936863456,6.466206114517786,11.279947486285334
7877,11.981616569877543,16.630428575173145,7.966289994816544
7878,9.284823590352188,7.52218577619882,9.886571070333348
7879,12.437107939529223,8.312101042084638,10.543171633836488
7880,1.3230264440942767,5.188266831213889,7.882353639682753
7881,1.6011544919066796,8.63524265265933,10.846737423622297
7882,16.62945976078591,4.674703711600781,8.191239103294125
7883,3.900145013291835,14.382365377644874,15.601066225918974
7884,22.55690758504011,7.484521749737118,11.661118708126175
7885,1.2698070207347207,8.793688332169449,9.264458399577974
7886,2.7785288391158285,11.99536410631483,10.194715155377827
7887,6.963670069695116,6.3813389356154975,13.82924435045135
7888,4.844557027065393,5.776685736185813,9.249868603743924
7889,2.515437350431924,10.057905278316268,8.864959639736433
7890,1.9269684481699012,12.919356663032644,6.957382071500036
7891,2.768222519742336,19.78834031243785,12.286560060056397
7892,11.294276397753817,13.465976656553659,6.540882714361149
7893,2.924478293782694,6.1212035577761235,11.69896105572282
7894,24.80358662217914,7.770597666474482,8.120517546507
7895,7.978298660925037,5.452861483612698,10.53856615964561
7896,13.705251813129054,4.1931352267689075,6.943866179357368
7897,57.66695583600251,8.99576338044287,12.948801405964648
7898,4.427144089035521,15.277233807533545,10.509222670780733
7899,0.4513129724260657,20.664059551923312,10.02785976323272
7900,15.449878873768059,9.114623780317345,10.445686453298066
7901,15.972975014796434,10.719044113087431,7.285852111563194
7902,5.872016883762011,6.203256576037719,9.644134690008787
7903,5.122545727555415,6.950312268577745,9.413769117483392
7904,9.95365886371157,7.145964311701685,9.699890708381371
7905,8.498484126943927,9.169902018943944,8.025071935045505
7906,4.971347460072458,14.329230698825071,10.393374537710189
7907,4.352659766983338,11.159754967600453,9.09407158764074
7908,11.949948808236245,4.802871431392532,11.018297469943901
7909,10.655959112608988,13.25771967157254,7.664653459395067
7910,9.392185721794725,13.964434413773855,9.245375203662764
7911,6.767112364628125,8.412442453770128,9.566716973618226
7912,8.115202050229307,15.389117987185639,9.689342482821765
7913,1.1944134236659691,7.701076639987304,10.757973235786247
7914,2.6456946115472113,15.928474903783812,14.005278044722505
7915,7.540158598522142,10.311113597444706,8.1705755942424
7916,3.472697050141849,12.437685161939784,8.27003622781855
7917,1.364467599324543,10.996347042098293,7.745113980808441
7918,4.780457434260122,16.291046388209764,8.768869291177278
7919,8.021558707937535,18.31453451690836,10.210271173008666
7920,8.314617715440301,10.459390958440412,8.241678385659448
7921,0.26838526952016734,4.294519079479215,12.748514506524522
7922,4.250400703115007,15.92736950255024,8.571300111600253
7923,1.9498269676124995,13.383623370845319,9.843894208344327
7924,16.225352668701298,7.5998441604097495,9.103572444300495
7925,4.925934249094938,9.639889619301645,13.938452385911766
7926,14.454623547859866,8.899606209149205,11.751273049869145
7927,5.386117613118578,15.201986738565576,7.780429545869525
7928,0.7569096803937068,4.307543879680694,14.43360615523874
7929,15.238934408772918,12.029803287391863,11.83479941048546
7930,3.5764831345479813,9.46047317659216,12.631728538695285
7931,7.599289937819795,6.9151657079565965,11.077217762345468
7932,0.36696326233001914,10.80801720382397,9.62764633803721
7933,4.096006292842158,9.03786140268499,9.503040648425323
7934,0.7635119981951339,8.783642948524452,10.031741365576426
7935,3.698197399248171,10.094823271520166,10.699973149190035
7936,11.271584960747752,6.359938594478805,11.39611430925662
7937,3.633854287230494,21.527420907025288,10.372122116163919
7938,0.07297180344050881,14.186895489887084,8.428698786593772
7939,0.24323286293658125,3.67427760394,9.340982940462359
7940,1.5576645053533762,4.825055552749091,12.289348866843792
7941,14.67788349060734,14.13809676417761,9.430208269162602
7942,0.9745629983711304,5.131929690605869,10.707830688521947
7943,7.248931305884115,6.871277597299768,12.121729322910541
7944,2.2848025367059033,7.8842928416730205,7.945850944222466
7945,17.663489173196727,8.45587002551444,12.567040742235696
7946,10.416481378425901,10.85572705651555,10.885966343760424
7947,14.525465666608467,14.09786345951926,8.239175029109926
7948,7.804835613937304,3.6354161489355525,7.7366061883175465
7949,4.239963932905082,9.617141100091235,13.079245560031335
7950,12.471426071640856,15.41777797061393,11.321724607404613
7951,1.5655162125221946,6.446655763759418,8.799766040810324
7952,8.81896105521819,11.392075187600827,10.887776136739351
7953,4.014584183320664,9.380952136583211,10.648288592209514
7954,0.4016864262955745,8.967205908949804,12.369095225156293
7955,11.806335733370467,12.30648124172038,10.49607834176984
7956,0.3623211985441027,1.7795455075030109,7.8389366024116205
7957,1.996738827423679,13.719948938270813,10.893280641857466
7958,66.25251993566827,6.093318378608762,8.486128238595132
7959,0.6517585081381442,14.011171795316475,8.334023001451518
7960,2.839017685115353,8.86977172380183,9.613564198858395
7961,4.621158283013645,8.616447035454886,11.256564967695798
7962,13.52637288957481,8.609523237612766,10.071088611780677
7963,1.6197743682231251,11.984842010344119,10.682538641135046
7964,0.6602397470853383,6.134379415056834,8.378565558291825
7965,6.098739786147274,7.888673145528588,9.66039683922207
7966,0.39858941702561634,9.537587361427963,10.134931421557328
7967,4.049232369598091,17.537341830025987,9.344616746394744
7968,2.192939152697081,6.845168024142661,10.977324154658811
7969,30.019625036219136,10.39672288976183,11.236177235307553
7970,1.5745859292158433,7.087067066382238,12.072707499180977
7971,2.7494983126569865,12.056390556606505,8.94954729681717
7972,16.338501673026826,15.619600694617741,7.823055427665687
7973,6.505626327262393,5.077492027400575,13.200408897777764
7974,1.670148148541364,11.898140407421007,7.202336969748742
7975,2.0472885472861084,11.043188028900751,9.725496336999106
7976,17.15203731128842,4.903019664333049,11.313256177491153
7977,6.998901344261249,12.097030933671224,10.477988717361645
7978,0.345435138877669,13.86442524739275,12.085119764667091
7979,9.742375944737958,6.408236812873801,13.065048435109917
7980,2.72779991056079,8.981833491431674,10.148684076959855
7981,29.578223446708886,8.163366826982768,8.728326095688042
7982,0.5702800672036954,9.747598167097614,7.755775219132442
7983,13.7932675259579,4.554235147821811,9.545035805619925
7984,29.941025518119126,20.17175141635986,9.202885866040235
7985,3.6117073826750614,6.874419358231279,11.870569039948347
7986,1.845549883701067,7.5501852117520345,11.69358833906335
7987,2.6851186820388584,14.738140121760063,9.280265927022532
7988,16.22368987933802,15.686902660875216,9.934322840906312
7989,2.9996707789966095,2.13569550258933,8.757550624993861
7990,0.7755907642542377,14.270269433612436,9.93185707961047
7991,6.17031930493302,16.773016314118756,11.630062465803382
7992,6.509010351693042,13.757282676793412,8.521541096713214
7993,4.989370042164991,25.450577476412946,14.234637722231607
7994,14.76427344135635,9.19954421679368,13.485939950217965
7995,13.631110404818072,14.42366200406696,9.462600731310609
7996,3.987163097101994,16.57515224323568,8.257383393949786
7997,1.5206354315722317,16.10956431174077,6.246272889730871
7998,1.9418373819611447,14.737817763086909,9.063631230244932
7999,4.668543561316286,13.617373961875794,11.196009704815937
8000,2.0424697101630387,13.607724937861061,12.415781691021952
8001,5.689623697229643,7.232053369197334,8.984482390311298
8002,1.7955374484681021,13.0497104051538,9.860139571044742
8003,11.197018490736848,8.20783403717662,9.993292557640254
8004,2.284424617978062,8.6057209224162,9.648447006861188
8005,10.925046706671676,14.107530756006451,11.454873905595669
8006,2.9094866877372954,6.2180552781097145,8.702634599316921
8007,2.5508746814345673,5.029364666194455,13.231198251953378
8008,17.144314338091913,3.6150839162921686,10.832235171099233
8009,11.894692953077044,8.300569521777353,12.088018787746178
8010,6.628311588615874,8.10095485281948,7.6627479937591545
8011,8.832132871549899,7.932030520708784,9.320924632154224
8012,2.7856321546970197,10.535941473243149,9.224144311162753
8013,5.52687436815052,11.821806074122849,10.547185346164586
8014,1.5968647496815191,13.767777560648042,9.12188641118969
8015,0.11343963180841035,10.390048244543575,7.680934983475244
8016,20.66693589678672,6.855783653323111,9.191867650079631
8017,1.1424487513554544,8.408036409412558,9.329147639612435
8018,32.472177016641346,5.619137957332837,9.794255366246142
8019,50.117593954385356,9.893831743905041,10.193793011404768
8020,13.514179118226876,2.5255924517699726,11.622755795425292
8021,4.238027757651592,12.52772611099119,9.846172877589119
8022,5.405088850340578,13.906095346989947,9.5084153084748
8023,13.339898841550136,11.573349358904283,6.871299260817339
8024,19.03008790982471,5.791853547218535,9.246616151473404
8025,2.289212402568834,4.900002543495821,10.530946828296521
8026,4.914353849069664,15.470898366966367,7.9374436155700145
8027,5.8199793650235785,8.970594966182652,11.64250832887508
8028,2.341238214735052,14.793746686807097,10.968935083233902
8029,9.998916437973264,11.533713488068305,7.300124864036443
8030,19.135307455386787,9.55918298016514,8.264884857228354
8031,10.514090495628187,5.635908309789578,11.714760785814383
8032,7.842007949156376,11.420494115463185,12.77490010372433
8033,14.467249313535078,14.593511941042308,6.399892055379682
8034,0.7455146584285195,7.87916884508622,9.31959803988612
8035,18.955825740940185,7.357587477522306,7.902265086105569
8036,2.448215852584479,8.666850748422167,7.190877627807098
8037,1.628154890374406,10.51051732333394,9.010428013723425
8038,14.312441254920527,5.791692339948919,11.997368446433308
8039,2.6107275846269773,7.8055367323522376,10.992916069547464
8040,6.896565536329589,9.482027836279292,11.108831039007445
8041,5.266229641668512,9.814305180219865,8.213645491571446
8042,30.15667634426535,11.0515214655321,8.895428798156786
8043,1.7640684609817971,9.839983181809036,9.072781665109195
8044,3.5453344070166395,18.765310968545318,10.857715859591899
8045,2.032315927068756,8.184328370804717,10.644791449233754
8046,13.894976958786913,9.668747059044335,9.070929036564356
8047,3.387241446743461,10.863505701610878,9.418742467435312
8048,0.13654707705307292,10.868445525642148,10.663748458559171
8049,13.751315837020405,8.295123005352293,9.329745324074777
8050,19.68790412982275,11.882834246701664,9.48079632340415
8051,29.456240741958595,8.406809790141835,8.964138430985097
8052,25.679243281215022,6.974790766002076,11.182677796634021
8053,24.909953897979364,15.247800081382916,8.17835790188228
8054,12.20329805570645,16.333577860981443,9.182308690848805
8055,18.780200717033537,12.012065371156577,9.23899311980115
8056,1.9117669734471743,6.522973366309751,10.421856912129744
8057,38.39160687615488,6.582574481461546,8.167348839862784
8058,0.278497274690644,1.9259472021160562,9.915911980829668
8059,15.414376476915113,6.283692122000232,9.166367643245648
8060,41.927251224643285,6.942457813968062,8.155528883961031
8061,0.8897000997004889,2.739533506888507,10.94471865508139
8062,0.6141333708247154,13.494346323624333,8.932324116075849
8063,4.899489166121096,6.82522105462878,10.15498451092238
8064,8.025146436835296,11.144972845933287,10.491463875400681
8065,2.328582211553764,14.631460120412314,8.349301416635818
8066,5.010050207988484,12.603511336442518,12.112047478448615
8067,4.751267381319666,8.505445861574403,8.722921054468257
8068,9.910051587229697,11.571888098648701,9.692281766839487
8069,12.55987247103917,9.364158935723726,11.211853091910534
8070,13.436810280768356,8.420441966141974,8.954292104168932
8071,0.5867353317235042,20.41560262349827,8.571613682908444
8072,4.261401184610023,6.285174543919867,11.76193506133967
8073,0.5504040977103474,5.460634027712442,7.284398091883608
8074,12.5733533320591,11.998735683322781,10.057803818604983
8075,0.06687696635527646,15.733560225884,9.29813230860387
8076,2.2177004998396836,13.377977679180386,9.0434300013495
8077,38.650638423987175,9.43267125381047,9.33837025832444
8078,3.8278626072642283,14.076903244963765,8.449403278827187
8079,12.847465960852023,4.29848299537065,10.188739741579077
8080,3.6790028341047796,8.057943684312146,7.209792366544788
8081,20.500728930863136,12.64174837176201,10.773519340425782
8082,1.1483633862575011,13.637487520970671,8.068952512250698
8083,8.964793741804385,9.826168150753453,12.859770895427692
8084,5.38187784694071,7.295041075948893,13.795159278316161
8085,6.6493603175972735,5.782997018528639,8.890104611007393
8086,3.355623232751914,5.176964081602083,9.849156831346733
8087,6.522125307523982,8.04980556752914,8.3632625702439
8088,2.7827424820614732,7.6222894830086645,6.504400097126074
8089,16.33911816814025,5.34731572583352,7.20684481946155
8090,9.217658897159751,11.427698512285534,9.859888430360146
8091,13.901205972111962,18.937779012150365,8.950203030890542
8092,4.785490426760945,7.252296850450105,9.566541133700195
8093,3.16996055704994,12.460196720863449,11.401320520771032
8094,16.310847256820658,8.785243018623213,8.588253847549186
8095,6.748923285777402,5.818224047459472,7.671599231674787
8096,7.801892990026112,12.775746502790529,9.057038131250561
8097,27.405965697027845,6.679963944570342,10.757681592035807
8098,1.1129926182932854,5.586690656523817,11.405139650077077
8099,4.115746078047893,17.82123548028123,7.731859824241088
8100,12.890737091407459,12.363449859348195,10.040602936307494
8101,1.2983972153387104,22.386708451227253,7.458300161659036
8102,19.39166379953172,7.043360473504461,7.864367945585651
8103,15.40103129100385,10.283727731930123,7.5201820617013855
8104,4.314417931075387,18.768794209654665,9.722779397904512
8105,17.411563095673827,10.581427054509572,6.9636669910531275
8106,9.285532702356145,11.447196389720233,8.097398017617751
8107,46.33321640166199,7.3495061203921255,11.382450800085516
8108,6.261335951377978,9.611396187974563,9.637489473598716
8109,10.393801677815953,11.405169445850884,9.19163296113797
8110,2.617882357516111,9.491286182879715,8.966823220546752
8111,21.248716230373205,13.004609384825027,11.031605006580866
8112,0.7245606702653177,12.462953502425076,11.169180841499609
8113,0.45924502082402296,13.574670263585977,9.64743818889048
8114,13.393929657696123,10.094327683146675,8.17250569686757
8115,52.69080062141798,5.642543736424239,9.492507784448357
8116,5.136346140904472,10.351372282013731,11.970797642026175
8117,14.347068566692304,8.302753427625323,12.66358481002296
8118,4.1784749303698465,8.434690587282553,10.399027424215031
8119,2.5222107782351615,15.224946867007777,6.5511189155109895
8120,0.5597409973069595,6.6146880819737275,8.967174760209579
8121,3.71278794646014,10.307065624220174,9.353323519087587
8122,15.259825880168645,11.504308162594292,7.207310155530394
8123,10.450598031040853,5.20372418250491,9.566982449678472
8124,18.381453115454345,3.2014232702307184,9.016627838691486
8125,10.720142187762475,7.1095193087652095,11.868555307797442
8126,36.31670770370964,17.900744355430874,9.192787774126844
8127,3.294394687972284,10.427266562739195,8.813229477542535
8128,5.265365602562951,6.1409228182017515,8.204091409223187
8129,0.09045549785385433,9.467964002214796,7.193052283930282
8130,12.063552581578222,10.659678521990358,5.582415887200872
8131,0.6039123632991139,5.520498313659261,10.711905091085704
8132,29.004811079185096,8.111439106307058,9.054258195322562
8133,14.405641188223997,8.237533068181914,11.604863611466824
8134,0.39634735203477545,6.095262028723995,12.937181682244558
8135,3.6994272044176446,10.022536830587038,13.293517104992713
8136,1.0229479232149687,2.7086582181817986,10.98345379544082
8137,11.979138196622989,8.503056159879149,11.253475431199522
8138,2.210084324872148,10.460376804691451,8.545101893337181
8139,1.872377305426746,8.364975899004408,7.8995007046386245
8140,16.28691376521171,16.431380606696784,6.67397912236935
8141,4.277341287675689,11.819130307243046,11.011489122077423
8142,21.568782269100968,21.830226493483877,10.239852070495223
8143,3.9556502344708515,11.305023597312758,6.952498581432673
8144,10.780175412594936,8.543266870970172,9.634178021343356
8145,4.485452515278556,5.154012749725481,10.173504565646686
8146,11.347501929942002,6.0776941136676985,10.669769227735706
8147,13.070901155394882,12.884969919552304,6.959151926581302
8148,3.3441823550320064,2.3896684765142724,8.447534609127617
8149,2.402697102633552,17.152009084741344,10.093133505796894
8150,0.8475267121537841,7.794114314638106,11.504014146043325
8151,1.0775929696566733,7.210703472962362,9.198262003535302
8152,5.4994793742304635,16.801958780779707,8.430940724917926
8153,2.7238359018318357,12.27321228409432,11.92603025394885
8154,0.8077310797016815,9.084810616789662,9.206030714962504
8155,8.771699010334869,5.2578126548309685,13.152015687419064
8156,4.950203301761353,12.946767415079226,9.462288108682577
8157,1.2101984342259988,9.198996139832124,11.003340859111713
8158,2.8034886468550537,14.780797158647198,8.63275311034264
8159,10.003525574215297,5.689398718328699,11.184351561024123
8160,7.380819651341468,7.670582353381214,8.858412341909679
8161,3.6266054705558695,6.366177380025143,12.14635644762947
8162,10.245358817507963,17.701551961429338,8.258399478372757
8163,17.082208384680506,3.966214812904872,10.624077472413907
8164,12.417463882849175,12.9843348234867,11.227658766405547
8165,8.285891739433767,11.874660060472735,5.020912671826542
8166,21.855900420299623,9.198735128498823,11.178253115128568
8167,3.2509796349545064,9.320577099803293,12.366149066333081
8168,52.461883021025116,13.020277690858228,8.385191738681332
8169,1.7840580423480397,3.9331920174257617,9.502023801022473
8170,5.499410715384264,8.770568290652719,8.769833923595952
8171,0.2544464266130215,15.504327376345222,12.904096189638494
8172,2.2973583631766066,8.95580684644131,11.506421238735124
8173,1.0943681591438974,12.75083975567836,10.789264658171094
8174,15.349551260133618,13.007207868375897,10.952244328024875
8175,1.1057045535834844,3.2787758808866405,9.742468093613041
8176,1.2664176538335943,5.574466051560394,13.919846755954415
8177,9.449349866257396,13.345812656208253,8.302108396921072
8178,18.796648108521683,6.262279743920679,10.663569182110619
8179,5.531287549649428,9.983556846944259,9.505853871269895
8180,2.933719739728281,1.6237032800796303,8.793762396510111
8181,50.42637847422527,5.811597824376836,7.633551917783491
8182,1.5949958553274386,19.934879420390256,10.725030992278846
8183,11.858388286281945,11.012241537591809,9.432118416384718
8184,13.477470761983065,14.12312103299389,8.977899552622807
8185,0.2898971313553231,8.316673236387064,10.968557647532245
8186,2.4840702983043417,7.558021253496439,10.100755668568928
8187,1.6819181880431966,5.207242675250046,11.811992371780828
8188,2.6525696885921306,9.35314822302044,10.221717012681271
8189,8.177778260154252,9.308429274572001,9.172751000091624
8190,4.095363372406538,4.512882587921275,9.7770516686675
8191,12.024484181290886,9.205672888061255,7.768135651705774
8192,17.39311653180855,9.588255059538733,13.419168315500267
8193,14.093706387357427,9.997810849546793,10.146894089708013
8194,14.57003540950906,13.53922481299037,11.973867523414011
8195,27.001918895766295,6.137105095483568,11.261934957665682
8196,3.8942634038200756,9.435976618954951,10.286642768216094
8197,31.607122220449483,6.24796477029314,10.298638795283305
8198,6.152685544506784,7.220948658669744,10.429650916155797
8199,14.396656930108657,11.314795156950685,11.511194248867696
8200,2.9923001230181088,6.989271699679593,8.454155359940223
8201,12.756722162870863,8.270796768500091,7.7686514691070405
8202,1.1985308035608628,19.097814886210095,11.076914424472369
8203,4.78729963158532,7.5031389938249164,10.460942522430825
8204,48.25850041944744,11.54249445349998,7.308582439279748
8205,7.07729149023154,16.715071911549042,10.051945952803788
8206,8.428552185396136,17.779561927596216,8.720941328230031
8207,2.8114873503945215,8.850171454936461,11.557368754761168
8208,22.830593351030018,3.5989070148729234,10.785576011834813
8209,6.429218950961369,12.719896533776728,8.513413808047966
8210,15.753641890546257,11.754648374461542,9.692342039078788
8211,15.629407306023047,11.30671775433467,11.683537261722499
8212,17.838553250690847,6.773079055883391,13.887983783802431
8213,6.015619113326938,14.627799954208413,12.158893489635807
8214,5.196821401916709,10.914762318267604,9.53400833057835
8215,1.7020693596075616,16.413246260775132,11.079594474655385
8216,2.266519092214579,8.55719899503811,13.489887833299921
8217,5.983018007107352,16.308519391263008,9.174726895870236
8218,29.55252157250926,11.914515318731555,10.413274777522252
8219,18.66876515033634,3.2453109304458025,9.854074662227497
8220,5.544555615204555,9.099531207622162,9.540649857766876
8221,3.2091285493587023,15.078718821653274,9.87485525966956
8222,0.11144044538193547,9.955759356996504,9.93000298905304
8223,25.42077431469589,11.129497726704065,10.55735345294079
8224,1.03138963059506,8.633107466938728,15.900515989661463
8225,13.930565807772725,21.134338156033873,7.949667133511417
8226,4.251889060122798,7.941225779134666,9.64447942715296
8227,1.7259080883230111,6.84863999301683,10.022611271685431
8228,22.12997790755586,11.029525457266521,14.822195163192033
8229,2.17621763029889,19.29335480829259,12.897918425887363
8230,5.652272367598243,9.516287912783437,7.597366278125581
8231,27.285592856026412,8.19889986247133,8.647620701589739
8232,11.073979851798397,21.04387676897891,9.639706470018297
8233,16.202256482293077,25.63641104166988,10.600353292805202
8234,49.27859173689921,12.124962673220029,10.186938252156526
8235,4.310190410475882,3.8809104613754726,10.789045397511604
8236,8.053738177354349,13.315388870974854,12.061390118801995
8237,0.8342053819026252,19.240492036851712,11.273229943217903
8238,0.950846497872216,11.369667614961347,8.220841252111914
8239,10.104000292249683,9.411978151131791,9.108109271960284
8240,20.922022125384665,11.174494140694621,9.693823401070608
8241,7.601579921778546,14.401846415063366,8.772889074958282
8242,10.95296744415299,6.1490826737165065,9.530719173619032
8243,1.5911192353561454,12.90065206404567,14.44651606957326
8244,12.584332593869904,3.911648395309219,9.787524571329483
8245,3.6171787961416526,7.880091228028649,13.092808177276044
8246,11.450554131905854,6.017098361076006,10.332909462698744
8247,10.909991163601159,21.652089176118817,6.473319570689632
8248,18.746269706034276,15.516705051776281,8.89834679613679
8249,28.66984658281357,8.30373192825641,14.720623125771962
8250,3.810604906638012,7.556753446723734,10.781785714452958
8251,3.1070102551098864,12.498285766597448,10.223551761830972
8252,19.946695672813064,17.245144450254013,11.463209581607707
8253,4.9740229327752346,6.69877532126007,6.9857853169114525
8254,19.320706407804945,12.272735662350286,10.376914100307166
8255,7.447794861622536,9.956669366306404,12.91916406203247
8256,6.137897085746779,12.80220239235696,10.927693120799368
8257,8.391169205177281,6.873612476003291,10.080496393008453
8258,0.9638935453936229,12.700522313218647,12.82809070728828
8259,11.006685464646925,17.661579936349053,9.240401573698913
8260,8.140204357406754,7.18415188462532,8.079708418340788
8261,1.9303252175635204,6.769089871716394,12.00435397429671
8262,5.5515673684040445,17.041834360783813,11.015172942124078
8263,0.3844931957546216,8.754674431484412,7.399895836440778
8264,6.18763861951212,12.140986902905002,11.371439125437126
8265,73.12855020253117,10.065463402097395,5.949309645687663
8266,23.082973476232773,13.702457450635668,9.16304110660459
8267,10.172443694157383,4.0530903822951885,8.847669734852104
8268,2.0336135031506064,12.462256200105386,12.957575517524521
8269,4.071034016288714,11.169895040102789,10.137107644123757
8270,1.5020693643822391,10.528530484761088,12.38368827127642
8271,7.805949121584877,8.751065398578065,13.88857054507113
8272,0.9955308234592515,6.042114109532855,11.743933128154113
8273,0.12670256445627753,15.350839516661773,9.436450872919108
8274,28.056111406240323,28.660765689566624,10.416336024637532
8275,10.310365767222928,17.5701432268795,8.366756743279714
8276,35.076250444891215,10.202050366812301,9.794043015898591
8277,1.7340282619465637,16.457563034023316,9.715117539846172
8278,11.31432375703812,8.802814128728755,11.621220241355049
8279,8.386839829286181,13.189262065851405,11.448458520338136
8280,7.205698285976695,7.193883984013475,7.647038672658069
8281,0.0036475029343988473,9.880271589708467,8.823941414495332
8282,11.845182615592071,12.388482329516123,8.024079113169778
8283,14.194636957065518,8.152452188563158,8.894583677275584
8284,15.650449346299279,19.193722720685695,10.514849670541281
8285,0.8327214167174259,19.651349856407734,9.72296212730939
8286,10.127486324620435,7.023186660806118,10.15561199189491
8287,9.80710657171925,8.056068571401235,8.953545972324639
8288,5.199679300961769,5.507305812373806,8.85331150055877
8289,1.4980842162694858,3.6664455213306795,9.935715698960076
8290,1.2506866039636635,10.64193025653805,11.002754820737582
8291,3.9936440094886843,5.442934284207005,11.351063038034482
8292,1.973155242567437,20.600473674456897,9.192671832049319
8293,27.331669548681628,12.235289279286903,10.209316921531162
8294,19.716296285631444,9.284250767287322,7.949262718772233
8295,0.6285579061359625,7.4338877257399805,8.374314249224751
8296,24.627729156351066,10.113116476871667,11.248391393447575
8297,3.1963973333298625,8.999856629447091,9.932823947178848
8298,7.536894395009164,2.8122904879513273,10.892179943188973
8299,5.62417246455788,4.0125939521785625,10.368377127253362
8300,52.91856147373389,5.1347637927382035,6.61750204839004
8301,14.392647956542454,3.5304515108743004,11.905801090600095
8302,6.130219478047176,14.14924865950474,10.822384677408426
8303,21.07605260161228,12.403518524092899,10.009164356934171
8304,0.3505228542601602,17.956840440892353,6.626599491054598
8305,14.344600671907157,5.869410811489522,12.77615129063484
8306,7.197711737590904,6.033071922314627,11.423835720952722
8307,4.948993928720308,7.28050278784638,12.186031221004951
8308,3.2166505538885053,8.922055305565733,13.757924959709662
8309,0.06544254403236294,9.54978974711275,7.758613212076827
8310,0.5561485329062652,7.169534071413805,10.047166466094465
8311,6.063775441101322,5.465840709035184,9.068271736927624
8312,14.381759928583355,28.583590434493708,8.664280470042543
8313,1.2181028566531709,3.852937750165494,8.404990024553888
8314,93.77940121693706,9.988214280785254,7.339431596660636
8315,13.830738569099962,7.29314388378774,10.773889076990223
8316,0.23159280215561187,11.949762631932085,12.192204961154022
8317,2.7441723409073946,8.699121359166293,6.232348391285905
8318,20.46641012803357,10.866911888845785,10.084034654438641
8319,4.482997780290982,9.279788580922293,12.233670293754908
8320,4.54820156955721,5.754308598458617,10.963536004263045
8321,2.515423535498418,5.774073891930635,10.857319841784705
8322,11.93875374428434,9.323101671562338,12.468736419767334
8323,5.104403449165656,10.804067222979066,8.5194545213863
8324,37.680917397708335,13.367906444064463,8.773857296078528
8325,25.717916937077607,4.378900859161816,10.06018641426758
8326,7.038692579207725,20.085191983902426,7.578074890595439
8327,12.068530953059454,8.505152826839922,11.68584897590736
8328,10.941576964089709,10.524974509825785,9.703712077025092
8329,48.95850777629198,19.728355648098557,9.302408629101876
8330,7.173362283910121,10.775789334285689,7.413056618475304
8331,10.806561868621127,5.881248285042807,11.885879345374613
8332,16.032515347026244,3.2893514142876454,12.16460239141399
8333,2.3605552622334183,14.73054805212585,11.369483732337844
8334,15.247217311850036,11.744503801413394,7.835398355386804
8335,4.157934015254823,14.492403154399721,9.666969229917271
8336,3.360009712479489,14.759074008022063,9.462825510283936
8337,6.391273254580719,8.321016008242113,9.305188369318447
8338,22.33402682700744,11.802468542251082,8.396076125549596
8339,7.303821382485311,4.332683454216164,8.934633611470586
8340,6.008088467743344,3.558828862634954,8.264462927548198
8341,5.9684949780379375,20.63425427398895,10.033445053952658
8342,15.983012900870378,11.320650505110983,9.037626033495856
8343,4.950897055400807,11.412101729949978,10.25597724653534
8344,5.260075050753047,10.009384069265584,7.067075829231266
8345,3.77871663425798,9.143047071861696,7.622866121954577
8346,4.778119878738599,2.7170862124273314,10.745139684686999
8347,5.4961472007894105,20.952790646921564,9.288920044342122
8348,28.653426654921716,4.973075638388956,8.278039290849224
8349,5.386167198899755,8.474813843255872,8.8991941724592
8350,14.468502396357483,11.355753247864929,11.254488276146377
8351,22.487328939604904,23.274604442177854,9.295668949234415
8352,7.415256773077871,11.38458076862201,8.393279853672412
8353,0.36805199618848494,14.333878091689638,8.455752184474303
8354,22.043824409347494,7.73125488040372,8.962251993283935
8355,21.209813777344664,6.845251958428929,8.302818085031321
8356,0.49268060179146467,7.9777573316921835,12.099788755580786
8357,20.69948305807504,6.8215466614023965,9.399187563914204
8358,9.672656564145118,7.866915455069804,10.94023730857016
8359,19.03887897772225,8.067104063174444,10.33041974083321
8360,9.735592833089148,5.451712241949382,7.7234272784057545
8361,12.283987448011656,12.251896549873802,10.00971554437496
8362,4.308894065276376,6.589825025447373,9.93232646274401
8363,18.150113639683454,6.165669645021944,8.092938817384624
8364,10.992469262407255,13.031483465239884,10.250632513015123
8365,5.900212945663051,6.019707116013598,10.34767083552748
8366,0.9337575712755648,7.643376044915923,16.89314582640295
8367,4.459817108449542,12.46822291229606,10.917734111104062
8368,42.34683480351535,11.363383641708257,8.993665086504326
8369,4.438984133993917,11.519563360873128,8.434768459564935
8370,5.181038404823515,7.248502967698566,9.435977740155574
8371,8.411745369037412,8.8190012828186,8.251528293692735
8372,11.757529700595875,8.35573581038632,9.235393676858065
8373,7.012271296282176,12.198991608640101,12.773194580320112
8374,12.070611467390213,15.381042877384562,9.615658347549056
8375,35.38853908649095,11.320763051580457,15.479947407432702
8376,1.4265704898303433,10.071343695517808,10.36109772801743
8377,20.079140113181364,6.363590133585555,9.576635922810135
8378,23.244570849190307,8.19696808441214,8.12471857836417
8379,1.9947287052279452,14.265614368905915,8.116975842208314
8380,2.0414045159250223,4.593525437953971,14.516617431911643
8381,3.2121281476002905,3.388885550236086,8.447830934915784
8382,4.262838051986074,7.493245896772396,10.677008871947658
8383,9.293109822741156,11.923205611802736,13.308431219075516
8384,2.921148919669373,6.629045347689955,10.464476872346776
8385,7.474447926053474,7.405860398554315,12.48895812749836
8386,8.335374178162063,5.898686145624268,11.652549785799847
8387,44.554075476827414,23.964148842669793,9.814165078518764
8388,0.071943754236647,12.706961077992869,7.871757118486837
8389,17.309024517122545,11.423622393553249,10.280756541982363
8390,34.23315912267437,11.10164191268073,9.46134459554171
8391,7.136637145104248,6.50654774208042,10.21377177814436
8392,1.5103801740869185,11.256448203121142,8.667504576200633
8393,4.628614941030055,7.8918812735158514,10.207126857788223
8394,0.9501510944029419,12.025205425475676,6.927819748123732
8395,1.5737353530668374,7.4842463381317454,11.966942778626137
8396,4.272972906371842,12.519830833541755,8.96257874844664
8397,5.449879635107811,5.986536324475835,9.073665761446131
8398,23.6856918297951,7.381716219509258,10.92401401503174
8399,7.552240682106391,10.682603841600862,10.080772748741003
8400,12.780504089099525,8.244234218689757,10.037677155029284
8401,15.980452384079015,14.294742565689466,10.405096885795917
8402,0.7672581219475109,5.871446755434923,11.9875173551549
8403,13.442710779126571,7.58275538478595,11.356845639182069
8404,1.1673724823408633,13.913290344118465,10.5568130067608
8405,11.160523441901635,13.403808195796405,12.85065180924023
8406,1.0609093101896128,5.503436337963844,11.763842325483369
8407,10.270207410676754,15.847697053940944,10.289790477634096
8408,1.3364041004714322,10.213132444166536,10.574008227237018
8409,7.4193185867716664,7.310998590872002,7.9753367911175825
8410,2.6485809604238444,10.258474853598669,9.303324610401864
8411,0.48162660224872234,15.160783608744925,11.960233376234036
8412,8.013164391738563,12.218533462753088,10.745489528543645
8413,2.8884332530651813,5.28566785047777,13.006076571351688
8414,9.897340969916163,6.728683460506898,9.893891318110652
8415,13.653929115984186,6.441396761363831,10.85530507252163
8416,8.256401580054526,3.784774225519005,7.537115533418758
8417,11.902324828547203,8.39290135081013,10.588127201598066
8418,13.815020540810227,12.415966977247637,9.868631575981151
8419,0.6493226230688645,10.37388368284169,8.610393164779804
8420,17.302695393138794,6.425511472866259,8.326966402413026
8421,25.57016799698057,11.44485446280415,7.683700444047391
8422,0.17943010575921292,12.396286678367114,7.586627695350569
8423,6.639895513326604,16.752291790340003,10.071699245078404
8424,8.128506034469494,11.346789703548264,7.622674968082561
8425,14.158346265038412,6.243197676009106,7.796016164781152
8426,3.2913190473769247,13.960191933968355,13.454799333761759
8427,1.8834467542193085,6.370086541889629,11.825850080754542
8428,2.157786501539393,6.914703824601331,8.795056147295973
8429,33.81838786916063,6.32370980460796,9.075726663907437
8430,21.317170717828635,16.549177044487543,13.832342986981507
8431,2.4171181713108827,9.630799835054578,9.604931813114275
8432,4.468719406072839,12.324682965887558,8.148377633750306
8433,29.194294951067516,15.356189741680197,10.135188854024028
8434,9.465766050422104,7.294326842955907,8.674671251272823
8435,5.394551470332339,12.211907775784745,12.82841516081253
8436,3.3453955119300196,9.06261509776397,8.255116145758537
8437,20.781214452286875,11.85777633635692,10.922260290753096
8438,2.6158545351862794,8.549754195889637,9.678153487226691
8439,40.59666580559207,12.313838512890111,9.840036506846749
8440,16.8857830014793,21.663009629630828,10.900271322987814
8441,0.54401309784132,13.909821632889798,9.258964956086674
8442,2.685233661687222,11.306768997887996,8.532557663246179
8443,2.296054766854012,17.785378397345678,8.426971834904624
8444,6.979934017407836,14.507390519047746,10.406988509496479
8445,4.0336024643398884,6.211699782881671,6.603274747169928
8446,19.170201371048954,12.582581684870311,10.05470126941026
8447,9.178816377992586,5.653914123466622,12.121542911898853
8448,6.071421105260383,13.593357264438527,11.716665673204817
8449,12.870832149412546,12.053621162819061,11.584629803815568
8450,6.171109883072146,15.273268149074173,13.249439641785504
8451,11.641249759613672,4.034124358058596,9.509306066894199
8452,9.110256707648215,11.782737376866484,10.037282942268947
8453,7.050057156303036,12.134496731271286,9.632094577822746
8454,56.99818974001862,7.792016587372626,10.580325935762515
8455,2.211672214973889,11.491848292770639,9.569582777827424
8456,5.526288959805865,10.011135872783436,10.019478832785401
8457,4.8806819975480265,7.236066835834845,9.60100021240193
8458,5.075883239345009,5.940901010869379,6.553674103052959
8459,15.342535307316055,9.960321660154046,9.800383150649928
8460,25.003533086415082,5.613713342742406,9.197664094924034
8461,33.34317484979204,2.520718114401356,9.013537653103421
8462,2.3357473738250003,11.525257440964264,11.41446541602192
8463,7.177103756505157,23.2456669514335,7.493887884182606
8464,19.070003787577416,7.322589155878495,6.35000560688924
8465,0.8611315116324297,9.8543531657773,8.245660080579345
8466,20.91574113054266,4.344866069079375,12.054300138441436
8467,21.18525724578584,9.23148287363884,11.137262126269082
8468,28.399706265740686,3.5706424614163526,10.697110867093931
8469,16.018656546815773,9.711209495931124,8.620739461478793
8470,2.905008431076812,15.891966009373894,12.803703576176376
8471,1.4100214253680217,14.024563354585705,12.455946272914892
8472,14.026336939784693,11.389474898776415,8.35134442781536
8473,1.5198913528886366,10.488773893177779,12.709011972273023
8474,0.5470062602142961,8.59672446397991,9.518507277757077
8475,5.756775853894718,7.448596222226483,6.865891821181987
8476,10.417163749430127,4.253358923489157,9.156546625788147
8477,4.138216693908348,9.593812669117565,11.662405066257799
8478,1.6613613004321537,9.264395601922322,10.67172701994598
8479,22.80448201539221,4.879040462619042,8.609870810259963
8480,14.535207638204508,7.053834432709602,9.594713273608187
8481,8.423667477197608,15.93769855701172,9.440259876615785
8482,0.5872573122470265,18.757220087412897,11.672876011573202
8483,8.434592978562018,28.362077984524397,6.3711068747764505
8484,3.166639394007448,5.879061579129291,10.842200511863021
8485,3.4563543211730217,21.907761691609164,10.994291950243626
8486,0.8295613189628487,5.4224480510497735,9.804147907716246
8487,0.2933709129894236,5.367657615674906,9.3909747442849
8488,11.664551117894208,10.69931149490262,10.69188334309697
8489,6.95071985750564,5.688956373126837,11.756058015517267
8490,0.009993661991624131,13.678604119163674,10.412457941375692
8491,7.24687435308864,10.195498213833647,6.906755426594445
8492,7.973597383720126,8.786466017149813,10.009982150712991
8493,3.032141706544281,13.037593198715754,11.63814183377971
8494,0.5029354496125762,11.922647218624231,12.628273084066086
8495,22.52800924097419,13.150048913950974,9.081403300011257
8496,9.156613779079278,18.398621497121685,19.35199756728485
8497,32.31043134734065,8.125740094714455,11.729673798527921
8498,5.82128123527103,5.589075182781456,6.877061750465338
8499,25.762158088555083,8.958510049904529,8.98931336198743
8500,2.2478909584222073,6.863801694723335,11.322189622135271
8501,7.1125517957553885,9.419057080089768,11.059981156195192
8502,15.044199345722037,6.335786487358345,9.010680383801153
8503,37.12191500143051,22.81912930832745,8.014493207270238
8504,8.50595717406348,7.579880910454385,12.74334377225836
8505,8.627161200849029,13.598943502065774,8.556688143908323
8506,6.1852826755052455,13.559198703261917,9.873687775255311
8507,24.363239475428486,3.1690219993885087,15.62110308088902
8508,1.9175423156853468,4.941524391918705,6.334308389071086
8509,9.360099813728308,7.1054391875250555,8.682895706767
8510,0.8271922169249059,9.50688423135451,8.132420441959656
8511,8.627089458729026,25.153123263985208,11.369839735105012
8512,22.091379782432703,9.25470174194908,9.617890757685485
8513,19.552237241173227,11.358969723639877,7.599270361605866
8514,8.072878597890504,16.105117689637193,7.200148686150085
8515,1.087722842031346,14.656966266868048,10.143089089186937
8516,10.422938863632387,8.085211875744987,12.789552592460469
8517,10.851789199899175,8.877618097732585,9.11746459845812
8518,14.39064227307494,7.6073029662707246,9.105612799269746
8519,7.066642034073915,2.62431659605799,9.750559138693813
8520,6.702344214135061,8.118663125539419,7.634554512719023
8521,18.719590027466566,9.332869714332718,10.773022102146818
8522,16.02502131426955,11.753594272086996,12.204844117153952
8523,4.788880926308389,2.448455996596991,8.975248499310208
8524,2.027613010479336,13.136009179611483,9.770688965866064
8525,4.862208712456528,8.05365352437328,16.39499111489894
8526,3.6082847758110237,11.798275871278738,8.95079290117208
8527,2.7820013854837566,9.691275632126956,9.196346973384312
8528,18.287268903499925,15.109836930353126,10.496890337213593
8529,2.240158201853849,13.712694722134291,11.612321510316267
8530,41.862857373748426,7.240939688932424,9.374849731101087
8531,1.9514022444558698,9.037050711606552,7.4916390286814245
8532,4.209129502120568,8.049347668501401,12.911347353282226
8533,5.4653868928484,12.026178455089072,7.557395444196296
8534,22.67295668273931,12.202515507715034,10.071968550780188
8535,12.078979759455255,20.893668176831277,8.376508287743528
8536,1.630272084781598,18.08810707514894,12.298458798936217
8537,2.8529247356866683,10.993460109921509,11.864815159832263
8538,1.1680350023745396,10.068575951871688,8.336910756563103
8539,6.893666114725108,3.073759693084738,10.831908132846767
8540,9.717858498844189,30.430580086765183,9.245155121733257
8541,0.210383237970014,7.162520239498916,8.181085584074966
8542,19.25549130277845,7.890108987310057,11.211626121308605
8543,5.271339308502788,9.380489161817808,12.386395578985779
8544,10.825315374716894,7.968898223427884,11.306071209217803
8545,11.783171899696658,22.705988246127234,10.003395102742104
8546,13.543250969912757,8.663553362773929,11.531111150911443
8547,5.48244895339217,10.826815156561477,12.979952361240494
8548,5.21927788550538,7.296305861758936,10.563796391114517
8549,5.869130990511707,9.197912434292956,9.965087353314617
8550,20.257279113440905,6.140550144598461,11.725389096874393
8551,2.9838792955199693,26.132273718765823,11.240393154755496
8552,1.0638524731326682,8.065794801993167,13.426485511865666
8553,2.07335805033624,10.436005844365209,11.347054825008229
8554,7.708935762759126,10.815904989862283,8.038584988574517
8555,10.492784391729792,5.508728958793923,8.630941086713724
8556,8.752208660309956,10.360456867111697,13.262206020718661
8557,1.3171177904497258,13.674997574818871,10.745669760270157
8558,11.536343759898745,4.288125218427221,13.049784040028944
8559,15.270173430153973,11.904648507941555,9.548038784335295
8560,16.115949560632068,13.926108451942644,8.479470952449164
8561,9.218934805187967,8.219195185180018,10.825372683457907
8562,12.98597984727975,9.244373026057644,11.571861106242745
8563,13.842704265063016,10.033124664356254,12.141629103899124
8564,4.5925132370474655,6.77090547008571,7.146900335947223
8565,2.621512796857056,14.672892990467062,11.870970130744531
8566,13.905364522424636,7.864439785046234,12.842639186012766
8567,35.79969300059948,7.275683290458625,10.331490984138439
8568,5.277953016810028,10.734311192252317,13.34172551206266
8569,22.024640614699294,12.393403218008572,11.307826026828442
8570,0.9678998171970417,22.640900556634616,11.175995961626256
8571,1.1507587334483436,18.785993765397386,7.813265767032702
8572,2.5982108032825737,13.227610748829417,10.184288545059962
8573,3.030416097998002,7.303765593306982,11.448958166982834
8574,23.150709020793204,11.91179430196325,12.537176591912237
8575,10.989278458509393,9.402859537218117,9.08679187575537
8576,10.36031810306951,10.315487062844001,10.100166121937722
8577,2.3391808458376935,14.095423662469937,13.14571991187945
8578,1.3222964512621411,11.219929727653284,9.503790358346372
8579,6.902031772148206,10.45977593786742,8.27571947997999
8580,0.2283008261443251,5.181475504271499,9.384954383041496
8581,16.210176051079326,11.900628694491825,10.6945587625757
8582,24.703442719756133,9.241552649773826,11.52898688470742
8583,2.3156045080803556,10.749798496562528,10.082246580797504
8584,1.1941125881092387,13.236162165722643,9.383178202531711
8585,1.91724835513808,8.797472247910765,8.339697517407041
8586,6.551739154086037,8.823205673562587,8.617800043113546
8587,7.4475531443273395,17.126917062516153,10.796539202760943
8588,20.727241697093827,4.777014755866479,10.18638142719373
8589,20.040458266421556,16.32149074667164,9.966386899488807
8590,5.919796193559288,18.675754057267287,14.901571787783125
8591,1.1208394687148078,9.414516960682665,8.766402460627374
8592,8.251256277581332,11.351210728810447,10.731360690429701
8593,2.089033132831399,12.023117621856228,12.459506184862606
8594,18.83020182592462,5.768439445013028,7.97055870555906
8595,0.41495463205904487,12.189739097954327,11.93299021421479
8596,12.70160389819194,5.993365985438682,7.0683272043927365
8597,8.04770182292956,12.069576199543443,8.31926460038729
8598,36.343446118335564,14.36983743949899,11.724400935904775
8599,4.1972706062022525,6.0434005427707955,8.931516815134774
8600,2.473740585014095,24.851998434755664,10.14286207118411
8601,3.51498704839669,10.042703270001542,10.770368145831176
8602,16.532699884894182,6.739447129465537,8.377973392818644
8603,6.939882010288905,3.620531569319607,8.443777593530543
8604,12.451585687854793,16.273701242025922,7.552615478517959
8605,0.22048966904953074,8.8638447827313,7.171874495235986
8606,28.567852107449053,4.16294067035006,12.069274332940205
8607,1.6609775958021622,17.244452205385876,8.720532458692933
8608,7.98467139447377,8.047933940854739,10.719770524948363
8609,4.770443894978242,9.898326802823261,9.734546915244929
8610,10.101455842055568,11.378749510677531,8.860260376881408
8611,7.074963902084139,7.721398843415379,10.271536557379715
8612,11.277065919046258,19.055629207960237,9.567928199635464
8613,0.821097417184262,7.0514378093342716,9.299067901264051
8614,19.268827251427656,4.485361545814923,9.906240978132095
8615,32.57895973946338,6.640452624692122,11.173654504366601
8616,2.477117606846067,18.17368960796933,11.028202633067268
8617,1.8145730937170357,10.235805207927683,11.909534230604335
8618,5.352832876654405,4.725026546953167,9.429024200799542
8619,1.438455666631492,11.917830811423478,9.731511949105032
8620,17.59900669808842,7.631262833238341,12.555356753899808
8621,18.71739253064557,2.976975512330267,9.792110055378688
8622,14.147577388017641,8.342222457135158,8.662040768478148
8623,6.66669163419855,9.228233802590578,6.399824922593681
8624,6.478511855719573,7.898982839582983,11.291684298527773
8625,8.928356987721891,8.441347347636391,11.779901743111054
8626,7.584651947791384,11.388575512075215,6.558487748739933
8627,3.7155845370422984,9.151518667271972,9.067010605138044
8628,35.48344365600546,5.943138300466354,11.373739302402075
8629,12.130754772674072,13.45225286900616,11.930475676838798
8630,0.6382712447606366,7.143618647005371,8.393800058411038
8631,18.87555957685045,2.8332991792740674,11.149590694615004
8632,7.627338983235106,2.9777724801423133,6.3238786173787265
8633,98.63356048387261,4.328197892584735,8.705298969136926
8634,4.6868592169897845,15.088993161506021,8.30431750696749
8635,5.61810168188577,16.31648205072367,9.82832991458709
8636,0.5599779009540142,7.255849565367147,11.824264980775824
8637,7.629806871900724,7.489910431758015,10.509869384575019
8638,2.3376919332410173,15.074213297233817,11.367079745519915
8639,13.031451535015798,8.177560045410804,14.857247257792327
8640,4.1212552142133365,12.3829834568072,14.08822001865995
8641,5.385019170792568,10.689421232523722,11.321057442498205
8642,34.777931173766845,1.7453186941035568,6.4182425115911945
8643,38.75852346562523,7.674227984854798,9.985709777082882
8644,27.985347249147257,10.518369096173462,7.528882555028724
8645,1.213633677085303,5.751706756256845,10.546028867236481
8646,18.705942704077742,6.988051473730515,10.981422660944563
8647,2.99591141952168,7.824465518267215,12.431178465333232
8648,47.33537637992139,6.070178457206,11.226686585110318
8649,3.078388650709533,13.166975163278419,8.557575084827658
8650,4.38516662699274,3.809830533796627,9.399316920591351
8651,5.970713738417713,23.55616089850491,10.97836713932665
8652,0.5547924497141941,11.157613605059648,8.578087902145601
8653,29.924504344862264,11.799031590114605,9.004200093536092
8654,15.89950556624296,23.039291398893404,7.449842684599204
8655,3.2497512369072714,6.642630458482361,10.984006573283695
8656,6.527312523901026,9.697452986608818,7.287682115098858
8657,6.929343498434182,5.713597555448798,13.252539827189173
8658,30.094485336045558,21.587781502902335,8.183711479637243
8659,3.595451828852268,22.21651709079741,10.26006533319068
8660,7.831226507505876,20.49842534054103,8.939034884956241
8661,0.8068757065539134,23.950375341283213,7.8079684693273785
8662,2.1539877139975268,5.559819495084181,8.16088747805223
8663,5.859045153096735,9.488181671756156,9.342458115706876
8664,15.336804631165162,2.0156403411728285,10.844921395012854
8665,1.5108984805045913,3.8733862757735116,12.305943266047228
8666,8.685899747093709,6.41974861340114,8.108490544809891
8667,3.025415096679215,7.455940720241573,9.343686257802693
8668,1.102814980188545,19.717976698727774,10.799622484679466
8669,1.8404417222629221,12.445633291164228,11.87042821437972
8670,19.68396520978889,8.440996143323233,10.087678641059812
8671,1.6635986955919473,6.547034110233055,13.520450456773775
8672,7.596705374751889,8.014751869220179,8.65157893879824
8673,2.3532013392889803,6.691984897310837,11.05960044176614
8674,0.7416848451862481,8.783800203937837,8.240108292032566
8675,30.448861646538575,8.535448072750022,10.278312507778429
8676,8.954426877328077,9.767306813682076,11.698293637439434
8677,0.5383443838614426,15.532490452012121,10.366707348497945
8678,1.900542134323328,9.2499674036653,13.12485695545134
8679,31.38161867143503,4.916291526832613,9.146352781179491
8680,19.873242091321185,11.64361126564906,10.139638902185514
8681,39.88295873596845,6.691456709012722,9.412254475624147
8682,2.6830926511534603,8.2580259081539,6.084988417289776
8683,3.522318015724757,9.175820514582613,11.720361982736392
8684,4.928058017386523,10.569102744685384,12.34708853636075
8685,6.008700164800946,9.959042982019199,7.882024051974534
8686,1.8563104106009543,14.71546595433531,12.558994114065268
8687,4.503180836472615,12.224785963461574,9.014843469634513
8688,10.897118193776176,11.667815622444351,10.096783151241318
8689,7.5154216573709265,9.121483935431414,8.910628748678969
8690,0.020794198452067293,6.67243878932735,11.478779667171706
8691,25.900749603257623,11.514750627928256,9.072355017550416
8692,1.9377110929773258,5.3635763937433705,14.200765269959286
8693,31.120237795788487,5.10009425751247,9.2810296713429
8694,11.818770177449617,5.83284966128155,9.913884339858841
8695,0.7358579065228563,10.274466951289016,8.997670064094127
8696,1.3723337953847947,13.136250178362985,8.326337179119845
8697,30.464641333808466,9.531044380097748,10.166464690281224
8698,31.273651229601963,7.63976404222012,10.436754625960942
8699,9.717985397401797,5.414146313690199,9.244541292057717
8700,8.23954865569349,12.121545866221188,11.706673002444271
8701,4.325736563795113,15.724982438961863,13.050580596562286
8702,4.730389326376548,6.197958624434492,12.426545779630619
8703,3.645509133280913,5.4585356568546555,11.22003356220905
8704,8.448911588122495,8.671901094354935,9.466288492203464
8705,7.498555269002356,6.720522850740058,11.230478231653816
8706,16.262986911683832,13.139462304062556,10.376464113375796
8707,0.1672092031808637,4.2186087206178495,9.95669315516786
8708,8.665440313848727,6.6076145565583175,10.338412172747264
8709,20.064075058525347,5.799124958103933,8.381798995106038
8710,14.308601401808728,9.349382530165636,11.169843672668767
8711,5.753930063520167,16.89800329135479,12.277921142313636
8712,18.762756671749287,4.963756383234458,11.309133097888118
8713,4.03116558291784,2.214815072328517,11.2220034102755
8714,10.061922504596472,15.630358881033072,12.951730594664502
8715,6.467781837669877,15.964102638286155,10.246384224997339
8716,5.685594152538969,15.97641832262791,11.30493825057587
8717,2.4385508372476608,10.36483093217248,11.535525437766898
8718,12.345563763207531,5.832500652890995,9.31202292149725
8719,2.232104052357561,5.058778586657641,11.847214681525317
8720,3.7251326403443876,8.533386921834506,11.149046894331919
8721,8.24614990496867,21.91580792760268,9.022531316542713
8722,11.781619930449093,3.900581266515941,10.009718173843142
8723,0.7096581717162093,10.188487001887534,10.037555362313132
8724,14.49056246658726,7.183562745540549,13.028793706688758
8725,59.112633074627865,10.28291303805231,8.923921561848271
8726,0.02304826885936683,11.205039845979943,8.171832980540723
8727,14.917758928166482,7.471633741654261,11.397960366004416
8728,4.1086017181126255,5.380726818427068,11.765163827083093
8729,6.075566404201352,12.49336633088992,6.563937416829449
8730,9.481134488403947,6.571906630715043,11.648663941831867
8731,20.348157050049668,7.737901335192058,12.027469297322767
8732,0.7563610415392169,7.561799649465184,9.919165258559655
8733,12.313591565481913,9.12410006873709,12.599989523546542
8734,7.69627128747568,10.227926257290768,9.452091300943158
8735,3.9042119108868345,6.127364868678351,8.098635309059858
8736,14.472627132230565,13.357351332567614,9.537218222906489
8737,7.140251641146606,9.702800900988693,8.827556516914461
8738,2.6165922764509912,9.300991243143466,10.575837880848153
8739,4.625058172820861,14.802234762896296,9.746731312036072
8740,5.056216153124566,7.506277442647125,9.806404065902907
8741,15.01828509066213,9.29296979817421,8.451145014585487
8742,14.614325434027553,6.913807943494712,11.197955629508705
8743,3.3166226025919547,14.186933881675241,12.384712652100964
8744,0.9352570616422767,18.937056578511367,10.733138554794117
8745,10.978313914084831,7.197333977738114,10.015031955814074
8746,6.341308962636201,8.77156199100994,10.62448226632241
8747,4.1674947589438505,11.741268498017513,13.516057337181392
8748,0.5788914847455939,16.03707169926257,10.065840433269349
8749,3.212992351213204,12.915965583548815,6.741057038906275
8750,2.464418453088807,7.801314656247174,6.695090825758929
8751,11.479942864739673,23.52539052296236,6.544743700348146
8752,5.685497235353193,7.608345819068715,6.790952511017259
8753,2.340247867297497,8.563058343285084,10.802482185068406
8754,3.137930835603449,22.037899875274565,9.946287634535205
8755,53.38049311556084,15.072323077148198,7.313957640490271
8756,14.686359556024081,12.781719650206268,8.471370709427175
8757,4.955506949764687,11.115527386127614,9.176317825405198
8758,10.751891358068033,8.280605734051758,8.560801793589523
8759,24.556324456110048,7.46236051520791,11.729967496248264
8760,0.03141878729008523,4.6161313983670365,10.114465365780465
8761,20.28100327960726,12.17612674139692,11.112373372795256
8762,1.7071406647350722,8.08613242893128,12.414505341812486
8763,13.212413755484208,14.907046993363362,12.07726226204684
8764,2.1165860112707686,9.390557100209987,10.92831832937758
8765,1.1866251264877585,14.379722306261431,11.007391182605534
8766,31.424937563718007,12.219371435360065,7.945444519289949
8767,7.639203592528275,6.3296840042267135,12.794662457686625
8768,2.4052582690081303,10.970909384446536,10.717428860211765
8769,1.766082431334294,15.33061875073893,6.989809677549901
8770,56.63010579140832,7.305350654518696,8.19904331605704
8771,12.932320582333185,7.362229686814613,10.326722465147963
8772,20.673732355056664,13.425672609794347,11.651543525305652
8773,13.67255353633187,3.9449263453314045,8.309292353115408
8774,9.269109490291227,5.678525251885256,8.408138625282291
8775,16.486762262879036,11.211389420750944,9.330241143596561
8776,4.570233637889396,5.729148681658917,11.79607914003614
8777,5.896681928088967,9.750311266884692,9.585746598382599
8778,35.606439280194714,12.357587209697762,9.117291216019744
8779,5.573045022656616,4.415571553286475,11.440124526284903
8780,22.726105490961235,19.45173253225078,10.658838672010917
8781,8.722618177730764,12.7820199764809,14.421823013767579
8782,1.1902096455044515,8.76732412516317,9.020442969397948
8783,3.4316905594944505,9.252401909087878,7.608955384903789
8784,26.06463345030017,6.556428944107002,10.832940680997426
8785,2.507670008644256,4.316724126003707,9.703061857234031
8786,19.76668700156338,12.102586332280348,15.582946589309673
8787,51.03540009534666,6.550554945070597,12.33583432787845
8788,30.250070008772624,11.664144114833576,9.622123128400649
8789,0.7086872651465282,5.110621118021716,9.49507617047886
8790,2.0162280612649295,6.864071046486093,15.423811969653878
8791,5.931068653148024,17.4675337022646,6.703673338862493
8792,19.428043624534606,7.000750036227717,11.320049837655592
8793,6.085154468115018,8.570744113901014,9.491714338549807
8794,15.348287163581968,9.006194645038171,10.677365221703784
8795,5.471647871720179,6.980297457318741,8.898541741454315
8796,25.75661908331205,8.690495557874403,9.241196606881038
8797,8.317256802983595,12.559379148407412,8.254263057857104
8798,7.595588453613777,4.735607718583568,8.10132686550262
8799,5.261378375828083,5.031109865447368,5.891042264261704
8800,4.8419085937965765,17.349495929757232,11.74121390225197
8801,16.913873165607026,12.80076076923908,9.148088725403081
8802,6.41174526133888,5.402925133593449,7.370027982859365
8803,4.226722414831461,9.853772614423601,10.476596904417976
8804,0.17493602979713072,7.700054184194329,8.897087709935523
8805,18.70446144858434,9.309781025355418,10.03391543406574
8806,7.358076790101614,13.112230394490117,6.39219739111181
8807,5.357860435103181,6.843562215146342,11.257795817602174
8808,2.3618948835826794,17.542690449290593,10.983247569305847
8809,0.06847734776482849,13.604653908745098,8.92591804714494
8810,54.582147490313524,8.493830285762574,8.822554691797098
8811,12.990262464621129,11.921218070431822,9.600003393221943
8812,12.220044319257408,14.184403040131988,13.822579534887051
8813,15.920851949644584,6.389919732484054,11.032775293537718
8814,10.857778681275816,8.15671913184038,11.839991921721586
8815,0.5886972459239358,8.66956945400799,9.154503474915204
8816,107.44421828158924,4.195842526931694,8.543458175240222
8817,1.9217595099091267,7.921805214053649,13.1262663416117
8818,0.7782753662648081,7.606291453814123,11.511046186613008
8819,2.108163060361922,7.948190093118832,7.195432470872589
8820,3.171695795690117,7.351257607956407,10.382794592349734
8821,2.4522964424671256,9.178209024359619,12.725446904357133
8822,9.327903767829264,10.510888266739162,12.021638772086899
8823,3.770594296723222,8.079146633822308,9.093287972821047
8824,3.472136140338825,8.9043819060015,6.226037252548027
8825,3.470882500923632,3.5451940520186276,11.23796865707723
8826,11.94836911673477,17.120050787182258,8.347861836418813
8827,9.07416869571826,19.530601606182245,8.109351367101198
8828,10.024677500905744,7.137568274080553,10.560026155835004
8829,8.807767841903734,6.7729279093409165,8.505893221231517
8830,7.912481755352374,4.78022652551351,10.333744743873849
8831,1.2968985987930437,4.181367617576914,10.493705136572771
8832,8.164545755788756,8.708640122127344,12.52725989023091
8833,2.1373868152649798,19.604495255360966,11.239438905388692
8834,19.707220109576127,7.962499602017201,11.54385682609488
8835,7.165402191962396,23.49813228212023,7.428014539166159
8836,0.4265921029881405,15.25850471892203,6.6965132628598925
8837,25.439539312549677,6.132923153420693,9.103691573399121
8838,4.088672831371637,11.43428185915428,15.716189532146414
8839,3.6776060208602477,13.417618598632291,9.260673846696319
8840,16.268980497375654,6.168888057232862,10.16468009440827
8841,2.6144381929703244,13.825150264490853,9.42769281612366
8842,8.269060049677849,12.039700200239468,13.53895752742096
8843,2.9759980248242415,13.723360508013638,9.639703586304327
8844,0.48410143733522704,3.9643467533369225,7.359199187952437
8845,9.043806645789005,12.345643154441195,11.239552878796728
8846,6.863460187719436,14.495897756031656,9.262415567909345
8847,16.724703945488407,17.747581644297405,10.112105803235037
8848,1.878638342690975,15.820166198623244,8.206831742276162
8849,21.415681498708715,10.328114939256198,8.69118536072424
8850,19.87629394359814,12.374630958480783,9.343997959081724
8851,27.07413304277844,11.083830212040214,8.304824220425324
8852,22.82064453012051,4.7574386115142575,8.648996858932309
8853,2.487472367001496,14.29974514735934,9.418488773712097
8854,29.044607701616496,8.392685468294093,9.894048220342096
8855,8.11169971483537,4.502893156389829,6.165137165090153
8856,0.0838887146051632,11.125938996272083,9.252150020177755
8857,16.761556092361907,10.292656366719157,6.340263797760015
8858,2.3089410134629964,12.791772393107369,8.58437317680542
8859,2.1068958696814244,7.660168837140827,9.314742187623539
8860,14.72272158142617,12.114177302915358,11.949016426579494
8861,1.8394372308309086,6.2875700223645525,12.706605386528016
8862,3.26331751734011,20.605187303961824,9.570907773930795
8863,9.085548929598964,9.235294498679169,11.385120567234416
8864,2.780129389981961,7.515846142371947,9.84884888273817
8865,4.710358267119464,12.294495038182147,9.891305753746552
8866,19.627095937935497,9.411236383607939,7.589524253285666
8867,0.0588840822556065,18.737426792495068,9.175630968352971
8868,0.6931334499718842,6.164176325449754,10.276648496717742
8869,14.624898937177086,4.570412214632217,9.017299484072181
8870,29.150033562131597,7.351322721036176,8.376430808565578
8871,11.331412636727569,6.44550586878484,13.800748286142575
8872,2.101836824482059,4.265199048618748,8.780067302495253
8873,1.2684551494046294,8.770638442785186,6.20141191314489
8874,0.34541407129015134,6.169557489963807,8.48204728338997
8875,8.682505966276889,5.692015280905802,11.984207908037186
8876,10.481561202866333,11.545027594440525,13.177645079769844
8877,45.517989592941106,5.544462802103253,9.146749768811024
8878,1.9164854919511087,11.428371471250575,9.298837575342422
8879,20.16564531789567,9.384326481032575,11.860372101217786
8880,0.010923706529812637,11.240526154230626,11.830100099824621
8881,12.90247466092747,9.458034881591264,9.330413617649498
8882,5.455462969066104,10.012243954425541,9.06320771881443
8883,9.495769265299876,8.514571099806439,11.27701379951727
8884,0.9500932484787862,7.43180457856446,9.168415325440014
8885,10.68840008339071,15.61498560527848,10.879754276880037
8886,1.6590050282922635,7.236035405636883,8.493992015776492
8887,5.805931558629776,10.331552145567878,8.514862398779782
8888,0.17473736775266663,7.311991327907944,9.518102224034752
8889,1.4760046210452296,9.088263914304687,8.917933377860388
8890,0.18191100697784043,6.7497372540593545,9.695177642039027
8891,0.3139102831797933,17.059019248409623,10.9985153044953
8892,13.58936390199941,2.603289135926178,9.72461824866845
8893,15.114386271731268,8.467721959545736,8.980450460702729
8894,1.2979480548620321,9.783361123691254,15.02163766621636
8895,9.725036903177385,2.2864133965443174,8.458725312896807
8896,10.89720569101898,7.961886594445142,12.543990618819512
8897,62.817491251073946,9.995909303147616,6.4448195348378245
8898,1.2518653146992131,11.677721799086816,8.644402718722148
8899,14.885386453413375,16.94616147366949,12.231089779126032
8900,1.6219295473385804,20.870122559581898,9.726231066521036
8901,19.771685729192438,14.991365828846464,6.057612649914641
8902,17.345608999711917,10.559466996509538,10.349859715694633
8903,3.7865713160921497,13.641659508519435,11.26437828557435
8904,6.4871421715104844,14.384994682029411,7.340270300445067
8905,6.108922630987652,4.603990064285917,8.631370482709777
8906,56.73215769083823,6.196106974070998,12.191852561523747
8907,0.8715245220321053,2.4072828258795274,7.759228830850878
8908,6.684894488022884,24.432273320347196,7.732778263013247
8909,12.9383803143544,7.87884363168873,11.160687285889516
8910,18.07504642588591,11.137641243086886,12.21983470172414
8911,13.682863255046637,5.069289753446111,10.959983671401494
8912,5.584164184416244,6.337253073585372,12.16005551494803
8913,1.7136281026799096,9.896297033481684,9.126201507350967
8914,21.444576740538643,5.447764385211072,10.489360617072736
8915,5.742926642024277,2.51813890508399,9.97069475140036
8916,12.545109533876037,19.811283861284085,10.50104325318757
8917,3.736601041777482,4.99406326663837,12.483558072620882
8918,1.6443203524573082,10.548532888841946,8.513286316851786
8919,1.66373888168658,6.565750186210851,10.95179261044604
8920,20.46724271696548,7.721996911293471,9.251955412637185
8921,2.767454664688701,14.367597197561945,9.756416702550187
8922,0.9608378171023444,8.540064677672625,11.146289858636885
8923,12.250109407140592,4.003105621139968,11.69608984235365
8924,20.09530089094629,6.145665489960711,8.44389486416345
8925,4.912641423499943,9.206241222969465,10.198655013522968
8926,6.686819901529578,7.551912275959457,6.447561051828141
8927,18.086804424904713,12.229445121368224,9.353513693199618
8928,35.33754187215348,14.537205335064062,10.078099627154765
8929,4.509735514524842,10.947928979399467,10.827914059434411
8930,6.380595643769904,13.9717095190609,11.690682052576229
8931,0.18873393406198347,4.995691402188332,7.930741240599215
8932,16.95821557608773,9.173213853624105,12.657324579797198
8933,5.977692153089027,12.504570964291748,8.257970215370456
8934,19.09803182183748,7.256675523461995,11.880403497681238
8935,46.773485907069436,13.660200304816408,10.481787289672296
8936,1.0906698912759107,16.0746188515945,10.544670226258303
8937,11.642080003991701,13.903325868176967,9.848950644436506
8938,5.073274424725325,8.738832080309496,11.596640506184208
8939,26.763169530738125,5.776493318518435,10.859245756690465
8940,17.746659460384038,6.007715559847138,10.86616729761336
8941,0.2591013917863156,14.222879259281143,7.280177625848508
8942,10.535926379253128,7.108508082523114,10.475556045397875
8943,28.67061313557614,7.247230002266754,9.983136672000054
8944,2.8710164831375553,9.93888787767589,10.145005403437274
8945,6.149337226789836,7.803343824593223,8.78850370278642
8946,1.9661323253580376,11.810176622853293,11.415261654123363
8947,2.767550295286967,13.284833588711393,10.365452148395184
8948,2.8702534901927828,6.796840813798876,7.0854459669500045
8949,17.319143304153563,14.40926322120717,12.205915388371057
8950,23.559089045513385,5.128166195936197,12.724179065106897
8951,34.99361997572542,7.667156273847996,11.053723927368955
8952,2.389079917362147,6.498753622600198,9.559742813409652
8953,8.247659560337361,5.537884623080723,7.438659601550213
8954,21.86166367140391,6.964840567994298,13.1639446623597
8955,1.1069511144668382,8.720723713647478,14.545233977388744
8956,6.088433235434059,9.210034430066358,8.660704940588943
8957,18.567513505086627,4.813270379397775,10.729283861115498
8958,2.470861257532029,12.47083080959235,8.68461672081771
8959,37.94796383885152,6.8731871105197175,9.736473193818181
8960,17.652864992353997,20.41028744494087,8.94641626645304
8961,13.346050181191071,11.119024664389789,13.789924803639746
8962,9.844988630743424,8.04250010904907,9.03009133892982
8963,5.738838126176853,7.147055054795233,10.412881114201756
8964,31.685377136889155,12.720627207483611,11.781408929424211
8965,6.744090745281501,11.469543066793978,8.4204302606204
8966,3.9288556121835216,10.368840727630545,9.120112040325692
8967,19.330383840287766,6.891562427356746,8.98941597730843
8968,4.121545830558553,9.230910444339749,9.970149113322012
8969,24.118165710016576,5.399729473173136,8.13106590939055
8970,10.360574051615227,13.484375537491022,8.42268940412729
8971,10.468987622624573,8.49193214630392,12.775588630821755
8972,6.798430400767323,16.007541069772756,7.21878488989515
8973,11.305172837618873,3.8525766466208244,13.042287006134295
8974,16.77221682277041,20.103629430830047,7.703423470157085
8975,21.02410445427644,9.874678037031709,9.808193260920307
8976,8.30946270550337,11.594094859509774,9.33805310798513
8977,7.0477121566395295,9.597805877312044,11.377095830998115
8978,4.156085893468302,7.261812372356919,9.143544219863461
8979,5.661638233464019,11.124309881243892,8.921180197744489
8980,7.467114245647138,18.64751075131076,11.325265988114158
8981,8.115256144514204,12.546529733315515,13.560315320457324
8982,5.2111378773350765,8.916568155377503,8.729267517083999
8983,8.402837145402119,15.933372042127033,8.568934407206305
8984,5.863793591211673,9.466028888498672,13.12593853696315
8985,14.676398474765108,6.1080106600336785,9.082456949534748
8986,5.997835026743119,9.75010422883311,8.189772389350004
8987,0.9402889100748376,9.150079810469315,10.39651166664941
8988,0.26678964910745134,11.218531956508308,9.48818801737118
8989,13.674133952348315,13.30344949274178,7.393038922884162
8990,0.0650707606629413,10.808778206569459,10.495920773126755
8991,0.1529343543920119,8.069203327078974,10.793445723263693
8992,21.77169654656844,13.434014775831974,12.55981962534301
8993,6.862418824270697,10.066236881553856,9.540531810101369
8994,14.08889118617212,2.819065777077696,9.83694832535563
8995,8.425779238672888,10.875375966855293,9.411924703937432
8996,13.456436779872844,10.56819439340834,8.983400446491807
8997,5.9373150827249415,23.148437387529658,12.313481618866856
8998,21.524300363966073,5.108452260231353,9.489816979423642
8999,18.55048427548548,8.825130949878133,10.493590238965794
9000,8.733874146112939,4.4166269050857485,10.865033148774545
9001,15.938289597850464,10.692130767062908,9.778128556250168
9002,7.111288454515889,5.503868500236895,7.846900715368375
9003,26.113657022913834,7.146295157824435,6.9461875268122695
9004,0.43264805817120894,6.716690532157335,8.797295688458354
9005,7.892192804344809,15.388471891103086,8.320298981050138
9006,47.05573021462113,11.06430656961774,10.299443390155552
9007,7.8666225588182535,10.690083461867127,6.531412293600459
9008,1.2534758238682844,12.3635597706275,13.040382224006429
9009,11.967174224444005,10.317760740613027,9.258304841006517
9010,14.357022711076192,23.817414904259508,9.58046068171828
9011,20.174640992871502,12.744137021677743,7.153351418432984
9012,4.992920825328742,3.002894697896544,7.5888943716631
9013,7.191027357949236,9.927553585524468,11.160238462496922
9014,7.110372944535944,12.96195930520397,7.116509535935711
9015,12.638776497060924,9.09806041959303,10.360100566171612
9016,3.8480184071071664,14.23226624008816,7.4992124750738505
9017,16.830301981726883,7.25288703205811,9.492648275038805
9018,0.5779108632196399,10.767485361751048,10.686114366389374
9019,9.259359040865133,13.065398924753135,7.718118447379985
9020,3.9215359914468944,9.54342725679723,11.346708737870438
9021,14.972442606216797,5.5875024696167594,7.999804440398889
9022,0.8919605194469257,9.122111880892177,12.762341244067086
9023,0.4898601991101752,9.830769126608873,11.110528365100675
9024,10.722000585723107,3.835366563808795,9.741652532649578
9025,1.2242470059695127,12.233509023809033,11.363782667986216
9026,12.52204882766826,4.124152814940404,9.01100491431661
9027,16.001720740675033,4.72483468309458,7.486411488227932
9028,37.12178605854556,14.081360544517898,8.877030980149577
9029,18.12492596240182,3.8174283695663056,11.502435381985123
9030,3.9034555529665713,6.0316306853115345,7.631250727008313
9031,3.4115465493053496,7.50232857583581,9.900213872332882
9032,14.587803409576075,14.399995803531883,10.919561972264242
9033,65.15666399470493,13.860018162355766,10.036313530803541
9034,36.9826060392552,5.757832715722446,6.8309256914394245
9035,5.430372707966111,10.657502228728827,12.361421819494591
9036,7.565312604733038,10.109338894602734,8.732909516353708
9037,2.792419431655745,5.548082695116265,10.535654470057061
9038,8.053382877543719,12.107724008672776,10.956260895062824
9039,15.366638948406827,4.3967921774198055,8.230226218525328
9040,10.100296896133285,5.187399597981441,8.979812176660252
9041,1.0241005274397461,2.144850624335917,11.591469158274549
9042,2.1484685302018045,6.3322881023775235,10.414644436671036
9043,7.818985545906215,17.972997759596247,11.337316256366073
9044,4.429283823965005,4.657353422383253,10.718579373132462
9045,9.089382622446351,10.511076001854626,13.025147400693227
9046,26.099390269544024,13.474623598834858,12.557954381579101
9047,26.79004340786573,9.658776860491248,7.083133532112512
9048,10.443374029582568,8.543059248174835,11.085724759248443
9049,10.424270485312613,10.90035377860907,11.872933170981154
9050,18.044431599980793,5.998537860206641,9.325972231279406
9051,41.63419795461719,6.946152737277932,7.817693780281474
9052,11.087209247972298,4.53348619510113,7.639836266755537
9053,3.258123470818172,19.76302967304276,11.998687621103347
9054,2.0787183957812934,7.189531626993151,7.210059780278532
9055,1.8479795275827426,9.75151608153202,10.180099872700158
9056,1.7587772215244237,16.981686516044785,10.656934051890456
9057,6.994412775073864,12.861369761977793,9.436738007244482
9058,20.70589902782147,9.949640800743396,9.784113210664446
9059,11.564639501515137,10.49976909832219,11.724374551587545
9060,44.43181075696245,16.508739189164885,13.571052971864267
9061,2.74871457189137,11.030792892517026,9.728040499989168
9062,12.234533070513102,6.041038449555696,9.504496082226831
9063,16.455248307542423,6.8254754178998125,9.595876822173134
9064,4.402553963975438,11.733297303363894,8.518067395329048
9065,14.840190899975644,10.7389203429922,10.978287907749253
9066,24.349303023030693,4.917795183979985,14.388074921253697
9067,12.683619606166605,7.099053575678892,9.238924321227234
9068,4.387533863048697,8.555615831591732,8.97987635148967
9069,33.63847118679573,3.1782851804414594,8.752997954954408
9070,3.216346469627226,9.002365178920272,7.384112677538651
9071,3.6067888271056705,9.58646932084963,7.950105201187366
9072,9.190573579782368,8.424705059728264,6.906686610703346
9073,31.63519089217263,1.6636402350081547,9.19064058601372
9074,10.19410171412562,9.831070212254245,10.202988283425903
9075,1.4608850632989092,10.879706935737456,7.1065827847020655
9076,6.537210572897938,4.21132516217258,13.331213480667673
9077,3.6034957004695527,11.132587813361996,7.87641289762008
9078,4.286372716395574,13.927704180610954,9.025107437725545
9079,1.257488463591872,8.674989548196795,11.21557676130547
9080,26.178256445766987,15.068154840577227,8.593158870955696
9081,5.911476938140687,15.069204716757174,8.68790886483566
9082,13.862100098369655,8.805191576038336,11.449304068227596
9083,15.146091796653028,11.603002659781714,11.903016800398396
9084,29.194281280465795,17.290161013156684,7.832171800872344
9085,1.9943205560177841,19.586434314631347,6.627855254261855
9086,15.461593592004734,7.663760672191789,8.233672984327178
9087,3.661822924465007,9.812205291874358,6.101687426299819
9088,8.02669854649713,8.374476604092123,9.041926725486258
9089,9.543257389609261,10.848589923899844,8.019083596338593
9090,7.162336004114254,11.000107669418963,12.243130383435533
9091,1.2332973574654442,7.305763464277485,8.024302893365423
9092,0.6783301617943749,12.958066125602164,8.936958325815478
9093,10.54521072732418,13.498364019537329,10.724222130037408
9094,17.318396212540065,7.424142511847643,8.14959704530964
9095,39.27503428297847,8.448707496994318,8.927022360731618
9096,19.231519410852844,5.144320881150101,8.680711231572323
9097,6.67432820708384,10.005706123707103,9.567435421424427
9098,2.5260525605831146,6.168296156607903,9.494190750318467
9099,3.845218565240239,5.934717129822409,8.17087131335712
9100,2.6052532784528912,7.9403039053124775,9.825232252186929
9101,7.047513780400718,7.850872793617631,7.811569142050388
9102,1.4124482238842124,12.189038366393527,9.778380150305262
9103,12.26059727569275,18.940984991853057,7.06413503972779
9104,10.272568203049032,15.79441321249293,9.12359261645829
9105,5.669596107094959,10.590476236089028,8.752474760363112
9106,0.4908957468090647,9.515265252509117,16.029148609664542
9107,12.268544121753955,9.161087372559791,8.308251791433896
9108,25.767033534801673,20.768948652065014,11.992303629405269
9109,14.131127759390491,6.084985823020296,10.819459169271115
9110,0.9166982038954172,10.663281112321,7.532959137689451
9111,0.8095343800711293,13.98700322822297,8.082805432923028
9112,1.4817212329495268,13.813597821472205,10.80017107839762
9113,12.245356080461352,11.90453991684761,13.915181795113982
9114,22.236997290502625,6.193942402335201,11.67116968778068
9115,1.6480036168469159,26.21723046121836,12.288332778314842
9116,2.849605772529026,10.209249650985253,8.033568215009094
9117,8.532826097615123,9.697848902543715,12.384765123437983
9118,5.209229502896646,5.257076112237768,12.38781777512372
9119,3.176556018012836,4.777262035045401,8.562843673199605
9120,2.5394988114819204,5.93022049255161,10.962864964973559
9121,17.645687607128515,11.45182959205616,9.179414143350504
9122,2.3296543130505056,4.286605048699816,9.932524482388837
9123,0.7728926970989248,5.261857609636648,7.510861802186297
9124,12.866957034207502,21.16898649110136,8.828034074624156
9125,10.335801860410871,12.67502900835317,11.511819018388824
9126,0.5703977936034418,4.669739155680174,11.26318116562564
9127,5.2657403374652745,2.8475274905851977,14.372641612974045
9128,8.39718579338319,3.658262899792144,10.603857118166394
9129,2.2161306522945425,4.86429384690148,8.699878560800412
9130,0.7454707762913428,6.781015892143968,11.423661885646693
9131,35.813125742458354,10.651375689399483,9.93084458200136
9132,14.327740447287107,8.13077862522895,11.372128659789336
9133,11.201998236435676,4.692015034798606,7.968329217703484
9134,17.571792114060845,3.4190650274158236,10.693340714874276
9135,1.5274453141796043,11.62974401080395,11.958256645651058
9136,12.972183029837442,11.382415780863793,8.977737648217728
9137,5.111322588476004,7.203284831051214,9.877079271466853
9138,14.618661077429138,3.921717821894186,11.591899080579632
9139,4.757861223631623,6.229027053895742,7.577426716564306
9140,1.0934090801842826,5.939963260904488,11.763046293467333
9141,24.304693438804826,4.1663528369639,10.122597658975259
9142,12.658657390671994,11.17594531849686,8.506486215143473
9143,3.0940850261031194,5.183243637127016,11.100722855357798
9144,13.36358341909813,8.539037560720717,10.612249743135296
9145,5.829868219363321,14.965550060659982,10.565365446015981
9146,11.632785796928122,9.360912281554135,13.037583285529765
9147,9.42273985967559,3.819983315344115,8.321744761156689
9148,23.38321458443546,8.746694927788086,8.389556013043574
9149,14.97100355186847,6.438844419297037,13.145670522148018
9150,11.297545679213341,7.124857967902402,8.870600715604414
9151,9.466946345984772,32.13827491208284,10.382310363237169
9152,6.06288055482652,2.941584835403196,8.98561803632381
9153,3.0265734122650594,7.6618311510534385,7.359491089334209
9154,17.319919835247987,9.374973701994234,10.44669736128366
9155,2.703726296698076,15.03122337470251,12.641382285474979
9156,0.1302198883703648,7.274621482731225,7.185379195996575
9157,25.7384043560394,9.300256846464091,13.875190656153743
9158,3.006088147277186,8.234012717322646,7.763735301767591
9159,4.157205288712138,10.046998798657146,8.664279021535158
9160,29.367795118571287,12.527452708258389,7.641110114504067
9161,10.292018547936436,5.225300611368817,11.277495837098469
9162,9.387731783855736,8.407202682813816,11.637541643417308
9163,29.84782729553258,18.80874790747846,9.174818723978657
9164,1.8932589659993686,5.237727277873818,11.048961318567383
9165,16.81585372172017,20.62294117335151,15.24995664741247
9166,8.253145370502018,14.281844677689529,10.053268176960255
9167,1.3334596798272513,4.644582956468545,11.345640319109767
9168,2.286135125184864,2.1337765010825676,10.752318896138563
9169,10.032362836206975,7.4425913842183675,8.45144839206007
9170,7.527936096782507,16.013376687718754,10.42096734524431
9171,0.7994962051667882,10.908208746861844,12.700485534384773
9172,6.144658052990446,16.441105160189117,11.295258308869755
9173,2.1508137948171373,4.629112778026175,9.261090661120011
9174,7.298553834556298,5.97049268914618,11.669032055190648
9175,16.346846361456837,6.932813286218918,9.015116494033201
9176,22.89412747620423,3.504922493994976,10.014244514450601
9177,0.7763442917784894,9.70787725369579,11.42931301128061
9178,13.928027069863301,26.426980672308485,8.003452148403806
9179,6.801861726622949,4.050103982250203,10.751520292076021
9180,28.671070088375252,17.559187127089526,9.86610677913336
9181,11.317927781812964,14.02787911754866,9.616596384445815
9182,7.45559809023909,11.578966955767413,10.560469729607913
9183,1.2250570218601657,11.762235344848126,8.045351948673366
9184,0.8443379004241688,7.512427306026531,9.308204933278224
9185,0.2327588571772899,6.914269325499025,8.823692964988359
9186,1.5030420804590434,8.990737960930428,8.169643891376433
9187,0.6908564104213966,6.894589643975221,10.025681217767112
9188,2.0184384495006906,13.747258263710572,10.015720885599912
9189,8.768148682960373,17.609958804634232,10.809262120850725
9190,10.399609103997637,3.39218292391718,12.451086510862929
9191,11.197187140082375,8.720515203720486,10.574337898794656
9192,22.40033093631338,12.55455624322926,11.593302559705739
9193,2.5796011994561074,10.85704127852473,9.442254333439971
9194,6.62225817349013,9.763262569544766,10.605107975533366
9195,23.31682448001824,13.421034289697115,8.675238016937021
9196,7.144388344605151,5.913401341592452,13.653287854074012
9197,4.341580129275921,9.886600100221978,11.865804928909508
9198,0.3439740407516875,3.8846773785105073,11.628922700738253
9199,24.29142657265843,7.901455131223325,11.744498290662076
9200,0.2902548819697654,3.658721264008965,9.654189078109015
9201,10.253486734463985,5.306970779210832,8.466632412600283
9202,5.494172803771094,6.235371075786998,12.547431601636617
9203,14.217550245432912,7.272389688753192,8.348862730795224
9204,19.653588411913507,6.999248349895083,9.235889120259719
9205,9.946368910268571,5.073890177792292,9.53077942039443
9206,26.40284722867701,3.865068890257541,7.626454200085959
9207,6.08368783659266,8.824722880413834,8.815921965380804
9208,30.504262093955113,3.396918750626748,8.806766223907646
9209,4.890160299839964,17.916511353081432,11.197717503481487
9210,5.530065128390365,8.566544163257467,12.883832309800296
9211,9.120624193399136,11.505974378742454,9.306119519722282
9212,17.54716886947802,11.752526117888616,11.889867860596576
9213,7.846151447500033,7.270496764607019,10.129396555662636
9214,14.23744190696962,9.652571966541746,10.34158540515369
9215,7.576364562467835,9.116759461402863,12.355390741400878
9216,7.966054624887909,6.833630842960187,11.398159144590068
9217,22.28112009179882,6.60607524364413,8.481199517511692
9218,23.98776956998179,19.744312571445892,7.013113081522478
9219,4.560349457098665,12.666482813962693,12.79126324811492
9220,21.671223674370705,9.291155744489892,8.938847323007991
9221,4.711830218401452,6.380970912369915,11.43130359186645
9222,20.3273986111575,23.0800202270038,6.702099008246666
9223,9.659399218504328,7.553986371310546,10.1104735470203
9224,10.785278560096609,15.370997037964532,9.328479070908475
9225,35.23594331794574,18.655986767407747,12.659356731011034
9226,20.941123630978684,11.210887154640194,9.877395160110307
9227,19.956975802992147,4.447892240364254,11.1540728509048
9228,11.83899444430882,17.212395215427,8.523666460140937
9229,9.666411259239887,11.397636162830265,11.985738999457963
9230,9.818322537266406,14.18923927048757,7.957100168008415
9231,4.873726728132696,13.755024961238703,7.586734872744285
9232,3.7729176786121776,6.417395795792176,9.887485188480214
9233,3.7848181270472057,8.458424110784742,11.652081057888411
9234,22.442220654675225,9.7925278324133,13.87559199304889
9235,5.068319325147696,9.269091317593107,11.758525405484802
9236,0.320776155316778,12.647393309615975,11.437381238466312
9237,10.409674059281402,11.413144371633367,8.243187479402918
9238,3.2070101285693724,4.808221048405843,8.364050473335274
9239,14.126141074827428,12.584539889124231,10.399915182180587
9240,16.54395361722073,20.46430636344362,10.094250725712605
9241,14.090442765502022,10.412572913127258,11.221218373324076
9242,29.331891966642203,6.3463235786791214,8.134572109796691
9243,5.982153702946857,9.518041632861387,10.389134222515473
9244,31.285128665545606,14.0305221312546,11.097934689614272
9245,12.689890222262616,4.984045901240939,12.56084639186697
9246,31.004566647172933,10.76126709465569,9.681321299547486
9247,9.872497161288225,6.789807692470411,7.412029344026904
9248,2.2861769092584074,14.874396058221691,12.809752114092943
9249,23.54536745258056,9.595844180408402,10.103492703490703
9250,12.517376161288935,14.372666365084294,8.565227402464895
9251,6.984702310230417,6.6427535446918355,13.667114183992076
9252,4.181857631046213,11.015170872549227,11.8578060195617
9253,9.841706645402114,7.093416769460878,8.311832020075222
9254,5.894182276254308,11.25509263099921,8.878931293455286
9255,12.279179765840551,11.60232611492351,11.85265666438312
9256,25.921128378277334,28.81026387570974,9.499888442688384
9257,26.353424503733798,2.9716250893892004,12.361003687344379
9258,6.6541668449796685,12.204192411975747,10.33465312332212
9259,19.450452183040685,18.303315748367297,10.298520678242308
9260,9.445397397616002,16.06472373371733,10.575899747508718
9261,0.18239471319059028,11.370364183841403,10.838879742423556
9262,7.9670793346994415,8.444162691797718,9.031408725524122
9263,0.6306894637065625,4.1659059950052,14.416967831574063
9264,0.004321579652755923,7.736676458375138,10.711267041909627
9265,12.153165807714897,14.690048182993053,9.845114371177623
9266,20.358610587706124,11.080729443990037,8.611709100749943
9267,6.738440156380136,7.232680160832899,9.819539646436272
9268,3.2598641856640214,6.808519058852875,6.881373856570064
9269,2.2801531601946663,8.67696582807665,7.10776190931019
9270,5.4094029023634675,5.224719286186146,5.947683743867444
9271,7.183765549815013,19.580018788004008,8.677156395489982
9272,27.965801342126504,8.42323899132682,9.123536787437692
9273,1.249121403077625,8.649656142101506,9.08171909468826
9274,2.0340342596227403,8.910122994641576,12.0707651639803
9275,1.8854034868505272,18.314890981762254,11.75721053833237
9276,3.8643883183072907,9.308151217840024,10.024544699870779
9277,2.3560361971125223,11.187325810586836,9.781914561435862
9278,7.246170418671329,9.332161733127503,13.065610142249117
9279,1.1072127971183574,15.082714870360684,16.644653586204104
9280,9.800892208665145,9.931258700917503,10.079360888154978
9281,1.758042647619032,2.459521644711273,11.713821802644388
9282,5.87088699871232,12.883276750982308,10.46528080269201
9283,3.011988688275991,12.045273694956071,8.319721580192429
9284,4.819390842528967,14.749440786772189,10.797201999571865
9285,35.66400710190594,10.049363390140808,10.773701007975996
9286,3.0852807640089988,8.469416228633083,11.04814440243168
9287,17.33853063046044,12.275501032135253,10.012232804152008
9288,19.968497170611332,14.226432002702486,9.283881348264705
9289,6.881759200235866,21.039145396911216,8.989138898421356
9290,0.41741462541981217,14.502564639221621,8.887859157115988
9291,29.48023603971736,11.502575155201164,11.151790836275804
9292,5.3498809451867775,13.13245254623746,14.38975032605137
9293,51.85573025694556,8.438867407683466,11.310190527131192
9294,3.5906130817366253,15.420792747555064,9.316618556119566
9295,8.512211569407523,12.418922280171973,10.602329030666366
9296,7.728689618785484,15.212084498466648,8.513540344417937
9297,3.0497439902662293,5.492980369357478,11.810885648861502
9298,1.8962485353635878,4.795048937152955,9.061122557305342
9299,5.431728649405311,4.360367989633204,10.10953851555966
9300,6.165526451045339,7.050277813290528,12.99292985059639
9301,16.809010455975454,12.256113404957649,7.9606497537865115
9302,19.94834361342648,5.963896122675408,8.021195840371412
9303,2.5479445806324783,6.2272601511582,11.462408328343777
9304,12.340800940099356,12.763410379665734,11.54701925653483
9305,6.867861402539435,5.60546547786037,7.970731784494251
9306,8.912697281657557,8.591306230911245,9.586948053398169
9307,6.653115086765676,13.015911332156056,11.144584127658373
9308,5.627027995700976,12.333470820435291,9.847641434581899
9309,12.444704084080461,6.420804684197766,10.345214297878899
9310,3.0806691397470103,8.894759704506765,9.727624667990206
9311,3.5016889406034744,9.064227961807978,13.483726775096104
9312,10.054186256328796,9.484403030849878,7.278722261351041
9313,8.67724593148472,20.56491232798195,11.559936916829765
9314,0.17525969391681123,16.112846785570294,12.610977464224797
9315,8.668363858671258,6.643015905011967,12.766500427946855
9316,1.4196325985809892,6.164002880153914,9.980131499152368
9317,29.11562030873567,12.275017053247305,12.026683775707195
9318,20.25727765312349,14.392820817931035,8.848854918923829
9319,2.922076220570101,8.67428477582045,11.766603601573756
9320,2.8105831229378064,11.230611869136595,11.610519808315166
9321,3.102044740188321,7.678987048428107,8.49174885245554
9322,13.970440445561962,15.890860228478967,8.123801152759068
9323,0.6089352688856906,8.106269910924153,11.05991907192364
9324,5.098115195594994,16.862669831527796,8.1170339758005
9325,1.09096950026216,11.55212367597825,8.547321854367153
9326,2.74245304678157,7.587309428199276,10.309511730498151
9327,9.955697552685917,7.332639477254614,10.54839341033658
9328,4.563167497755507,6.638038802698624,8.537464348869186
9329,9.964164579816147,8.280189291837788,9.247770247160682
9330,0.9694605196474427,8.329678074608978,7.5835637254206985
9331,5.731618242322451,12.287067037393374,8.59718140360684
9332,5.273432642911532,22.55431306711047,16.087379634444115
9333,12.041308021499558,19.541179581436104,8.885142059383726
9334,10.785027369960737,4.252676001978051,13.09461449121992
9335,4.648394607674513,7.424031842186421,8.428136930188506
9336,8.860475489211876,15.958667279125837,9.22126054631816
9337,14.423352936208788,11.094274160895077,12.195682028701304
9338,10.466971606859584,6.995411273455446,9.027066023475333
9339,0.24990358001492347,7.523183147174805,9.292033137292256
9340,6.55257617496747,9.656885145112257,10.300236795490495
9341,3.0117164297025343,3.9811165663330046,10.99100151142766
9342,0.844656418349249,4.70973873229857,7.655323056379701
9343,3.4318276011443407,6.995645405791518,9.884542314306264
9344,9.193756757378804,2.7703085512715804,8.175463160864078
9345,15.419011172742222,8.347314284361827,11.764015170981423
9346,6.879893428070539,7.334004337288404,8.467070441386365
9347,12.392887150407851,11.443018714122545,12.443928218091868
9348,1.970654309694831,13.58727357328792,7.713541118416024
9349,9.006892046353064,8.17693348377631,7.9343756799325975
9350,4.263229280811521,8.946069267506926,9.287381608913014
9351,2.63299242006819,10.949958619576105,9.294258602387696
9352,6.25004606610502,9.010989479969872,9.85885221524654
9353,18.347614619196772,7.544075798009247,12.079716203244836
9354,0.1110169690505724,9.048740134061559,12.304638371772883
9355,4.577036810202677,11.26629503283166,11.930440680704463
9356,2.081169066664863,4.723307351969929,10.95159238592776
9357,14.068338994789295,12.598444110600475,7.8089115720760685
9358,6.164853126390543,8.891346761094043,11.852078883428248
9359,1.4758790195341744,9.872980800591938,11.497555721868187
9360,3.3140672321384854,7.170650136049344,10.578810122357254
9361,22.14100743337461,9.463976670168599,9.884457606210734
9362,18.802889475607103,4.928276059754127,10.706337391282679
9363,5.922489953686232,5.528254197682978,6.963831037794794
9364,2.532745085075815,2.998050960067363,10.270661798300193
9365,0.8885659372430091,4.973795361384554,9.570893104448242
9366,5.301455185501315,6.8520228043953235,9.74619718169719
9367,19.946131674392984,9.143494917347882,8.139925957113379
9368,11.073431746303038,12.449441911745819,10.644370035885405
9369,0.64801629180922,10.663307974145562,10.199553107847704
9370,16.81894860700926,18.75837818599427,8.184642474906036
9371,1.9678523009354478,6.789145143324342,11.207825108362096
9372,27.930596389190033,7.819821559072933,11.933712262357968
9373,4.3807477477675265,7.517214322826516,10.514356420793105
9374,13.56350161302276,7.652844318379192,11.658255364658107
9375,2.802016499857656,20.119824234170217,10.598780516272429
9376,0.6929265346588244,8.37818232257558,7.526275649818871
9377,3.0866087717693262,8.352218421572005,9.607783349815765
9378,0.05609575196232673,10.557127398024539,10.325627232633263
9379,3.109834435018807,4.186785685159316,7.103200583899834
9380,1.7211392800577534,13.845486266117778,8.429851377769568
9381,7.911395082136092,10.417009641131694,9.041086614026243
9382,1.5460991250490963,13.519610698422145,9.621596671309963
9383,3.1561786550386475,3.9771055376935123,10.047186734547134
9384,8.316683790039686,14.014207253530094,11.219701057157737
9385,6.9445666306778,9.527124304047474,9.488282255224807
9386,4.230968241173731,6.034564360189003,8.912983336835698
9387,8.745703105439057,11.664572204694995,10.57256894075473
9388,15.003562556288614,11.384589461049092,10.177046591362933
9389,2.1256445904875942,2.128711935052415,6.596001865045736
9390,13.648072030812019,7.748797469126072,8.782884300422127
9391,3.1892122220730323,11.28356987288178,10.418701992864534
9392,53.90975677975128,13.625408147661542,9.505735591906822
9393,2.7695095119130166,13.390832814684476,9.96138912378988
9394,20.007865108688353,7.827425057625936,7.575268822400617
9395,13.812816223028612,15.227108450361499,10.78779634470523
9396,17.15188492721432,4.0289977182545975,12.782316965476097
9397,17.87061182052255,8.481335862944682,9.83268303567195
9398,1.8488101101704484,7.475263840156698,9.001688638998653
9399,17.364889122409952,14.416130665349058,12.262122979115102
9400,22.821524395966637,10.785889666998733,11.666466921308158
9401,9.927839722870367,14.451272441730557,9.511934351717828
9402,11.101750093822625,6.666909618482767,9.916974809285376
9403,12.6288162274177,13.180296404615461,5.239093811386482
9404,7.1087710524283905,15.412473418661452,9.058803370709018
9405,1.3713213234210881,13.267016442289995,9.29072509551136
9406,22.788815000950805,3.2796924357077657,8.322867801094356
9407,8.042203704004613,12.762273408703937,7.852749958663708
9408,4.920159136046821,7.672410920057362,11.079659477268327
9409,54.93651284380643,9.277143878862764,12.292862586075652
9410,2.168379710884694,8.847069771320394,8.306318405234995
9411,2.3278412741587653,9.988372115651979,10.594136482797722
9412,3.7384226404289347,11.0246893964986,9.355233641853415
9413,17.39275870344801,5.702217816151622,11.182847196470117
9414,13.266953370721826,12.157438381639624,7.445599063739861
9415,10.76837277153977,5.531462375909159,10.189782734414287
9416,18.142523764244945,18.404501677649918,9.702191736101119
9417,8.471990550195875,10.3638637561943,9.930669748917625
9418,12.1917564074884,8.605059383595869,9.421152168758764
9419,0.18736486004967817,9.264858594773546,8.990823215745753
9420,3.0957641196998056,5.601198554718007,13.774450363440637
9421,2.2836954224088193,5.207766055634225,9.647764907137251
9422,9.380517260970814,5.797561493108084,11.241356484406701
9423,35.98157996352215,12.576261728275506,11.626605913804744
9424,0.3343139519362162,11.763218783423639,7.368552045527552
9425,12.133974831420355,4.915248343977567,11.674890910298636
9426,35.96514370062669,27.40652042525153,8.972442741519062
9427,2.8530151287322947,16.76745761020771,10.826031472867063
9428,4.249360552929746,11.417617321084306,8.592408335875474
9429,7.21921533264081,7.866184017358341,13.154137743714386
9430,20.708345318209748,6.50597893779931,9.15521009018802
9431,6.011336769095089,7.569845282072082,8.49932109820952
9432,4.469676481438114,13.957742199730456,9.336474174214784
9433,3.1925467587634384,13.47762610837581,10.794795001783251
9434,5.70469664425634,11.199641122357216,9.88800151672766
9435,12.524294445297466,6.5891752005785476,9.835632685148628
9436,10.71679084430402,8.467353381621567,10.30775384320554
9437,45.53597740453161,7.188481401034542,13.525080721531275
9438,18.82237945858856,7.636981807411513,11.44176031873988
9439,9.272227358467276,12.340607238319366,11.368234495938468
9440,18.158603236672143,3.6984269270718797,7.465288484260573
9441,49.18989180959399,7.424963850360044,11.246049811746024
9442,12.448177075147457,13.21014372768901,10.058362231142093
9443,1.504828190036818,4.761702048336194,11.198943914848119
9444,0.17052241138664348,7.364943972895112,7.9028612621107595
9445,56.387165584804755,13.46709444086432,9.34798838064116
9446,1.4308266200579502,11.730091512141696,8.996838265160259
9447,6.930524022292626,7.659836187324492,11.432353251311584
9448,13.810808110773138,11.615595368291608,7.81065394276324
9449,4.983131563898451,6.579424866054491,11.182823815974299
9450,6.185914878445566,3.6235459650350648,11.0518930605941
9451,12.782652274660732,14.026704352931915,9.442761246034788
9452,12.58166672426554,10.12466546446693,12.767252828268424
9453,21.98247748421679,8.71990123549018,11.596372526576754
9454,4.996215750239269,4.443897546785193,7.7442360006785576
9455,3.014563098820371,10.332683950199003,8.907400446865745
9456,0.9223544446164281,8.728459248899496,9.895395730402015
9457,3.160001585670995,15.168962611819259,11.074874179051202
9458,1.66697884261447,3.4730535836526166,10.187851092141527
9459,9.330171067850278,4.534954688544428,7.6015442630228005
9460,20.015703943071788,8.654246167742267,9.834827810810582
9461,7.175553609272909,18.833479910993386,13.104934122493185
9462,1.1678259739490577,13.784212744156894,9.272242917799122
9463,1.676470628996135,7.7856771468739225,11.246774455254858
9464,5.310075793138696,8.767519879247413,10.195669756271075
9465,19.796900384948493,9.618655490276854,8.546057306706
9466,22.873474863363814,11.081210248856692,10.090426680066825
9467,10.60610444327936,12.721846326474772,10.47555172786063
9468,0.40569854479507345,9.141784938324598,9.847469466534347
9469,22.79324728478387,6.02403385017784,7.2240539635626355
9470,11.153799975013428,10.204194463035275,7.858666741943183
9471,0.8288864506315037,5.549671263794577,8.860622244544775
9472,5.10819084023325,16.50086189714856,7.3716006046000695
9473,0.8877921497900232,3.608565382076589,8.362443060054568
9474,7.051999275285801,10.48823289471506,6.579079355121265
9475,13.782699635098034,7.601214618463712,11.580526321284905
9476,3.4236676515244118,8.832412324221277,8.894098356070515
9477,11.404444609216728,6.120228110647228,6.309415218217708
9478,4.504269809796849,4.544752455878237,12.009885166603857
9479,3.8599567746156964,4.738608271591791,8.041208620096503
9480,0.023180341302905753,12.252042198119442,7.399492636699613
9481,7.686547187527057,6.428301255248042,8.981853389014955
9482,0.630387126278171,15.335722845036372,11.253914658776122
9483,13.818720780841133,10.506196834155148,10.682937986594991
9484,2.4082440761896207,15.15833554343828,13.102972088749821
9485,15.201690741268203,13.726002318770199,11.291221194207932
9486,7.17639342101968,8.246602379643168,8.914094633991478
9487,8.159545274252125,7.902299694762474,7.583710202125109
9488,0.03750138627547922,11.563283565475135,7.341342456290164
9489,0.9320361259586687,12.692509410509238,10.105619073715134
9490,2.5251727236420174,17.64683143703601,10.518392190147551
9491,32.415627154601424,2.837564761549382,9.681267333473295
9492,3.322992923353618,4.846835992950388,10.25627334421469
9493,23.441776432592114,5.173209154017515,13.437056331798034
9494,7.102964941842977,13.996023159764027,8.99671738550399
9495,0.7877747447037043,7.533635066132781,10.479810097115186
9496,2.865972202226435,14.649164311225508,11.219628427913262
9497,4.9644130609560655,9.185038187385729,12.046590833138806
9498,0.9835222749314898,9.998135328094321,7.696574502442429
9499,3.2059440772269334,2.8864888389917702,8.42537214657309
9500,24.369048904938996,8.575355474496362,10.692412270350912
9501,13.844469727711017,10.939362107729512,14.162919894183851
9502,3.611850506069846,17.425727315816324,10.021645100389172
9503,6.735690175443906,20.015278699927215,8.352773930983526
9504,4.675337564275414,6.087514001318814,12.141326293022901
9505,2.8282821232089437,4.232271848119179,12.152820126749308
9506,3.6877628731722925,12.490619041200336,6.5095947410338955
9507,2.3234731913587834,15.378787089070764,9.053684711863076
9508,19.074742646908028,10.863093676000785,10.990724738306897
9509,7.3773850623123565,6.703121778695442,10.96843590477894
9510,14.413314257954664,9.484595160163172,11.667403215324994
9511,6.403993731361173,6.158765958161866,9.261382423695538
9512,16.819528829304023,8.301139094685475,10.172960860636477
9513,23.695214531864597,15.999369761429971,5.299972761975564
9514,3.4778224646131606,7.851171580083225,9.551506904757733
9515,3.0847980954467444,9.895254164652325,8.780495563396398
9516,4.972448804340215,13.257800114777192,10.685965345546043
9517,16.70172408876947,9.9828882187605,10.559423708727387
9518,7.7498583413670925,15.81338371527165,9.428632428755634
9519,6.476920448998886,8.327747572173925,11.895779138704425
9520,5.583813434368778,12.80902861811902,9.645862001640275
9521,2.0255293319685395,11.90192726566358,6.831013368346998
9522,0.4600968536030507,16.997761184060256,9.391970367065012
9523,1.6200578631987512,32.979028887067955,7.9429053886642675
9524,3.534174963700684,8.573838360005386,13.018399254299485
9525,3.569051764038398,4.988717060025327,9.510269138346331
9526,7.801201529347839,17.49410106122445,8.525032155594332
9527,15.849956911773218,12.621712259416096,9.201959098871743
9528,7.421969221249391,4.329110117348772,12.237488426450291
9529,5.940070927787258,8.975663492850401,9.086613162036317
9530,4.580461599051724,4.400319626963681,10.281689499312384
9531,1.5734641988622637,27.657681268486165,8.275931346085633
9532,12.979625100356674,11.613572653868744,10.277416657962538
9533,1.8901421247101668,21.068024018346513,10.046809481483042
9534,1.5099597631214396,19.327268500629874,7.388357684812492
9535,7.014459927138784,14.97641783348983,9.11965904210015
9536,4.36120159293151,10.284512066683668,9.25703748214128
9537,3.8482400714861575,6.070543045830571,10.082570367596666
9538,4.795214517353764,7.918351283389356,10.631941596548423
9539,9.588017455113516,5.975286001173657,10.463862645801264
9540,2.211761273546539,8.054446742225773,8.67870540211707
9541,2.9697145639518774,5.340568779904544,7.974878222041605
9542,9.313970107748304,15.433631962602542,8.148623369405732
9543,13.34796329806388,5.905175578916451,12.370533207153324
9544,30.628646887002574,7.322159964651126,8.66647571064827
9545,9.769123033640927,9.511036332849233,14.900886139544017
9546,3.5542363630765914,5.562291662673207,9.332194125456635
9547,21.56660935534939,12.40316159041108,9.831777929935738
9548,5.291156977775382,5.580952306237716,8.20619026935821
9549,0.6264875721943478,7.640960533718674,11.233918644466693
9550,0.4320692165082913,5.42389527902172,10.949922535380125
9551,2.241110687372795,3.9027758868233873,7.5265758932498645
9552,20.251477614116368,1.2574922196771405,12.609563387500172
9553,19.614890287514612,16.55895758130885,10.935936452912529
9554,15.790786240131927,11.236748184561147,7.854048718279979
9555,20.375216819105795,9.822256146803294,7.6989040787088205
9556,3.1098928257988345,5.431675642825489,7.470099803639865
9557,17.616566092563396,9.718706665924065,11.587535546915655
9558,6.929298945761283,8.162029743223682,9.617009699553972
9559,13.149905086419084,9.874065270658063,9.511586902952342
9560,15.669563661477696,6.3412358517707235,8.502608593420417
9561,7.171402800064037,4.279965346170041,10.797983598168093
9562,7.112473669320258,12.38020975485145,7.784788304601604
9563,18.63813121252979,11.604051849681692,9.207848069290085
9564,7.42163141828107,11.094407749263276,9.460953114763017
9565,14.575213224836832,8.258957929596246,10.051662972597093
9566,5.433615726869004,9.774758575159483,9.057044002039634
9567,3.667299581877236,8.451739384757982,6.786989180758021
9568,1.2883599831922943,13.33362905455316,10.321217130467879
9569,6.066095744873796,11.492271731062504,10.378722756286647
9570,1.0662364221201552,5.909950104964031,10.968972466837043
9571,2.6866892240528775,8.629766987906141,12.103350134293626
9572,5.403348074086198,11.249779876375902,8.973203813766968
9573,14.802831943298253,16.81978121322515,9.527263432237245
9574,6.962897519110056,16.793504667697793,9.933951753144116
9575,18.777707023406027,7.132616983713279,9.657304373898244
9576,24.011651104672172,4.847378852902152,12.558947850328117
9577,0.8714194507245565,9.270446380594242,9.547472665518075
9578,21.675943863048634,11.691062397347775,7.802521332674034
9579,1.8368274821121935,8.809722158816388,12.126578771445805
9580,11.72962361093868,7.816549985150678,12.596734519250964
9581,8.361071197447119,11.982256254527739,8.609493951926162
9582,1.4306423498198484,9.289180678889007,7.896345436745896
9583,9.53974557081916,26.936259778856275,13.049541520969019
9584,1.6290446718528573,10.472622417228532,7.708192856793829
9585,9.934036466423851,11.579445655215594,8.271856615417619
9586,3.8879705199967987,9.670741746157347,8.77354872925799
9587,12.120774693292073,6.267042010850853,6.369516106370847
9588,5.256236302108573,15.068780239897606,9.746021683073849
9589,17.56638526973502,2.115514113022078,9.453603351895554
9590,21.668330627446387,12.381754508759984,10.601342161863126
9591,0.4362429365921581,8.165987921979106,13.911894928981026
9592,19.417352795220133,12.243781661165784,9.750331327880732
9593,1.4683571060121103,4.932733499239805,12.578612358407932
9594,21.567919343463164,10.759284830043638,11.601262655970226
9595,0.6834882798832506,7.435932310730733,12.110057616400917
9596,11.469953402543444,12.989051753095419,6.3045369690624105
9597,11.825782527370468,11.66742577400358,12.819846301975515
9598,12.921730903167633,11.510052856511814,8.66929679422979
9599,1.6058015839154218,7.321224056993747,8.795962385400786
9600,8.049871083815114,18.162805694413716,8.020288980128482
9601,10.314348709480342,13.181441416145256,10.644210991803247
9602,29.80632041338526,10.926233645002753,10.573221565699505
9603,16.327331279503042,9.100399994470626,8.716936701718137
9604,1.9752066380940314,4.209062543213347,11.100457361175694
9605,12.089481182609758,6.854410340422828,7.084423993898811
9606,18.387009932084535,8.113998977155871,13.954753783682614
9607,0.9456557460095599,5.77807462482866,7.687207389688187
9608,16.608285659081996,5.22035830412554,8.733090416823485
9609,8.695504940807472,9.122178485128448,9.596409489813942
9610,8.290085269062304,3.431592014713266,11.031707945125339
9611,3.934517161958411,8.026124760032287,11.477231989727573
9612,0.7229445839741647,10.009488710763849,12.832824916329972
9613,4.11930504320318,3.1902974358395544,10.6650010976459
9614,1.2914305674223296,6.976786814249955,10.802545250397701
9615,0.2850108116231474,23.24926538679797,11.712838152704757
9616,0.15147511364395302,6.275808181591755,10.35433634835346
9617,2.0392000279084885,6.9962061052132425,5.831450769855116
9618,3.429744468728915,6.327118779898484,11.25941920123271
9619,0.7550670211802497,2.5946556099853875,11.047579370444891
9620,3.6392821049515742,7.115941333921066,9.592624872181998
9621,14.599272184273483,6.0229520553387745,10.206555648737822
9622,0.5436931815131274,8.990686568138932,11.312230979310165
9623,7.843492740233062,21.312361697991115,9.509059377480884
9624,5.244108036819256,6.340322433470866,9.21854246397601
9625,0.6730376798771592,1.4826329352755996,9.783724279312791
9626,7.959807247844461,6.306324430835124,10.81437756941273
9627,24.51145866592516,8.39103684923031,10.579067842288499
9628,2.625743688660113,9.48657346395707,8.182255785963418
9629,3.2486134126463404,7.286386061034074,7.02042218531807
9630,23.493736568083808,7.704240750509851,8.144780878176894
9631,3.570936613981426,11.082991482351645,7.44024612810504
9632,7.158233645166222,8.778320403636707,10.925667006179511
9633,4.20556806789865,16.70302341077175,9.310277798747936
9634,29.708357548902136,5.557969568453876,14.032603260666075
9635,0.06522538235281533,17.837227543897487,8.915979542493854
9636,8.009856741835467,5.4455378679606055,11.434915529337704
9637,7.130502594568087,8.545259742572302,12.183936727120242
9638,7.459390695393184,8.756137541620731,8.531466462712046
9639,0.2894098982212011,10.938692187339681,8.98325045924482
9640,2.857007287749192,11.695237843145964,8.246227518317344
9641,1.2508661788590647,8.256126998969613,12.73349658523654
9642,16.636582677113836,6.3915853868839,8.988114464325633
9643,7.859754677979487,6.738228214477699,12.204874323663107
9644,0.6670286960456443,7.473993786560041,11.954496733560786
9645,2.280244655984316,12.615310570736376,8.099353327445844
9646,1.5157809839439451,15.53722766644149,9.135040971972423
9647,20.932566820092607,15.842046018395433,10.205452540729526
9648,3.0479682741736256,19.068570237726654,12.61584148062097
9649,7.2114214573775035,17.465343261640243,12.415052427797669
9650,17.792125517114805,8.902299632717938,15.96550483007893
9651,5.816605610409904,6.1224897473395705,10.30817862873436
9652,0.07886515210172193,8.66198830600036,9.145614838920919
9653,3.963507922115018,6.623041643330021,7.985644471895471
9654,0.6813122706343114,11.306339655660162,10.015596796228746
9655,1.8678654553006735,5.477430575752672,11.026155489385788
9656,9.911660691799899,15.183010774343154,9.875426647171965
9657,9.15345805440167,10.110347028801902,10.7361428005921
9658,0.5804009242387145,10.41307225603832,8.194826860405495
9659,8.0037044006977,3.5381996838213503,11.901849889961056
9660,1.889434527709886,10.09165936343507,8.348627717375248
9661,1.1105624246070684,14.643902069635194,11.670579379145428
9662,5.83880653919037,2.041372928720115,7.778758402786706
9663,4.853779511424866,16.347855826955428,9.268211469408252
9664,8.99393675720369,18.470075599106732,12.627634677312539
9665,18.677869999026885,11.567478718593794,11.537654623237975
9666,10.862175423721398,14.606760852798498,10.457083934293221
9667,4.372983106550792,6.017235456214052,8.773142293261397
9668,1.6573229507135019,10.084633268462483,10.925644406839625
9669,6.157276126061353,13.895998514845417,10.012711247064477
9670,1.663396426828962,3.766891725231935,10.757342113532513
9671,6.163909441135513,15.357302768554344,7.605077195604197
9672,2.667285060768765,2.2979549710785903,11.672917270953242
9673,6.0464179083093965,15.28010916130388,9.510942070374632
9674,18.499363152381207,10.308513786368744,6.265333361817407
9675,1.4722934767851632,8.93864199832454,9.11725902559154
9676,1.3788103418797792,12.282101090066263,10.316413280401262
9677,8.508570032137165,9.298744941142434,10.700533631036706
9678,1.906010906795404,11.354187828531007,9.5157447391828
9679,2.638844028414281,5.444353484312528,10.682099630478938
9680,10.505158441074194,10.566563215312305,10.405373765076552
9681,2.4791219607571073,10.143029320986972,11.092470935669295
9682,8.638938333491172,12.468762850131762,9.228468548380182
9683,21.396145926900278,16.274493832991112,8.396496126932071
9684,27.08521516582118,4.194709611904836,9.697440336656861
9685,7.1544383848965785,8.0114125228973,8.700799871087415
9686,4.64149730337444,12.856199451530642,7.341291650564733
9687,30.17916473652301,7.295733000894693,11.643108086605332
9688,1.3310548010225391,7.310997704020775,11.37094278658832
9689,8.39707581130212,6.806857512822724,9.28892674114337
9690,6.4026495411284605,10.958118352634596,11.426587728229533
9691,4.475978092221144,15.333760862426269,8.748482071374484
9692,12.34978467836326,6.888298317028708,7.314671447524131
9693,1.2843619028578328,12.972372112887175,9.937076349004764
9694,4.373205045064502,6.447125896543062,9.468779793956175
9695,1.981401286108252,6.695886416204478,7.792094469968243
9696,2.8726098212737807,6.381564348317073,9.05659359350157
9697,8.475507521665284,10.643258774928418,10.821183324117518
9698,3.4587168873072502,5.255627377886872,8.603617313335292
9699,9.83287362451285,10.461992197116237,11.495447586100124
9700,15.80190289648884,15.423884984572009,7.769757401339123
9701,8.49497389822171,10.502347416785705,9.391092076437824
9702,26.652880792973054,9.874736664991577,10.717434556622376
9703,17.261580576845887,5.470854987322056,8.166849076700721
9704,9.68555102272984,10.987273802354332,8.101825354464657
9705,9.868870288528887,8.917063239572526,6.0723697097430405
9706,14.15430422273806,14.747879631266901,12.87393939026109
9707,2.9628174187629863,14.156237894167134,11.319708316387914
9708,0.44729359073500924,15.44061130097025,7.010278303141504
9709,15.289898380105646,4.841065230568578,9.100943722421427
9710,3.637480406496555,7.477932883491329,9.830199512871948
9711,20.365495850781354,3.4050513108915874,11.819904405062305
9712,5.455183074203751,8.968691532736397,11.852994046930517
9713,6.178249784746079,10.405756605413266,10.581512710441055
9714,6.392642972228924,7.995478907637626,11.055948489275874
9715,0.7126359888976188,16.695769361700957,10.763405977731669
9716,16.269166217512456,19.55568887905409,10.233411292892807
9717,10.438293210314757,15.53546514039708,8.356717316091153
9718,4.46042988640329,14.814461065684705,10.194189593123166
9719,3.064912520521752,3.939502890694638,7.485299483638173
9720,5.453116156709978,8.541580676869769,9.083671115700254
9721,10.081872787689665,7.442068524599034,11.78818059665598
9722,2.2230733685647457,5.032845801747754,7.445107295681811
9723,5.950218971954705,11.887140292555117,9.78320258370434
9724,5.376192036613712,10.035368927751922,8.04921301921063
9725,1.0004809072787657,9.109459281725512,13.014658014689651
9726,11.682147583314668,4.73113608840745,10.590947969365962
9727,11.118940756542974,8.432250733251356,7.309933636344102
9728,3.285166434776151,10.636926417536426,8.268660287459983
9729,1.938180911999941,7.512440412102427,9.120577896605065
9730,3.531928316542352,11.237027840261394,8.366335938491614
9731,22.58627338474633,9.125244743002161,9.624350172090468
9732,3.8429154417375693,12.218794395846817,9.739524563327828
9733,4.787922523284654,20.71292915108493,8.818460803522875
9734,32.92015983136567,9.209970633564618,8.710985978466466
9735,4.6072498472497205,10.15325040599129,10.56922228707133
9736,13.012719381087088,9.960202734168655,7.567503069611569
9737,3.771966842186376,6.959031230084665,10.63030206487786
9738,1.8863109308456418,15.551581170099118,7.590424184941105
9739,5.159761277123474,5.341467611280482,11.048319085033857
9740,4.157640502645814,5.6706466335587695,11.19723432948098
9741,8.630005406525939,14.077397641038857,10.925391934670015
9742,7.673781603554512,13.756191428720365,8.361320309052042
9743,9.86969066748039,17.974623113421252,10.17994467986524
9744,4.147480517897334,11.069722616606917,7.979991160793843
9745,15.2340804199503,7.864095065143202,9.994688135350977
9746,20.646392399050686,7.063356580896885,10.925702316102907
9747,7.404588743179512,7.593932440262373,7.117007636941417
9748,32.88342701521852,7.208485556864536,11.536266471728485
9749,2.839263459779615,8.53008492275422,9.36636504690848
9750,4.968800747093624,3.7633838594167175,10.351119116077593
9751,4.0376760268647,7.50048635582156,5.995900278880759
9752,13.485542048702163,3.87927142235162,7.046932985966736
9753,6.408903687155134,10.634868216794484,9.989562605039437
9754,5.570904566953053,3.504870568239178,8.82274649374928
9755,4.015462928051425,10.126661108625783,8.99312435692864
9756,2.238353004457051,1.852521264795503,6.93559353350234
9757,7.868084528047996,17.29234600118107,12.485868539582288
9758,2.1906643924372173,5.690365226898981,7.742567011463281
9759,13.614339458706212,7.614626591829442,9.910505626440967
9760,0.44158300065070516,7.039202605490592,10.933549125868135
9761,1.5329870890511992,11.2119641661283,7.880842339157455
9762,10.726147564806903,4.54271312094196,10.842632547300946
9763,5.367484627062262,7.694623660719702,10.931654524142465
9764,6.84857071046008,9.988379247839074,8.293685485805872
9765,3.536392158198781,5.134939614145779,5.9464446272299165
9766,12.498599953499154,8.898132905111495,9.92469325453611
9767,18.607795744162253,8.010518595001399,8.217648836422395
9768,14.11633980451084,15.621354819066173,11.544084349611868
9769,13.067562128203605,17.393540334060752,8.875960614126974
9770,2.528382074674466,13.183589676572112,10.095027511560081
9771,17.515977424188506,12.152067197879768,11.570724770074214
9772,18.26909888214603,9.832263756895747,8.651936742397101
9773,1.7868164840626843,10.681957417755635,7.602566666796333
9774,11.806343080119214,19.978129880679155,10.022810974383454
9775,21.530528587633302,5.226347516586321,10.066503550524413
9776,12.223320628173452,10.134882265112351,11.051610345513227
9777,5.649922989308839,10.630994448554612,9.232817011762105
9778,9.306339311953302,10.381670713188042,9.025421173459735
9779,5.467512569583673,11.964259043912445,10.974907293760147
9780,4.586614579784809,7.43022916180383,9.843019077431148
9781,8.971897435781004,9.944571195908946,9.004210287027178
9782,11.719575440622709,6.028451191586521,9.791440678891098
9783,17.242011325956767,2.887716384021642,9.059673764875878
9784,6.957820774769335,14.80585875804012,10.012522652084506
9785,9.135750322285153,7.928283708661029,13.406730649933616
9786,0.3269340634492403,7.90368023254845,11.86702108008224
9787,13.003448957162597,16.63968474137803,12.684728741470702
9788,5.42895950063971,3.8648488904321523,11.043098702341812
9789,1.0055612402629295,13.164806272224387,9.041834691981757
9790,14.522478941319644,3.0506311210452774,12.289531541493918
9791,9.237404650543267,6.1539347109330995,10.82694254515589
9792,14.077203712291183,11.461147828165469,10.250673707411858
9793,0.5342684148182882,11.258246291504728,13.553966080731357
9794,3.5846117556909487,2.7311523136733604,12.091279306158457
9795,12.507668125535215,9.037926736383715,12.792079449606094
9796,0.9725756792148167,4.234205095560471,10.350219778174344
9797,5.694639546917612,8.00646502612255,9.19947484264413
9798,1.2948860812044465,4.148129170257018,8.59256065002352
9799,3.3929733046895265,5.582669004791545,9.94158950863797
9800,11.897376545815954,9.819803843564966,11.747835372458514
9801,2.199731862813873,5.799860476236548,9.151474729815858
9802,21.686216966973603,5.013570356082429,12.323204147511325
9803,2.5289986464295957,8.146411498943918,12.172930198802675
9804,4.947226074096589,13.005484294268921,12.053308561124718
9805,0.9251581836723705,10.115623364138276,8.350913484686686
9806,2.650409502118368,14.117654493893932,9.859460104955664
9807,3.0479045693366236,23.01918335673746,10.224231292515322
9808,10.417144465871747,5.766381631932606,9.930265424689916
9809,5.60886840788031,4.853724614755274,8.082966558791128
9810,3.5394459606357356,15.977884185415192,10.48124355383204
9811,10.742581533292027,16.44554712392796,11.60962686509871
9812,0.4721174647314025,5.969443912217529,8.976073690556891
9813,3.9363608039835474,7.5767402856410415,9.527761183020854
9814,6.330093259715035,13.93970244808258,13.385229747137664
9815,27.992698296524054,11.450639979483585,5.081943730912925
9816,11.422739395415455,15.505578512065622,10.258066801466983
9817,8.95951884696145,5.409504310526139,8.73115913115757
9818,16.627731337820798,12.130754249010772,6.504679250350931
9819,10.957482673594656,4.595807311300579,10.165591808123025
9820,6.597399335615983,15.025447683482165,12.915640731806056
9821,4.665004339904796,7.380237725625737,10.12249383537386
9822,6.98648484933299,6.736522934458239,12.481738345990754
9823,4.01385364769391,14.252627768550383,10.581416447509847
9824,0.22583069732134464,4.316012221439236,13.068779550048639
9825,1.5160965804592645,11.177097614395986,13.424640116818047
9826,36.78230709630633,10.101440462779683,8.720775586528683
9827,11.461099473555274,5.4987657221127675,10.465488056745349
9828,17.177634856598736,6.922122337569471,11.10834509664465
9829,15.8478419762864,8.691129336816429,8.448352617642417
9830,1.7229416351801465,19.0210060807665,13.790292766235757
9831,29.56444638493036,2.9660970312416812,8.194600887924848
9832,4.468354591547284,7.927982065794727,11.70473597850193
9833,33.41466169269593,6.589088241781161,9.701378952101248
9834,10.134696263668733,3.805440873779768,6.9427838648638796
9835,22.469621421513768,12.905113088733057,9.766338680443265
9836,2.6213274239041437,9.190610682998724,10.640227327981295
9837,8.575179389709504,14.253527221955597,11.418399850883953
9838,14.204847279281902,8.638801888864577,9.367566201924353
9839,1.018736928737875,17.720355604603814,9.86463289615975
9840,5.288235266595758,9.813403959849314,8.016386060070333
9841,0.07071320595795627,9.621479548598002,12.590961647455176
9842,10.368304335398891,17.379082720090473,15.074712772544803
9843,2.487289709685717,12.918796862376507,8.180869873733025
9844,11.944290575896964,14.165772021424758,10.550394310038223
9845,3.6447939007819845,12.53992729274865,12.341791077684496
9846,7.3673411426123225,16.9393938534509,11.704083063786525
9847,3.4266002942229004,7.359628194657057,8.901906630727007
9848,0.38936797300167225,5.218115425717695,7.220305912463582
9849,7.351618380010563,12.922515215147769,11.13694996527842
9850,9.168156184413325,15.287428270672113,5.999824064260777
9851,10.122821960261549,8.7599523724669,9.587214945799252
9852,18.359962546779894,3.467403762051032,7.932667267990529
9853,2.7335478921440957,12.768569927384544,10.555622984848643
9854,11.550755293432356,7.299902764618028,13.864782815785757
9855,7.18257799313991,8.957744652424934,13.659904922744936
9856,9.661076415077634,3.1961723462642815,10.754466275985362
9857,1.6079291106707623,10.488935075402772,11.588962779199424
9858,0.29469012817791035,6.0841357695995475,8.69641525802241
9859,0.047821663270213574,9.322689527463394,11.695256701838236
9860,5.187414566884534,13.572625897439584,10.532820247232424
9861,1.6588728439746807,12.770761692575874,10.0471370730354
9862,7.210941715322517,9.302956297185956,12.129679516808455
9863,1.482868615236644,17.577089916877778,8.504343950135627
9864,1.1473117336069893,2.9723836280992857,8.351592412705413
9865,21.24093176096612,10.14980262512696,8.969987414763564
9866,0.9614502248814107,3.7786145382024756,9.484208052536902
9867,1.6444322283227808,9.213920441998914,10.78500837656662
9868,10.476795528104553,8.929490566684464,12.350911499130957
9869,4.392240509802117,8.29641897538028,9.755436923328922
9870,3.0865277291561646,7.012090217281056,10.414044047758132
9871,0.49122817815753383,13.455488850442023,12.983068498575312
9872,8.858484200932851,9.447445055369895,9.406433229785717
9873,0.3630720110475318,10.398225402285473,8.053431789591132
9874,2.928728223828717,16.338421998836438,8.648413897321737
9875,2.12575307243162,12.594825533318712,8.383618674544097
9876,6.90589888010815,8.586939895175878,13.09734365720796
9877,5.738417810430675,7.408685926002204,7.940103544107575
9878,3.6935200266799173,6.136234094853038,12.567654005601522
9879,24.163927254232973,5.849818489395768,9.451327159745826
9880,4.311739631870093,7.64354637192246,11.562241056017548
9881,19.82637157179928,10.369243612284805,9.640635978909833
9882,2.829246098883468,9.634872714671644,7.771731276884263
9883,1.5436762321121078,4.164440168722907,7.413829545879632
9884,2.3610283851441958,2.9260241283755035,11.944437646681758
9885,7.591641418526979,19.66950256688373,10.078568047713388
9886,13.709745823585939,9.37914413470289,8.874837015722697
9887,4.246082939866935,9.657516457059232,10.669583628824949
9888,5.922201913401986,7.822398212845475,9.21053051305041
9889,12.074103956450639,12.50531953010903,12.873560134318678
9890,1.6661287979068857,13.42806831717102,5.9729685085871775
9891,22.16840218025376,22.280618805728615,10.272467275046585
9892,32.177123603437536,1.8543925652015076,10.039135195136225
9893,1.1045286250727575,13.716571732108568,13.188411447654993
9894,2.1892742360747466,11.616803165993431,9.04203512742411
9895,14.35035535258569,24.866315051531057,11.514841508062046
9896,5.137688362519135,13.748457236660977,9.699126661608672
9897,34.362027758184034,8.02013239318171,6.518608549329569
9898,2.3011701477182656,8.25155322228824,11.60882099566373
9899,0.8960413601811734,3.876707798986353,9.339104032054582
9900,1.4455994498630422,7.146010416704629,13.478110402497459
9901,3.221025372190769,10.568950090867864,9.971766689170364
9902,9.263296300109724,11.383448914832796,10.863092129210475
9903,29.299601957521926,5.2347153673609395,12.348924380238495
9904,3.365698550772183,14.80926395900967,10.046646648011626
9905,10.210138556488264,6.071704392509486,8.031752040626708
9906,0.06824121502963149,7.9923565276133335,9.84169408254807
9907,25.805204071758663,7.206744111865293,11.974558656018566
9908,1.235644146435663,15.254533314539348,8.302844471087864
9909,15.967296029197913,10.487374172108689,9.835586826402158
9910,0.6297867888956863,9.003554387064398,6.9865375837634485
9911,2.419050970040034,7.295352607504606,11.395384832970594
9912,22.138394261069696,11.442307671280481,13.706157830014366
9913,4.134909116757754,8.420725553928794,7.990968733346387
9914,3.7712029879499642,3.1811971755605546,9.378310403938533
9915,4.290821690588745,3.8311496851936107,9.162966928211203
9916,6.901697804594534,11.352935860104488,8.26442188365199
9917,5.704395898958164,8.330014984877035,6.246552829267531
9918,26.724340603883945,8.960979991162707,8.845115806432501
9919,4.443380532254378,9.66764875068375,11.986904009238009
9920,7.893115543615081,19.141875346496953,9.785066094564593
9921,3.01581469160299,6.747022510003679,10.91407377383244
9922,3.103364298285105,5.269927084638367,10.176934348086265
9923,8.658097119299992,4.4058788395126545,9.721043503059061
9924,5.041279847422591,15.227634155544314,11.848579224482476
9925,0.006702013622012834,2.9043680173699364,7.4350325075137915
9926,18.14292953245031,16.501329116558225,10.974682975908365
9927,6.478379401621473,7.5329013771319016,8.2146893094588
9928,1.2029673876018203,8.103884397404238,9.764757168935729
9929,11.364361137377749,2.3900123231254464,9.507705890928813
9930,6.850667438130733,17.573245870388085,10.431921775870375
9931,11.641754712145742,14.852467014594371,11.134703224529916
9932,10.593882396814926,3.8550940435076897,9.810890683708111
9933,11.867355111915563,4.528670784832171,10.614410322872603
9934,2.3094015328420356,10.609738019202926,10.491313267012083
9935,0.5739776232716961,7.250347585539504,9.192866149406118
9936,8.639453626517861,22.62795059455909,8.463322591341147
9937,8.414144841456546,3.931311399813194,10.108664476561538
9938,15.814912685885096,9.620553207101853,8.523735876804372
9939,10.52843700146513,22.301006802051194,9.258116501822762
9940,15.96015934512319,15.160713504435487,11.38450694485257
9941,0.2863176578619187,11.102581393185812,9.051196061566515
9942,1.7132323511164194,7.229220936997448,8.162690660376859
9943,2.9834516159460622,7.175965813489819,11.664164318967481
9944,1.42457253626614,7.261679334455442,10.586558829213171
9945,2.8694811599258485,7.197258061789805,7.213667726355597
9946,4.872698128547608,14.95194981155357,10.178497186457484
9947,1.8764132173200214,6.325681954241768,7.976966438921894
9948,0.07803175370376045,9.63614086568507,10.27862168935898
9949,2.368916224391799,3.9666321403040596,12.381426138685814
9950,0.7964024307393861,11.393271503193898,9.644125125984736
9951,1.0801663771187093,6.35813625467353,7.175838252266015
9952,4.904876426669656,11.201476875244836,10.60662414251316
9953,11.885533386916402,4.534256186971252,8.00042766918732
9954,9.571359609366512,17.226340987710113,6.769816815590427
9955,4.5221394722292265,15.382539813498473,8.247517848369633
9956,3.7723572616088497,11.261490593822177,5.956444326202861
9957,4.130781685183495,17.41601909339368,12.806825089912731
9958,1.492787450766594,11.399010626543436,8.909817668852083
9959,4.963360904186241,20.589229447444065,8.707234855950144
9960,14.812499687918388,8.231475012029552,12.489392428492883
9961,3.941833289577286,5.774479560492809,7.093661975175966
9962,6.436752604018836,10.208011781829399,11.886441624175363
9963,10.884569713249528,11.00157657236336,10.152955855302988
9964,4.0405251568072735,10.980307280420833,8.820359172932672
9965,3.6855648670364314,5.915470393172045,10.51098430951067
9966,6.682849616875244,9.237705741743591,9.963421963485318
9967,1.9408304385323967,20.47108584494414,9.333769163914827
9968,2.2152010263665867,9.56169398355211,7.889621308629249
9969,2.9425697849840726,7.203023134709402,10.186723091278228
9970,22.141560662481627,8.46388778363216,12.085761819713214
9971,18.404096486638633,7.2760935562147795,9.348859032643372
9972,14.427808110967659,10.786127739488403,11.124165107713882
9973,15.732744260438826,9.552708556414641,10.077818474144077
9974,12.897793992816716,15.597684905721815,9.100701953742504
9975,0.007104085249395248,6.819617665009415,10.468360203838746
9976,3.1380445352270945,6.863960840227946,10.556344998901285
9977,2.6201375988873443,5.288400642186476,9.433470008545397
9978,7.829009439305082,10.721003003452793,10.102148510585339
9979,6.245535741142635,8.891867728307648,10.31082789156336
9980,4.339739318449125,4.0844463917016585,11.477840951400431
9981,4.1347521397426314,11.244123088728958,8.813364616322652
9982,10.029585975897456,9.774234716180384,11.030881629079648
9983,20.566909993013745,14.939943015693341,7.617565753663105
9984,9.117766673942018,7.973231630894995,9.482664315878903
9985,11.089749822402025,6.384717294748068,10.243043824814643
9986,6.974551455284366,7.274070032705095,7.172860924887086
9987,16.17889354482327,8.814755373885816,9.12431923476958
9988,4.6108323697719324,13.393758389867008,12.155593643535957
9989,7.712266505707719,7.1024814391376605,14.716392503138442
9990,8.678945862796047,11.05936005352933,8.908062660963935
9991,10.787142702275224,10.310661452791393,11.392137191088388
9992,1.8944529561528916,19.085427311958227,7.205037948035182
9993,18.081392550247656,8.539084358564915,8.96007414292891
9994,10.305125321348646,4.637276847831582,14.746440913995887
9995,0.7772678625416942,9.188172087045334,9.360678552897816
9996,3.335086944973543,12.941240286939234,9.520453273921083
9997,3.0128340417985724,8.802958094856535,8.750744291638132
9998,4.535680786349056,12.00590942373989,10.292126864651104
9999,0.17390923028260374,9.776569335392493,10.365987197996622
10000,2.5335651781330437,13.556732706301005,9.191726003455289