rep,ort5,z5,ort30,z30,ort100,z100
1,9.0,-0.6915887189536768,10.033333333333333,-0.4570977111919917,9.45,-2.1094097198389448
2,9.4,-0.49611283774673404,10.766666666666667,0.4207319264341757,11.28,1.89003110897569
3,12.6,1.0676942119088062,11.133333333333333,0.8596467452472573,10.23,-0.40473002231139316
4,10.4,-0.007423134729377606,10.7,0.34092923210452236,10.87,0.9939815243778753
5,13.6,1.5563839149261627,11.066666666666666,0.779844050917606,11.2,1.715192165639531
6,9.8,-0.3006369565397913,9.9,-0.6167030998512941,10.14,-0.6014238335645716
7,11.0,0.2857906870810361,11.166666666666666,0.8995480924120828,10.45,0.07607707186304132
8,13.6,1.5563839149261627,11.533333333333333,1.3384629112251665,10.44,0.054222203946021924
9,8.4,-0.9848025407640905,9.2,-1.4546313903126358,9.96,-0.9948114560709285
10,9.8,-0.3006369565397913,10.066666666666666,-0.41719636402716614,10.42,0.010512468111983128
11,12.8,1.1654321525122782,11.5,1.298561564060341,11.03,1.3436594110501934
12,14.4,1.9473356773400483,10.366666666666667,-0.05808423954373362,10.39,-0.05505213563907506
13,10.8,0.18805274647756515,10.066666666666666,-0.41719636402716614,10.52,0.22906114728218097
14,12.8,1.1654321525122782,11.366666666666667,1.1389561754010384,10.86,0.9721266564608559
15,13.4,1.4586459743226918,11.233333333333333,0.979350786741734,10.48,0.1416416756141034
16,9.4,-0.49611283774673404,11.1,0.8197453980824316,10.34,-0.16432647522417593
17,10.4,-0.007423134729377606,9.7,-0.8561111828402498,10.6,0.40390009061834004
18,8.4,-0.9848025407640905,10.833333333333334,0.5005346207638268,10.43,0.032367336029002526
19,12.4,0.9699562713053353,11.0,0.7000413565879549,10.35,-0.14247160730715652
20,12.4,0.9699562713053353,11.0,0.7000413565879549,10.84,0.9284169206268171
21,10.8,0.18805274647756515,11.3,1.0591534810713874,10.63,0.4694646943694021
22,14.0,1.7518597961331055,11.3,1.0591534810713874,11.0,1.2780948072991354
23,11.8,0.6767424494949216,10.566666666666666,0.18132384344521996,10.58,0.3601903547843012
24,12.2,0.8722183307018635,10.633333333333333,0.26112653777487116,10.89,1.037691260211918
25,12.4,0.9699562713053353,10.2,-0.25759097536786374,10.12,-0.6451335693986143
26,12.0,0.7744803900983925,9.933333333333334,-0.5768017526864685,10.41,-0.011342399805036268
27,7.6,-1.375754303177976,8.966666666666667,-1.733940820466415,10.14,-0.6014238335645716
28,13.2,1.3609080337192199,13.0,3.0941221864774993,11.84,3.1139037123288036
29,12.6,1.0676942119088062,12.133333333333333,2.0566871601920296,10.07,-0.7544079089837112
30,10.8,0.18805274647756515,11.1,0.8197453980824316,11.09,1.4747886185523138
31,9.6,-0.39837489714326313,12.266666666666667,2.216292548851334,11.22,1.7589019014735736
32,9.6,-0.39837489714326313,10.866666666666667,0.5404359679286524,10.15,-0.5795689656475522
33,6.6,-1.8644440061953325,10.366666666666667,-0.05808423954373362,10.26,-0.339165418560335
34,10.0,-0.20289901593632037,10.7,0.34092923210452236,10.96,1.1906753356310578
35,11.4,0.48126656828797887,10.8,0.46063327359900125,11.03,1.3436594110501934
36,9.4,-0.49611283774673404,9.233333333333333,-1.4147300431478103,9.31,-2.4153778706772204
37,10.4,-0.007423134729377606,9.966666666666667,-0.5369004055216429,10.34,-0.16432647522417593
38,9.6,-0.39837489714326313,10.633333333333333,0.26112653777487116,10.72,0.6661585056225805
39,10.0,-0.20289901593632037,9.833333333333334,-0.6965057941809453,10.7,0.6224487697885379
40,9.0,-0.6915887189536768,9.733333333333333,-0.8162098356754242,10.01,-0.8855371164858316
41,8.0,-1.1802784219710332,11.133333333333333,0.8596467452472573,10.63,0.4694646943694021
42,10.0,-0.20289901593632037,9.733333333333333,-0.8162098356754242,9.78,-1.3881990785772893
43,12.8,1.1654321525122782,11.533333333333333,1.3384629112251665,10.46,0.09793193978006459
44,9.6,-0.39837489714326313,9.6,-0.9758152243347266,10.04,-0.8199725127347733
45,7.6,-1.375754303177976,9.533333333333333,-1.0556179186643777,10.79,0.8191425810417163
46,9.4,-0.49611283774673404,10.6,0.22122519061004556,10.71,0.6443036377055611
47,9.0,-0.6915887189536768,10.666666666666666,0.30102788493969673,10.8,0.8409974489587396
48,10.0,-0.20289901593632037,10.2,-0.25759097536786374,10.13,-0.623278701481591
49,9.6,-0.39837489714326313,8.666666666666666,-2.0930529449498474,9.26,-2.524652210262321
50,10.6,0.09031480587409334,10.833333333333334,0.5005346207638268,10.85,0.9502717885438365
51,12.2,0.8722183307018635,12.033333333333333,1.9369831186975526,10.72,0.6661585056225805
52,10.8,0.18805274647756515,11.2,0.9394494395769084,10.78,0.7972877131246969
53,9.6,-0.39837489714326313,11.7,1.5379696470492945,11.06,1.4092240148012556
54,8.2,-1.0825404813675623,9.666666666666666,-0.8960125300050754,10.41,-0.011342399805036268
55,7.4,-1.473492243781447,10.566666666666666,0.18132384344521996,9.76,-1.4319088144113281
56,11.0,0.2857906870810361,10.7,0.34092923210452236,10.43,0.032367336029002526
57,11.0,0.2857906870810361,11.2,0.9394494395769084,10.08,-0.7325530410666918
58,11.0,0.2857906870810361,9.966666666666667,-0.5369004055216429,10.51,0.2072062793651616
59,12.0,0.7744803900983925,12.066666666666666,1.976884465862378,10.49,0.16349654353112278
60,10.0,-0.20289901593632037,10.933333333333334,0.6202386622583036,10.36,-0.12061673939013713
61,10.6,0.09031480587409334,10.333333333333334,-0.09798558670855922,10.85,0.9502717885438365
62,10.2,-0.10516107533284942,10.566666666666666,0.18132384344521996,10.55,0.29462575103324307
63,3.6,-3.3305131152474017,7.933333333333334,-2.970882582576013,9.37,-2.284248663175104
64,10.8,0.18805274647756515,9.933333333333334,-0.5768017526864685,10.53,0.25091601519920037
65,11.6,0.5790045088914498,10.6,0.22122519061004556,10.7,0.6224487697885379
66,12.6,1.0676942119088062,11.066666666666666,0.779844050917606,10.77,0.7754328452076775
67,8.6,-0.8870646001606196,10.166666666666666,-0.2974923225326893,10.25,-0.36102028647735435
68,9.4,-0.49611283774673404,10.833333333333334,0.5005346207638268,10.13,-0.623278701481591
69,6.8,-1.7667060655918612,9.266666666666667,-1.3748286959829825,10.68,0.5787390339544991
70,6.8,-1.7667060655918612,8.633333333333333,-2.132954292114673,9.73,-1.4974734181623863
71,14.4,1.9473356773400483,11.9,1.7773777300382503,10.8,0.8409974489587396
72,12.2,0.8722183307018635,10.2,-0.25759097536786374,10.65,0.5131744302034409
73,11.4,0.48126656828797887,11.433333333333334,1.2187588697306897,10.2,-0.47029462606245526
74,8.6,-0.8870646001606196,9.2,-1.4546313903126358,9.93,-1.0603760598219907
75,12.6,1.0676942119088062,11.833333333333334,1.697575035708599,10.8,0.8409974489587396
76,5.6,-2.3531337092126887,10.966666666666667,0.6601400094231292,11.1,1.4966434864693332
77,9.4,-0.49611283774673404,11.4,1.1788575225658642,10.61,0.42575495853535944
78,8.6,-0.8870646001606196,8.6,-2.172855639279499,9.96,-0.9948114560709285
79,12.0,0.7744803900983925,11.433333333333334,1.2187588697306897,10.8,0.8409974489587396
80,11.6,0.5790045088914498,10.7,0.34092923210452236,9.89,-1.147795531490068
81,9.6,-0.39837489714326313,9.366666666666667,-1.2551246544885057,10.97,1.2125302035480772
82,9.0,-0.6915887189536768,10.8,0.46063327359900125,10.58,0.3601903547843012
83,8.4,-0.9848025407640905,8.733333333333333,-2.0132502506201964,9.82,-1.300779606909208
84,10.6,0.09031480587409334,10.6,0.22122519061004556,10.85,0.9502717885438365
85,7.2,-1.5712301843849183,9.566666666666666,-1.0157165714995522,10.1,-0.688843305232653
86,6.2,-2.0599198874022746,9.566666666666666,-1.0157165714995522,10.02,-0.8636822485688121
87,9.6,-0.39837489714326313,11.2,0.9394494395769084,10.35,-0.14247160730715652
88,8.4,-0.9848025407640905,10.8,0.46063327359900125,11.07,1.431078882718275
89,8.8,-0.7893266595571478,9.5,-1.0955192658292034,9.57,-1.8471513048347044
90,8.0,-1.1802784219710332,10.466666666666667,0.06161980195074317,10.17,-0.5358592298135134
91,6.4,-1.9621819467988035,9.766666666666667,-0.7763084885105965,9.91,-1.1040857956560293
92,8.6,-0.8870646001606196,11.1,0.8197453980824316,10.46,0.09793193978006459
93,7.0,-1.6689681249883896,10.366666666666667,-0.05808423954373362,10.55,0.29462575103324307
94,9.4,-0.49611283774673404,8.866666666666667,-1.8536448619608918,10.46,0.09793193978006459
95,13.4,1.4586459743226918,10.3,-0.13788693387338483,10.3,-0.2517459468922535
96,10.6,0.09031480587409334,9.666666666666666,-0.8960125300050754,10.9,1.0595461281289373
97,6.0,-2.157657828005746,8.666666666666666,-2.0930529449498474,9.78,-1.3881990785772893
98,12.0,0.7744803900983925,11.366666666666667,1.1389561754010384,11.1,1.4966434864693332
99,6.4,-1.9621819467988035,10.466666666666667,0.06161980195074317,10.64,0.4913195622864215
100,8.4,-0.9848025407640905,10.6,0.22122519061004556,10.35,-0.14247160730715652
101,12.8,1.1654321525122782,12.666666666666666,2.695108714829241,10.22,-0.42658489022841256
102,11.8,0.6767424494949216,10.266666666666667,-0.17778828103821043,11.37,2.0867249202288685
103,9.6,-0.39837489714326313,10.433333333333334,0.02171845478591757,10.94,1.146965599797015
104,10.0,-0.20289901593632037,10.033333333333333,-0.4570977111919917,10.42,0.010512468111983128
105,13.2,1.3609080337192199,10.5,0.10152114911556875,10.44,0.054222203946021924
106,12.6,1.0676942119088062,11.033333333333333,0.7399427037527805,10.14,-0.6014238335645716
107,8.4,-0.9848025407640905,10.6,0.22122519061004556,10.69,0.6005939018715185
108,10.4,-0.007423134729377606,10.866666666666667,0.5404359679286524,10.84,0.9284169206268171
109,8.0,-1.1802784219710332,10.633333333333333,0.26112653777487116,11.0,1.2780948072991354
110,9.8,-0.3006369565397913,11.2,0.9394494395769084,10.7,0.6224487697885379
111,9.2,-0.5938507783502058,9.633333333333333,-0.935913877169901,10.07,-0.7544079089837112
112,13.2,1.3609080337192199,10.133333333333333,-0.33739366969751494,9.61,-1.7597318331666267
113,9.4,-0.49611283774673404,10.666666666666666,0.30102788493969673,10.74,0.7098682414566193
114,10.4,-0.007423134729377606,10.466666666666667,0.06161980195074317,10.48,0.1416416756141034
115,12.6,1.0676942119088062,11.2,0.9394494395769084,11.16,1.6277726939714534
116,11.6,0.5790045088914498,9.1,-1.5743354318071128,9.75,-1.4537636823283475
117,8.0,-1.1802784219710332,10.033333333333333,-0.4570977111919917,10.55,0.29462575103324307
118,11.2,0.383528627684507,8.966666666666667,-1.733940820466415,9.5,-2.000135380253844
119,8.8,-0.7893266595571478,10.233333333333333,-0.21768962820303814,10.19,-0.4921494939794746
120,9.4,-0.49611283774673404,10.466666666666667,0.06161980195074317,10.25,-0.36102028647735435
121,8.8,-0.7893266595571478,9.6,-0.9758152243347266,10.52,0.22906114728218097
122,13.6,1.5563839149261627,10.533333333333333,0.14142249628039436,10.54,0.2727708831162198
123,6.0,-2.157657828005746,7.866666666666666,-3.050685276905665,9.63,-1.7160220973325842
124,12.6,1.0676942119088062,10.633333333333333,0.26112653777487116,9.94,-1.0385211919049713
125,7.6,-1.375754303177976,10.166666666666666,-0.2974923225326893,10.72,0.6661585056225805
126,8.0,-1.1802784219710332,10.3,-0.13788693387338483,10.07,-0.7544079089837112
127,8.0,-1.1802784219710332,9.233333333333333,-1.4147300431478103,10.14,-0.6014238335645716
128,13.8,1.6541218555296344,11.533333333333333,1.3384629112251665,10.74,0.7098682414566193
129,11.0,0.2857906870810361,10.833333333333334,0.5005346207638268,10.38,-0.07690700355609445
130,14.0,1.7518597961331055,11.466666666666667,1.2586602168955152,10.3,-0.2517459468922535
131,10.4,-0.007423134729377606,10.3,-0.13788693387338483,10.54,0.2727708831162198
132,10.6,0.09031480587409334,9.633333333333333,-0.935913877169901,10.19,-0.4921494939794746
133,11.0,0.2857906870810361,11.833333333333334,1.697575035708599,11.07,1.431078882718275
134,9.8,-0.3006369565397913,11.2,0.9394494395769084,10.91,1.0814009960459567
135,10.0,-0.20289901593632037,9.833333333333334,-0.6965057941809453,9.77,-1.4100539464943087
136,12.6,1.0676942119088062,11.833333333333334,1.697575035708599,11.25,1.8244665052246318
137,11.8,0.6767424494949216,10.666666666666666,0.30102788493969673,11.27,1.8681762410586706
138,10.0,-0.20289901593632037,11.3,1.0591534810713874,10.71,0.6443036377055611
139,13.4,1.4586459743226918,10.1,-0.3772950168623405,10.68,0.5787390339544991
140,12.0,0.7744803900983925,10.566666666666666,0.18132384344521996,10.53,0.25091601519920037
141,7.2,-1.5712301843849183,10.0,-0.4969990583568173,10.76,0.7535779772906581
142,7.6,-1.375754303177976,10.966666666666667,0.6601400094231292,10.84,0.9284169206268171
143,11.8,0.6767424494949216,10.366666666666667,-0.05808423954373362,10.99,1.256239939382116
144,10.2,-0.10516107533284942,10.9,0.5803373150934781,10.46,0.09793193978006459
145,12.8,1.1654321525122782,11.466666666666667,1.2586602168955152,10.49,0.16349654353112278
146,9.8,-0.3006369565397913,9.966666666666667,-0.5369004055216429,10.02,-0.8636822485688121
147,10.8,0.18805274647756515,9.2,-1.4546313903126358,10.02,-0.8636822485688121
148,11.6,0.5790045088914498,11.566666666666666,1.378364258389992,11.01,1.2999496752161548
149,12.4,0.9699562713053353,10.966666666666667,0.6601400094231292,10.47,0.119786807697084
150,14.2,1.8495977367365763,10.233333333333333,-0.21768962820303814,10.41,-0.011342399805036268
151,12.0,0.7744803900983925,10.966666666666667,0.6601400094231292,10.54,0.2727708831162198
152,7.6,-1.375754303177976,10.5,0.10152114911556875,10.24,-0.38287515439437375
153,11.4,0.48126656828797887,10.9,0.5803373150934781,10.15,-0.5795689656475522
154,14.0,1.7518597961331055,10.333333333333334,-0.09798558670855922,9.54,-1.9127159085857663
155,8.6,-0.8870646001606196,10.066666666666666,-0.41719636402716614,10.56,0.3164806189502624
156,12.0,0.7744803900983925,11.5,1.298561564060341,11.47,2.30527359939907
157,15.2,2.338287439753933,10.966666666666667,0.6601400094231292,9.62,-1.7378769652496073
158,11.6,0.5790045088914498,9.966666666666667,-0.5369004055216429,10.92,1.1032558639629761
159,10.2,-0.10516107533284942,9.2,-1.4546313903126358,9.78,-1.3881990785772893
160,11.2,0.383528627684507,10.433333333333334,0.02171845478591757,10.64,0.4913195622864215
161,12.2,0.8722183307018635,10.933333333333334,0.6202386622583036,11.06,1.4092240148012556
162,14.0,1.7518597961331055,10.766666666666667,0.4207319264341757,10.43,0.032367336029002526
163,9.8,-0.3006369565397913,10.233333333333333,-0.21768962820303814,10.63,0.4694646943694021
164,11.4,0.48126656828797887,9.8,-0.7364071413457709,10.22,-0.42658489022841256
165,8.4,-0.9848025407640905,10.1,-0.3772950168623405,10.22,-0.42658489022841256
166,11.2,0.383528627684507,10.333333333333334,-0.09798558670855922,10.12,-0.6451335693986143
167,7.4,-1.473492243781447,10.8,0.46063327359900125,11.29,1.9118859768927094
168,9.2,-0.5938507783502058,10.333333333333334,-0.09798558670855922,10.09,-0.7106981731496724
169,10.6,0.09031480587409334,10.933333333333334,0.6202386622583036,10.89,1.037691260211918
170,12.0,0.7744803900983925,9.633333333333333,-0.935913877169901,10.06,-0.7762627769007306
171,11.8,0.6767424494949216,10.4,-0.01818289237890803,10.45,0.07607707186304132
172,9.6,-0.39837489714326313,10.5,0.10152114911556875,10.67,0.5568841660374797
173,10.0,-0.20289901593632037,10.533333333333333,0.14142249628039436,10.61,0.42575495853535944
174,11.2,0.383528627684507,11.466666666666667,1.2586602168955152,10.89,1.037691260211918
175,8.0,-1.1802784219710332,10.466666666666667,0.06161980195074317,10.32,-0.2080362110582147
176,10.4,-0.007423134729377606,10.433333333333334,0.02171845478591757,10.37,-0.09876187147311774
177,10.4,-0.007423134729377606,11.0,0.7000413565879549,10.81,0.862852316875759
178,10.8,0.18805274647756515,9.966666666666667,-0.5369004055216429,10.45,0.07607707186304132
179,9.6,-0.39837489714326313,10.233333333333333,-0.21768962820303814,9.9,-1.1259406635730487
180,7.6,-1.375754303177976,9.966666666666667,-0.5369004055216429,10.99,1.256239939382116
181,7.6,-1.375754303177976,11.3,1.0591534810713874,11.13,1.5622080902203952
182,12.0,0.7744803900983925,9.966666666666667,-0.5369004055216429,9.47,-2.0656999840049024
183,11.6,0.5790045088914498,10.366666666666667,-0.05808423954373362,10.0,-0.907391984402851
184,12.6,1.0676942119088062,10.7,0.34092923210452236,10.24,-0.38287515439437375
185,10.4,-0.007423134729377606,11.8,1.6576736885437735,10.92,1.1032558639629761
186,11.2,0.383528627684507,9.933333333333334,-0.5768017526864685,10.53,0.25091601519920037
187,8.6,-0.8870646001606196,11.033333333333333,0.7399427037527805,10.37,-0.09876187147311774
188,13.6,1.5563839149261627,11.466666666666667,1.2586602168955152,11.25,1.8244665052246318
189,14.0,1.7518597961331055,11.133333333333333,0.8596467452472573,10.11,-0.6669884373156337
190,12.4,0.9699562713053353,11.3,1.0591534810713874,10.21,-0.44843975814543197
191,9.0,-0.6915887189536768,9.266666666666667,-1.3748286959829825,9.88,-1.1696503994070875
192,11.0,0.2857906870810361,8.866666666666667,-1.8536448619608918,9.79,-1.36634421066027
193,9.4,-0.49611283774673404,10.5,0.10152114911556875,11.05,1.3873691468842362
194,8.4,-0.9848025407640905,10.966666666666667,0.6601400094231292,10.88,1.0158363922948987
195,10.2,-0.10516107533284942,10.533333333333333,0.14142249628039436,10.78,0.7972877131246969
196,11.4,0.48126656828797887,10.7,0.34092923210452236,10.53,0.25091601519920037
197,6.2,-2.0599198874022746,10.5,0.10152114911556875,10.63,0.4694646943694021
198,9.2,-0.5938507783502058,9.9,-0.6167030998512941,10.03,-0.8418273806517927
199,8.6,-0.8870646001606196,10.666666666666666,0.30102788493969673,10.06,-0.7762627769007306
200,9.2,-0.5938507783502058,11.4,1.1788575225658642,11.22,1.7589019014735736
201,13.0,1.263170093115749,10.766666666666667,0.4207319264341757,10.2,-0.47029462606245526
202,11.0,0.2857906870810361,11.2,0.9394494395769084,10.94,1.146965599797015
203,9.8,-0.3006369565397913,10.1,-0.3772950168623405,9.99,-0.9292468523198704
204,12.0,0.7744803900983925,9.566666666666666,-1.0157165714995522,10.88,1.0158363922948987
205,11.8,0.6767424494949216,9.866666666666667,-0.6566044470161196,9.96,-0.9948114560709285
206,11.8,0.6767424494949216,11.766666666666667,1.6177723413789478,10.34,-0.16432647522417593
207,11.4,0.48126656828797887,10.666666666666666,0.30102788493969673,10.64,0.4913195622864215
208,13.8,1.6541218555296344,11.033333333333333,0.7399427037527805,10.69,0.6005939018715185
209,10.8,0.18805274647756515,9.3,-1.334927348818157,9.75,-1.4537636823283475
210,11.0,0.2857906870810361,12.266666666666667,2.216292548851334,11.06,1.4092240148012556
211,15.8,2.6315012615643476,11.066666666666666,0.779844050917606,10.12,-0.6451335693986143
212,7.6,-1.375754303177976,9.466666666666667,-1.135420612994029,10.22,-0.42658489022841256
213,9.2,-0.5938507783502058,10.533333333333333,0.14142249628039436,10.13,-0.623278701481591
214,10.6,0.09031480587409334,11.166666666666666,0.8995480924120828,11.13,1.5622080902203952
215,6.6,-1.8644440061953325,9.6,-0.9758152243347266,9.8,-1.3444893427432467
216,9.6,-0.39837489714326313,9.8,-0.7364071413457709,10.43,0.032367336029002526
217,11.8,0.6767424494949216,11.5,1.298561564060341,10.65,0.5131744302034409
218,9.2,-0.5938507783502058,10.6,0.22122519061004556,9.71,-1.5411831539964251
219,11.6,0.5790045088914498,11.766666666666667,1.6177723413789478,10.67,0.5568841660374797
220,12.6,1.0676942119088062,10.2,-0.25759097536786374,10.31,-0.22989107897523411
221,10.6,0.09031480587409334,10.5,0.10152114911556875,10.52,0.22906114728218097
222,8.4,-0.9848025407640905,11.333333333333334,1.099054828236213,10.95,1.1688204677140344
223,10.8,0.18805274647756515,10.866666666666667,0.5404359679286524,10.67,0.5568841660374797
224,9.2,-0.5938507783502058,9.833333333333334,-0.6965057941809453,10.0,-0.907391984402851
225,11.6,0.5790045088914498,11.533333333333333,1.3384629112251665,10.13,-0.623278701481591
226,13.4,1.4586459743226918,11.4,1.1788575225658642,10.61,0.42575495853535944
227,15.6,2.5337633209608756,11.666666666666666,1.498068299884469,10.05,-0.79811764481775
228,6.8,-1.7667060655918612,9.666666666666666,-0.8960125300050754,11.01,1.2999496752161548
229,9.4,-0.49611283774673404,9.666666666666666,-0.8960125300050754,10.56,0.3164806189502624
230,8.4,-0.9848025407640905,10.033333333333333,-0.4570977111919917,10.34,-0.16432647522417593
231,9.6,-0.39837489714326313,11.166666666666666,0.8995480924120828,10.14,-0.6014238335645716
232,10.0,-0.20289901593632037,10.166666666666666,-0.2974923225326893,9.72,-1.5193282860794057
233,10.8,0.18805274647756515,9.5,-1.0955192658292034,10.65,0.5131744302034409
234,9.0,-0.6915887189536768,10.733333333333333,0.38083057926934794,9.91,-1.1040857956560293
235,10.8,0.18805274647756515,10.966666666666667,0.6601400094231292,10.4,-0.03319726772205566
236,8.0,-1.1802784219710332,8.7,-2.053151597785022,9.02,-3.0491690402707983
237,10.0,-0.20289901593632037,10.666666666666666,0.30102788493969673,10.6,0.40390009061834004
238,12.0,0.7744803900983925,10.666666666666666,0.30102788493969673,10.52,0.22906114728218097
239,9.8,-0.3006369565397913,10.566666666666666,0.18132384344521996,10.8,0.8409974489587396
240,8.6,-0.8870646001606196,10.8,0.46063327359900125,10.01,-0.8855371164858316
241,12.0,0.7744803900983925,11.866666666666667,1.7374763828734245,10.85,0.9502717885438365
242,12.4,0.9699562713053353,10.166666666666666,-0.2974923225326893,9.81,-1.3226344748262273
243,6.8,-1.7667060655918612,10.766666666666667,0.4207319264341757,10.33,-0.18618134314119533
244,8.6,-0.8870646001606196,10.833333333333334,0.5005346207638268,10.28,-0.2954556827262962
245,10.0,-0.20289901593632037,9.5,-1.0955192658292034,10.06,-0.7762627769007306
246,7.2,-1.5712301843849183,8.966666666666667,-1.733940820466415,9.37,-2.284248663175104
247,9.4,-0.49611283774673404,9.5,-1.0955192658292034,9.56,-1.8690061727517238
248,11.0,0.2857906870810361,11.0,0.7000413565879549,10.83,0.9065620527097977
249,9.6,-0.39837489714326313,10.433333333333334,0.02171845478591757,10.84,0.9284169206268171
250,8.4,-0.9848025407640905,10.366666666666667,-0.05808423954373362,9.65,-1.6723123614985453
251,11.6,0.5790045088914498,10.166666666666666,-0.2974923225326893,10.44,0.054222203946021924
252,10.2,-0.10516107533284942,11.133333333333333,0.8596467452472573,10.9,1.0595461281289373
253,13.6,1.5563839149261627,10.533333333333333,0.14142249628039436,9.83,-1.2789247389921885
254,12.4,0.9699562713053353,11.033333333333333,0.7399427037527805,9.82,-1.300779606909208
255,13.6,1.5563839149261627,11.6,1.4182656055548177,10.46,0.09793193978006459
256,8.6,-0.8870646001606196,9.866666666666667,-0.6566044470161196,10.72,0.6661585056225805
257,13.2,1.3609080337192199,10.866666666666667,0.5404359679286524,10.4,-0.03319726772205566
258,9.6,-0.39837489714326313,11.266666666666667,1.0192521339065617,10.27,-0.3173105506433156
259,10.6,0.09031480587409334,10.5,0.10152114911556875,9.33,-2.3716681348431816
260,10.6,0.09031480587409334,9.066666666666666,-1.6142367789719383,10.38,-0.07690700355609445
261,5.4,-2.45087164981616,9.833333333333334,-0.6965057941809453,9.35,-2.327958399009143
262,9.0,-0.6915887189536768,8.966666666666667,-1.733940820466415,9.39,-2.240538927341061
263,10.2,-0.10516107533284942,9.8,-0.7364071413457709,9.78,-1.3881990785772893
264,13.4,1.4586459743226918,11.066666666666666,0.779844050917606,11.05,1.3873691468842362
265,13.6,1.5563839149261627,11.233333333333333,0.979350786741734,11.56,2.5019674106522487
266,9.4,-0.49611283774673404,10.3,-0.13788693387338483,10.55,0.29462575103324307
267,6.4,-1.9621819467988035,9.3,-1.334927348818157,10.12,-0.6451335693986143
268,11.4,0.48126656828797887,10.1,-0.3772950168623405,10.51,0.2072062793651616
269,13.4,1.4586459743226918,11.8,1.6576736885437735,11.06,1.4092240148012556
270,12.8,1.1654321525122782,10.366666666666667,-0.05808423954373362,10.99,1.256239939382116
271,13.0,1.263170093115749,11.733333333333333,1.57787099421412,10.54,0.2727708831162198
272,13.6,1.5563839149261627,11.733333333333333,1.57787099421412,10.58,0.3601903547843012
273,13.6,1.5563839149261627,12.1,2.016785813027204,10.69,0.6005939018715185
274,11.0,0.2857906870810361,10.366666666666667,-0.05808423954373362,9.66,-1.650457493581526
275,9.2,-0.5938507783502058,9.133333333333333,-1.534434084642287,9.87,-1.1915052673241109
276,11.0,0.2857906870810361,11.933333333333334,1.8172790772030758,11.05,1.3873691468842362
277,12.8,1.1654321525122782,10.633333333333333,0.26112653777487116,10.72,0.6661585056225805
278,10.8,0.18805274647756515,11.266666666666667,1.0192521339065617,10.42,0.010512468111983128
279,8.0,-1.1802784219710332,8.733333333333333,-2.0132502506201964,10.34,-0.16432647522417593
280,6.8,-1.7667060655918612,9.666666666666666,-0.8960125300050754,10.29,-0.2736008148092768
281,10.2,-0.10516107533284942,11.0,0.7000413565879549,10.57,0.3383354868672818
282,8.0,-1.1802784219710332,9.2,-1.4546313903126358,9.99,-0.9292468523198704
283,10.0,-0.20289901593632037,9.566666666666666,-1.0157165714995522,10.18,-0.514004361896494
284,13.0,1.263170093115749,11.966666666666667,1.8571804243679013,11.62,2.633096618154365
285,8.0,-1.1802784219710332,10.366666666666667,-0.05808423954373362,9.61,-1.7597318331666267
286,12.8,1.1654321525122782,10.333333333333334,-0.09798558670855922,10.41,-0.011342399805036268
287,12.0,0.7744803900983925,10.533333333333333,0.14142249628039436,10.66,0.5350292981204603
288,11.0,0.2857906870810361,10.3,-0.13788693387338483,10.74,0.7098682414566193
289,13.6,1.5563839149261627,10.7,0.34092923210452236,10.83,0.9065620527097977
290,12.0,0.7744803900983925,10.3,-0.13788693387338483,9.39,-2.240538927341061
291,11.2,0.383528627684507,10.4,-0.01818289237890803,10.4,-0.03319726772205566
292,11.6,0.5790045088914498,10.766666666666667,0.4207319264341757,11.04,1.3655142789672128
293,14.4,1.9473356773400483,10.6,0.22122519061004556,10.07,-0.7544079089837112
294,11.8,0.6767424494949216,10.633333333333333,0.26112653777487116,10.12,-0.6451335693986143
295,9.6,-0.39837489714326313,10.466666666666667,0.06161980195074317,10.71,0.6443036377055611
296,11.6,0.5790045088914498,10.4,-0.01818289237890803,10.56,0.3164806189502624
297,8.4,-0.9848025407640905,9.433333333333334,-1.1753219601588545,10.11,-0.6669884373156337
298,9.6,-0.39837489714326313,9.166666666666666,-1.4945327374774615,9.99,-0.9292468523198704
299,10.8,0.18805274647756515,11.0,0.7000413565879549,10.47,0.119786807697084
300,11.2,0.383528627684507,10.833333333333334,0.5005346207638268,10.22,-0.42658489022841256
301,10.2,-0.10516107533284942,9.9,-0.6167030998512941,10.18,-0.514004361896494
302,8.8,-0.7893266595571478,9.1,-1.5743354318071128,9.73,-1.4974734181623863
303,9.8,-0.3006369565397913,10.033333333333333,-0.4570977111919917,10.57,0.3383354868672818
304,9.0,-0.6915887189536768,9.633333333333333,-0.935913877169901,10.06,-0.7762627769007306
305,8.0,-1.1802784219710332,10.333333333333334,-0.09798558670855922,11.24,1.8026116373076124
306,8.8,-0.7893266595571478,9.533333333333333,-1.0556179186643777,10.18,-0.514004361896494
307,12.6,1.0676942119088062,10.766666666666667,0.4207319264341757,10.28,-0.2954556827262962
308,11.8,0.6767424494949216,11.433333333333334,1.2187588697306897,11.2,1.715192165639531
309,11.6,0.5790045088914498,10.366666666666667,-0.05808423954373362,9.98,-0.9511017202368897
310,8.8,-0.7893266595571478,10.333333333333334,-0.09798558670855922,10.06,-0.7762627769007306
311,8.4,-0.9848025407640905,10.233333333333333,-0.21768962820303814,10.6,0.40390009061834004
312,11.6,0.5790045088914498,10.533333333333333,0.14142249628039436,10.6,0.40390009061834004
313,10.0,-0.20289901593632037,9.833333333333334,-0.6965057941809453,10.81,0.862852316875759
314,13.2,1.3609080337192199,12.566666666666666,2.575404673334764,11.83,3.092048844411784
315,10.6,0.09031480587409334,11.533333333333333,1.3384629112251665,11.25,1.8244665052246318
316,13.2,1.3609080337192199,11.066666666666666,0.779844050917606,10.64,0.4913195622864215
317,9.6,-0.39837489714326313,9.833333333333334,-0.6965057941809453,10.29,-0.2736008148092768
318,13.4,1.4586459743226918,10.866666666666667,0.5404359679286524,10.97,1.2125302035480772
319,8.8,-0.7893266595571478,10.8,0.46063327359900125,10.08,-0.7325530410666918
320,8.2,-1.0825404813675623,11.3,1.0591534810713874,10.16,-0.5577140977305328
321,9.2,-0.5938507783502058,9.466666666666667,-1.135420612994029,10.36,-0.12061673939013713
322,8.0,-1.1802784219710332,9.3,-1.334927348818157,10.13,-0.623278701481591
323,13.6,1.5563839149261627,12.366666666666667,2.3359965903458106,11.22,1.7589019014735736
324,10.0,-0.20289901593632037,9.666666666666666,-0.8960125300050754,10.0,-0.907391984402851
325,12.4,0.9699562713053353,11.466666666666667,1.2586602168955152,10.32,-0.2080362110582147
326,5.4,-2.45087164981616,9.733333333333333,-0.8162098356754242,10.94,1.146965599797015
327,10.8,0.18805274647756515,10.733333333333333,0.38083057926934794,10.34,-0.16432647522417593
328,12.6,1.0676942119088062,9.833333333333334,-0.6965057941809453,10.0,-0.907391984402851
329,13.0,1.263170093115749,9.666666666666666,-0.8960125300050754,10.47,0.119786807697084
330,6.8,-1.7667060655918612,8.733333333333333,-2.0132502506201964,9.81,-1.3226344748262273
331,5.8,-2.2553957686092176,10.433333333333334,0.02171845478591757,10.11,-0.6669884373156337
332,9.4,-0.49611283774673404,10.7,0.34092923210452236,10.56,0.3164806189502624
333,8.6,-0.8870646001606196,10.266666666666667,-0.17778828103821043,9.95,-1.0166663239879519
334,11.6,0.5790045088914498,9.833333333333334,-0.6965057941809453,10.05,-0.79811764481775
335,7.8,-1.2780163625745047,11.633333333333333,1.4581669527196433,11.03,1.3436594110501934
336,8.6,-0.8870646001606196,10.033333333333333,-0.4570977111919917,9.26,-2.524652210262321
337,11.0,0.2857906870810361,10.333333333333334,-0.09798558670855922,10.29,-0.2736008148092768
338,13.8,1.6541218555296344,10.233333333333333,-0.21768962820303814,10.49,0.16349654353112278
339,8.4,-0.9848025407640905,9.366666666666667,-1.2551246544885057,10.32,-0.2080362110582147
340,10.0,-0.20289901593632037,9.3,-1.334927348818157,10.45,0.07607707186304132
341,7.6,-1.375754303177976,9.7,-0.8561111828402498,10.42,0.010512468111983128
342,10.8,0.18805274647756515,10.1,-0.3772950168623405,10.74,0.7098682414566193
343,10.4,-0.007423134729377606,11.166666666666666,0.8995480924120828,10.47,0.119786807697084
344,6.6,-1.8644440061953325,9.866666666666667,-0.6566044470161196,9.76,-1.4319088144113281
345,9.0,-0.6915887189536768,11.566666666666666,1.378364258389992,11.03,1.3436594110501934
346,9.2,-0.5938507783502058,10.066666666666666,-0.41719636402716614,10.71,0.6443036377055611
347,6.8,-1.7667060655918612,9.366666666666667,-1.2551246544885057,10.56,0.3164806189502624
348,10.8,0.18805274647756515,12.233333333333333,2.1763912016865063,11.23,1.780756769390593
349,6.2,-2.0599198874022746,9.733333333333333,-0.8162098356754242,9.94,-1.0385211919049713
350,10.4,-0.007423134729377606,9.233333333333333,-1.4147300431478103,9.31,-2.4153778706772204
351,8.6,-0.8870646001606196,11.166666666666666,0.8995480924120828,10.27,-0.3173105506433156
352,12.8,1.1654321525122782,11.133333333333333,0.8596467452472573,10.94,1.146965599797015
353,9.4,-0.49611283774673404,10.1,-0.3772950168623405,10.21,-0.44843975814543197
354,14.6,2.045073617943519,11.833333333333334,1.697575035708599,11.63,2.654951486071388
355,7.8,-1.2780163625745047,9.966666666666667,-0.5369004055216429,10.98,1.2343850714650966
356,11.6,0.5790045088914498,10.933333333333334,0.6202386622583036,11.09,1.4747886185523138
357,10.4,-0.007423134729377606,8.966666666666667,-1.733940820466415,9.84,-1.257069871075169
358,12.4,0.9699562713053353,10.2,-0.25759097536786374,10.8,0.8409974489587396
359,12.6,1.0676942119088062,10.833333333333334,0.5005346207638268,10.52,0.22906114728218097
360,8.4,-0.9848025407640905,9.833333333333334,-0.6965057941809453,10.33,-0.18618134314119533
361,9.6,-0.39837489714326313,11.3,1.0591534810713874,10.99,1.256239939382116
362,6.2,-2.0599198874022746,10.766666666666667,0.4207319264341757,9.89,-1.147795531490068
363,9.0,-0.6915887189536768,10.066666666666666,-0.41719636402716614,9.77,-1.4100539464943087
364,10.6,0.09031480587409334,10.133333333333333,-0.33739366969751494,10.1,-0.688843305232653
365,8.2,-1.0825404813675623,11.0,0.7000413565879549,10.58,0.3601903547843012
366,11.8,0.6767424494949216,11.066666666666666,0.779844050917606,10.5,0.18535141144814218
367,11.0,0.2857906870810361,12.233333333333333,2.1763912016865063,11.28,1.89003110897569
368,10.2,-0.10516107533284942,10.3,-0.13788693387338483,10.27,-0.3173105506433156
369,9.8,-0.3006369565397913,11.133333333333333,0.8596467452472573,10.81,0.862852316875759
370,9.4,-0.49611283774673404,10.166666666666666,-0.2974923225326893,10.02,-0.8636822485688121
371,8.0,-1.1802784219710332,9.533333333333333,-1.0556179186643777,10.4,-0.03319726772205566
372,10.8,0.18805274647756515,10.1,-0.3772950168623405,10.23,-0.40473002231139316
373,9.4,-0.49611283774673404,10.633333333333333,0.26112653777487116,10.32,-0.2080362110582147
374,12.4,0.9699562713053353,10.133333333333333,-0.33739366969751494,10.22,-0.42658489022841256
375,12.2,0.8722183307018635,9.8,-0.7364071413457709,10.6,0.40390009061834004
376,12.8,1.1654321525122782,8.933333333333334,-1.7738421676312406,9.45,-2.1094097198389448
377,12.6,1.0676942119088062,10.833333333333334,0.5005346207638268,10.07,-0.7544079089837112
378,7.6,-1.375754303177976,8.7,-2.053151597785022,10.05,-0.79811764481775
379,9.8,-0.3006369565397913,9.2,-1.4546313903126358,10.22,-0.42658489022841256
380,8.6,-0.8870646001606196,8.566666666666666,-2.212756986444324,10.49,0.16349654353112278
381,9.0,-0.6915887189536768,9.233333333333333,-1.4147300431478103,10.18,-0.514004361896494
382,10.6,0.09031480587409334,9.2,-1.4546313903126358,10.04,-0.8199725127347733
383,11.2,0.383528627684507,10.1,-0.3772950168623405,10.4,-0.03319726772205566
384,6.0,-2.157657828005746,10.333333333333334,-0.09798558670855922,10.95,1.1688204677140344
385,10.8,0.18805274647756515,10.3,-0.13788693387338483,10.41,-0.011342399805036268
386,7.8,-1.2780163625745047,10.366666666666667,-0.05808423954373362,10.18,-0.514004361896494
387,12.8,1.1654321525122782,10.7,0.34092923210452236,10.57,0.3383354868672818
388,13.2,1.3609080337192199,10.666666666666666,0.30102788493969673,10.31,-0.22989107897523411
389,13.0,1.263170093115749,11.633333333333333,1.4581669527196433,11.13,1.5622080902203952
390,8.6,-0.8870646001606196,9.833333333333334,-0.6965057941809453,10.25,-0.36102028647735435
391,7.0,-1.6689681249883896,9.433333333333334,-1.1753219601588545,10.28,-0.2954556827262962
392,13.2,1.3609080337192199,10.2,-0.25759097536786374,10.51,0.2072062793651616
393,12.6,1.0676942119088062,11.1,0.8197453980824316,11.08,1.4529337506352944
394,5.4,-2.45087164981616,8.766666666666667,-1.9733489034553686,10.24,-0.38287515439437375
395,11.2,0.383528627684507,10.3,-0.13788693387338483,9.67,-1.6286026256645065
396,9.6,-0.39837489714326313,9.033333333333333,-1.6541381261367638,9.98,-0.9511017202368897
397,10.2,-0.10516107533284942,10.233333333333333,-0.21768962820303814,9.92,-1.0822309277390099
398,7.6,-1.375754303177976,9.366666666666667,-1.2551246544885057,10.54,0.2727708831162198
399,11.8,0.6767424494949216,10.266666666666667,-0.17778828103821043,10.28,-0.2954556827262962
400,9.0,-0.6915887189536768,10.3,-0.13788693387338483,10.91,1.0814009960459567
401,12.4,0.9699562713053353,11.066666666666666,0.779844050917606,10.35,-0.14247160730715652
402,11.4,0.48126656828797887,10.3,-0.13788693387338483,10.82,0.8847071847927784
403,8.2,-1.0825404813675623,10.433333333333334,0.02171845478591757,10.25,-0.36102028647735435
404,12.2,0.8722183307018635,9.8,-0.7364071413457709,10.41,-0.011342399805036268
405,14.6,2.045073617943519,11.2,0.9394494395769084,10.73,0.6880133735395999
406,9.0,-0.6915887189536768,9.533333333333333,-1.0556179186643777,10.05,-0.79811764481775
407,13.4,1.4586459743226918,12.166666666666666,2.096588507356855,10.74,0.7098682414566193
408,12.4,0.9699562713053353,10.866666666666667,0.5404359679286524,10.63,0.4694646943694021
409,8.2,-1.0825404813675623,10.033333333333333,-0.4570977111919917,10.22,-0.42658489022841256
410,6.8,-1.7667060655918612,10.366666666666667,-0.05808423954373362,10.43,0.032367336029002526
411,10.0,-0.20289901593632037,10.033333333333333,-0.4570977111919917,10.29,-0.2736008148092768
412,14.6,2.045073617943519,10.966666666666667,0.6601400094231292,10.74,0.7098682414566193
413,9.8,-0.3006369565397913,9.666666666666666,-0.8960125300050754,10.0,-0.907391984402851
414,6.0,-2.157657828005746,9.833333333333334,-0.6965057941809453,10.3,-0.2517459468922535
415,10.8,0.18805274647756515,10.566666666666666,0.18132384344521996,10.44,0.054222203946021924
416,11.2,0.383528627684507,10.933333333333334,0.6202386622583036,11.22,1.7589019014735736
417,10.6,0.09031480587409334,10.666666666666666,0.30102788493969673,10.73,0.6880133735395999
418,6.8,-1.7667060655918612,10.233333333333333,-0.21768962820303814,10.28,-0.2954556827262962
419,12.4,0.9699562713053353,10.733333333333333,0.38083057926934794,10.51,0.2072062793651616
420,9.2,-0.5938507783502058,10.333333333333334,-0.09798558670855922,10.02,-0.8636822485688121
421,9.4,-0.49611283774673404,10.666666666666666,0.30102788493969673,9.9,-1.1259406635730487
422,11.0,0.2857906870810361,10.5,0.10152114911556875,10.78,0.7972877131246969
423,11.2,0.383528627684507,11.433333333333334,1.2187588697306897,10.86,0.9721266564608559
424,10.2,-0.10516107533284942,10.433333333333334,0.02171845478591757,10.98,1.2343850714650966
425,12.0,0.7744803900983925,10.233333333333333,-0.21768962820303814,10.27,-0.3173105506433156
426,11.0,0.2857906870810361,11.033333333333333,0.7399427037527805,10.63,0.4694646943694021
427,12.4,0.9699562713053353,11.8,1.6576736885437735,11.12,1.540353222303372
428,6.8,-1.7667060655918612,9.866666666666667,-0.6566044470161196,10.06,-0.7762627769007306
429,5.6,-2.3531337092126887,8.8,-1.933447556290543,9.65,-1.6723123614985453
430,7.8,-1.2780163625745047,9.8,-0.7364071413457709,10.03,-0.8418273806517927
431,8.4,-0.9848025407640905,10.5,0.10152114911556875,10.43,0.032367336029002526
432,12.6,1.0676942119088062,11.566666666666666,1.378364258389992,10.73,0.6880133735395999
433,10.8,0.18805274647756515,10.366666666666667,-0.05808423954373362,10.41,-0.011342399805036268
434,11.0,0.2857906870810361,10.566666666666666,0.18132384344521996,10.15,-0.5795689656475522
435,8.8,-0.7893266595571478,9.533333333333333,-1.0556179186643777,9.53,-1.9345707765027857
436,8.6,-0.8870646001606196,8.433333333333334,-2.3723623751036267,9.45,-2.1094097198389448
437,14.0,1.7518597961331055,10.266666666666667,-0.17778828103821043,9.52,-1.9564256444198052
438,11.4,0.48126656828797887,10.366666666666667,-0.05808423954373362,10.14,-0.6014238335645716
439,12.0,0.7744803900983925,11.066666666666666,0.779844050917606,10.77,0.7754328452076775
440,12.0,0.7744803900983925,10.5,0.10152114911556875,9.42,-2.174974323590003
441,11.4,0.48126656828797887,10.566666666666666,0.18132384344521996,10.31,-0.22989107897523411
442,7.8,-1.2780163625745047,8.3,-2.531967763762929,10.15,-0.5795689656475522
443,11.4,0.48126656828797887,9.4,-1.2152233073236802,10.35,-0.14247160730715652
444,12.2,0.8722183307018635,10.766666666666667,0.4207319264341757,10.72,0.6661585056225805
445,9.6,-0.39837489714326313,10.266666666666667,-0.17778828103821043,11.37,2.0867249202288685
446,5.4,-2.45087164981616,9.766666666666667,-0.7763084885105965,10.27,-0.3173105506433156
447,12.0,0.7744803900983925,9.9,-0.6167030998512941,10.79,0.8191425810417163
448,12.4,0.9699562713053353,11.4,1.1788575225658642,11.0,1.2780948072991354
449,9.2,-0.5938507783502058,9.766666666666667,-0.7763084885105965,10.49,0.16349654353112278
450,10.4,-0.007423134729377606,11.633333333333333,1.4581669527196433,11.16,1.6277726939714534
451,12.4,0.9699562713053353,11.833333333333334,1.697575035708599,10.84,0.9284169206268171
452,10.8,0.18805274647756515,10.1,-0.3772950168623405,10.03,-0.8418273806517927
453,10.0,-0.20289901593632037,9.7,-0.8561111828402498,10.43,0.032367336029002526
454,13.0,1.263170093115749,11.433333333333334,1.2187588697306897,11.38,2.108579788145892
455,11.6,0.5790045088914498,10.2,-0.25759097536786374,9.88,-1.1696503994070875
456,12.2,0.8722183307018635,10.066666666666666,-0.41719636402716614,10.48,0.1416416756141034
457,8.4,-0.9848025407640905,11.633333333333333,1.4581669527196433,11.0,1.2780948072991354
458,10.2,-0.10516107533284942,10.933333333333334,0.6202386622583036,10.1,-0.688843305232653
459,12.0,0.7744803900983925,10.0,-0.4969990583568173,10.46,0.09793193978006459
460,11.0,0.2857906870810361,11.333333333333334,1.099054828236213,10.69,0.6005939018715185
461,8.4,-0.9848025407640905,10.066666666666666,-0.41719636402716614,9.84,-1.257069871075169
462,9.2,-0.5938507783502058,10.966666666666667,0.6601400094231292,10.74,0.7098682414566193
463,11.6,0.5790045088914498,11.366666666666667,1.1389561754010384,10.48,0.1416416756141034
464,12.4,0.9699562713053353,10.9,0.5803373150934781,11.35,2.0430151843948297
465,8.8,-0.7893266595571478,11.033333333333333,0.7399427037527805,10.77,0.7754328452076775
466,12.4,0.9699562713053353,10.766666666666667,0.4207319264341757,10.44,0.054222203946021924
467,12.2,0.8722183307018635,11.0,0.7000413565879549,10.86,0.9721266564608559
468,5.8,-2.2553957686092176,10.0,-0.4969990583568173,10.04,-0.8199725127347733
469,10.0,-0.20289901593632037,11.833333333333334,1.697575035708599,11.5,2.3708382031501283
470,11.0,0.2857906870810361,10.566666666666666,0.18132384344521996,11.0,1.2780948072991354
471,13.8,1.6541218555296344,11.6,1.4182656055548177,10.19,-0.4921494939794746
472,8.8,-0.7893266595571478,10.233333333333333,-0.21768962820303814,10.39,-0.05505213563907506
473,11.8,0.6767424494949216,11.6,1.4182656055548177,10.41,-0.011342399805036268
474,13.4,1.4586459743226918,8.9,-1.8137435147960663,10.18,-0.514004361896494
475,6.8,-1.7667060655918612,8.966666666666667,-1.733940820466415,9.79,-1.36634421066027
476,12.2,0.8722183307018635,9.4,-1.2152233073236802,9.78,-1.3881990785772893
477,10.4,-0.007423134729377606,10.766666666666667,0.4207319264341757,10.48,0.1416416756141034
478,13.0,1.263170093115749,9.766666666666667,-0.7763084885105965,10.14,-0.6014238335645716
479,8.6,-0.8870646001606196,9.233333333333333,-1.4147300431478103,10.29,-0.2736008148092768
480,8.8,-0.7893266595571478,10.833333333333334,0.5005346207638268,10.45,0.07607707186304132
481,13.4,1.4586459743226918,10.333333333333334,-0.09798558670855922,10.03,-0.8418273806517927
482,8.6,-0.8870646001606196,10.5,0.10152114911556875,10.4,-0.03319726772205566
483,10.2,-0.10516107533284942,11.233333333333333,0.979350786741734,11.3,1.9337408448097326
484,11.2,0.383528627684507,11.1,0.8197453980824316,11.32,1.9774505806437714
485,9.0,-0.6915887189536768,8.866666666666667,-1.8536448619608918,10.51,0.2072062793651616
486,5.8,-2.2553957686092176,8.9,-1.8137435147960663,9.41,-2.1968291915070224
487,9.4,-0.49611283774673404,10.3,-0.13788693387338483,10.31,-0.22989107897523411
488,11.6,0.5790045088914498,9.9,-0.6167030998512941,10.39,-0.05505213563907506
489,13.0,1.263170093115749,12.133333333333333,2.0566871601920296,10.83,0.9065620527097977
490,10.0,-0.20289901593632037,10.066666666666666,-0.41719636402716614,10.25,-0.36102028647735435
491,6.2,-2.0599198874022746,8.733333333333333,-2.0132502506201964,9.7,-1.5630380219134483
492,9.2,-0.5938507783502058,10.233333333333333,-0.21768962820303814,10.56,0.3164806189502624
493,9.6,-0.39837489714326313,10.733333333333333,0.38083057926934794,10.2,-0.47029462606245526
494,10.2,-0.10516107533284942,11.6,1.4182656055548177,10.85,0.9502717885438365
495,9.8,-0.3006369565397913,10.133333333333333,-0.33739366969751494,10.19,-0.4921494939794746
496,11.4,0.48126656828797887,9.466666666666667,-1.135420612994029,9.8,-1.3444893427432467
497,14.4,1.9473356773400483,10.933333333333334,0.6202386622583036,10.17,-0.5358592298135134
498,10.2,-0.10516107533284942,9.8,-0.7364071413457709,10.03,-0.8418273806517927
499,10.2,-0.10516107533284942,9.5,-1.0955192658292034,10.62,0.4476098264523788
500,8.0,-1.1802784219710332,10.433333333333334,0.02171845478591757,10.66,0.5350292981204603
501,9.6,-0.39837489714326313,11.4,1.1788575225658642,11.21,1.7370470335565542
502,12.4,0.9699562713053353,10.366666666666667,-0.05808423954373362,10.99,1.256239939382116
503,13.8,1.6541218555296344,10.4,-0.01818289237890803,10.4,-0.03319726772205566
504,12.2,0.8722183307018635,11.9,1.7773777300382503,11.15,1.605917826054434
505,10.4,-0.007423134729377606,11.266666666666667,1.0192521339065617,10.42,0.010512468111983128
506,8.6,-0.8870646001606196,8.833333333333334,-1.8935462091257174,10.06,-0.7762627769007306
507,9.4,-0.49611283774673404,10.466666666666667,0.06161980195074317,10.58,0.3601903547843012
508,11.4,0.48126656828797887,10.966666666666667,0.6601400094231292,10.84,0.9284169206268171
509,10.8,0.18805274647756515,10.766666666666667,0.4207319264341757,10.08,-0.7325530410666918
510,8.6,-0.8870646001606196,10.033333333333333,-0.4570977111919917,10.19,-0.4921494939794746
511,9.0,-0.6915887189536768,9.433333333333334,-1.1753219601588545,10.06,-0.7762627769007306
512,10.8,0.18805274647756515,10.566666666666666,0.18132384344521996,10.09,-0.7106981731496724
513,12.8,1.1654321525122782,10.433333333333334,0.02171845478591757,9.75,-1.4537636823283475
514,12.2,0.8722183307018635,10.3,-0.13788693387338483,10.25,-0.36102028647735435
515,11.0,0.2857906870810361,11.966666666666667,1.8571804243679013,11.26,1.8463213731416512
516,11.2,0.383528627684507,11.533333333333333,1.3384629112251665,11.76,2.9390647689926443
517,11.2,0.383528627684507,10.466666666666667,0.06161980195074317,10.43,0.032367336029002526
518,12.6,1.0676942119088062,12.2,2.1364898545216806,11.32,1.9774505806437714
519,11.8,0.6767424494949216,11.5,1.298561564060341,11.01,1.2999496752161548
520,12.2,0.8722183307018635,9.333333333333334,-1.2950260016533313,9.75,-1.4537636823283475
521,12.8,1.1654321525122782,10.666666666666666,0.30102788493969673,10.77,0.7754328452076775
522,10.0,-0.20289901593632037,9.433333333333334,-1.1753219601588545,10.62,0.4476098264523788
523,10.8,0.18805274647756515,9.566666666666666,-1.0157165714995522,10.09,-0.7106981731496724
524,11.6,0.5790045088914498,10.4,-0.01818289237890803,11.02,1.321804543133174
525,5.6,-2.3531337092126887,9.033333333333333,-1.6541381261367638,10.08,-0.7325530410666918
526,11.8,0.6767424494949216,9.866666666666667,-0.6566044470161196,10.01,-0.8855371164858316
527,11.2,0.383528627684507,10.566666666666666,0.18132384344521996,10.74,0.7098682414566193
528,10.8,0.18805274647756515,10.266666666666667,-0.17778828103821043,10.94,1.146965599797015
529,9.4,-0.49611283774673404,9.566666666666666,-1.0157165714995522,10.49,0.16349654353112278
530,9.4,-0.49611283774673404,10.8,0.46063327359900125,10.68,0.5787390339544991
531,13.8,1.6541218555296344,11.466666666666667,1.2586602168955152,10.32,-0.2080362110582147
532,10.6,0.09031480587409334,10.6,0.22122519061004556,10.89,1.037691260211918
533,11.2,0.383528627684507,11.166666666666666,0.8995480924120828,10.42,0.010512468111983128
534,12.6,1.0676942119088062,9.5,-1.0955192658292034,10.3,-0.2517459468922535
535,13.0,1.263170093115749,10.133333333333333,-0.33739366969751494,10.44,0.054222203946021924
536,12.6,1.0676942119088062,11.6,1.4182656055548177,11.57,2.523822278569268
537,12.0,0.7744803900983925,10.7,0.34092923210452236,10.56,0.3164806189502624
538,8.6,-0.8870646001606196,12.133333333333333,2.0566871601920296,11.1,1.4966434864693332
539,7.0,-1.6689681249883896,10.333333333333334,-0.09798558670855922,10.27,-0.3173105506433156
540,6.2,-2.0599198874022746,10.3,-0.13788693387338483,10.52,0.22906114728218097
541,9.2,-0.5938507783502058,10.0,-0.4969990583568173,9.92,-1.0822309277390099
542,10.0,-0.20289901593632037,10.366666666666667,-0.05808423954373362,10.25,-0.36102028647735435
543,8.2,-1.0825404813675623,10.4,-0.01818289237890803,11.25,1.8244665052246318
544,7.0,-1.6689681249883896,9.733333333333333,-0.8162098356754242,9.61,-1.7597318331666267
545,11.6,0.5790045088914498,10.0,-0.4969990583568173,10.17,-0.5358592298135134
546,12.4,0.9699562713053353,9.4,-1.2152233073236802,10.46,0.09793193978006459
547,6.6,-1.8644440061953325,10.233333333333333,-0.21768962820303814,10.52,0.22906114728218097
548,11.2,0.383528627684507,10.033333333333333,-0.4570977111919917,10.83,0.9065620527097977
549,10.6,0.09031480587409334,10.6,0.22122519061004556,10.54,0.2727708831162198
550,11.2,0.383528627684507,10.866666666666667,0.5404359679286524,10.28,-0.2954556827262962
551,8.6,-0.8870646001606196,11.066666666666666,0.779844050917606,10.29,-0.2736008148092768
552,11.2,0.383528627684507,11.7,1.5379696470492945,10.46,0.09793193978006459
553,9.0,-0.6915887189536768,10.366666666666667,-0.05808423954373362,10.17,-0.5358592298135134
554,11.4,0.48126656828797887,10.033333333333333,-0.4570977111919917,10.94,1.146965599797015
555,12.0,0.7744803900983925,10.566666666666666,0.18132384344521996,9.35,-2.327958399009143
556,13.2,1.3609080337192199,11.8,1.6576736885437735,10.64,0.4913195622864215
557,11.4,0.48126656828797887,8.9,-1.8137435147960663,9.77,-1.4100539464943087
558,11.2,0.383528627684507,10.033333333333333,-0.4570977111919917,10.31,-0.22989107897523411
559,10.2,-0.10516107533284942,9.566666666666666,-1.0157165714995522,10.57,0.3383354868672818
560,9.8,-0.3006369565397913,11.2,0.9394494395769084,11.0,1.2780948072991354
561,11.0,0.2857906870810361,10.7,0.34092923210452236,9.99,-0.9292468523198704
562,9.0,-0.6915887189536768,10.033333333333333,-0.4570977111919917,10.54,0.2727708831162198
563,11.4,0.48126656828797887,10.5,0.10152114911556875,10.6,0.40390009061834004
564,7.6,-1.375754303177976,9.566666666666666,-1.0157165714995522,10.31,-0.22989107897523411
565,9.4,-0.49611283774673404,11.4,1.1788575225658642,10.72,0.6661585056225805
566,8.8,-0.7893266595571478,9.7,-0.8561111828402498,10.67,0.5568841660374797
567,13.8,1.6541218555296344,11.966666666666667,1.8571804243679013,10.71,0.6443036377055611
568,14.4,1.9473356773400483,10.866666666666667,0.5404359679286524,10.3,-0.2517459468922535
569,11.8,0.6767424494949216,10.666666666666666,0.30102788493969673,11.25,1.8244665052246318
570,7.4,-1.473492243781447,10.1,-0.3772950168623405,10.65,0.5131744302034409
571,13.4,1.4586459743226918,11.1,0.8197453980824316,10.61,0.42575495853535944
572,9.2,-0.5938507783502058,9.366666666666667,-1.2551246544885057,9.76,-1.4319088144113281
573,11.2,0.383528627684507,9.633333333333333,-0.935913877169901,9.74,-1.475618550245367
574,10.8,0.18805274647756515,9.733333333333333,-0.8162098356754242,10.46,0.09793193978006459
575,12.4,0.9699562713053353,11.0,0.7000413565879549,10.51,0.2072062793651616
576,12.8,1.1654321525122782,11.266666666666667,1.0192521339065617,10.58,0.3601903547843012
577,14.4,1.9473356773400483,10.566666666666666,0.18132384344521996,10.61,0.42575495853535944
578,9.6,-0.39837489714326313,10.333333333333334,-0.09798558670855922,10.36,-0.12061673939013713
579,10.2,-0.10516107533284942,9.8,-0.7364071413457709,10.37,-0.09876187147311774
580,11.6,0.5790045088914498,9.9,-0.6167030998512941,10.46,0.09793193978006459
581,9.2,-0.5938507783502058,9.833333333333334,-0.6965057941809453,10.2,-0.47029462606245526
582,11.0,0.2857906870810361,11.933333333333334,1.8172790772030758,10.42,0.010512468111983128
583,10.2,-0.10516107533284942,8.466666666666667,-2.332461027938801,10.23,-0.40473002231139316
584,10.4,-0.007423134729377606,9.966666666666667,-0.5369004055216429,10.36,-0.12061673939013713
585,10.0,-0.20289901593632037,11.2,0.9394494395769084,10.51,0.2072062793651616
586,9.2,-0.5938507783502058,10.066666666666666,-0.41719636402716614,10.71,0.6443036377055611
587,10.4,-0.007423134729377606,10.366666666666667,-0.05808423954373362,10.84,0.9284169206268171
588,12.6,1.0676942119088062,10.833333333333334,0.5005346207638268,10.88,1.0158363922948987
589,10.6,0.09031480587409334,10.4,-0.01818289237890803,10.36,-0.12061673939013713
590,10.6,0.09031480587409334,10.566666666666666,0.18132384344521996,10.34,-0.16432647522417593
591,13.2,1.3609080337192199,8.3,-2.531967763762929,9.76,-1.4319088144113281
592,10.8,0.18805274647756515,11.0,0.7000413565879549,10.99,1.256239939382116
593,9.6,-0.39837489714326313,9.666666666666666,-0.8960125300050754,10.05,-0.79811764481775
594,7.2,-1.5712301843849183,9.366666666666667,-1.2551246544885057,10.03,-0.8418273806517927
595,5.4,-2.45087164981616,7.733333333333333,-3.2102906655649672,9.84,-1.257069871075169
596,11.4,0.48126656828797887,10.8,0.46063327359900125,10.1,-0.688843305232653
597,5.8,-2.2553957686092176,10.9,0.5803373150934781,10.66,0.5350292981204603
598,10.8,0.18805274647756515,12.133333333333333,2.0566871601920296,10.96,1.1906753356310578
599,10.4,-0.007423134729377606,11.5,1.298561564060341,10.63,0.4694646943694021
600,10.6,0.09031480587409334,10.633333333333333,0.26112653777487116,10.58,0.3601903547843012
601,9.0,-0.6915887189536768,10.466666666666667,0.06161980195074317,10.43,0.032367336029002526
602,12.8,1.1654321525122782,10.533333333333333,0.14142249628039436,11.38,2.108579788145892
603,12.2,0.8722183307018635,11.233333333333333,0.979350786741734,10.78,0.7972877131246969
604,10.4,-0.007423134729377606,11.1,0.8197453980824316,10.23,-0.40473002231139316
605,10.6,0.09031480587409334,11.866666666666667,1.7374763828734245,10.58,0.3601903547843012
606,12.8,1.1654321525122782,10.733333333333333,0.38083057926934794,10.46,0.09793193978006459
607,9.4,-0.49611283774673404,8.9,-1.8137435147960663,9.45,-2.1094097198389448
608,9.4,-0.49611283774673404,10.2,-0.25759097536786374,9.95,-1.0166663239879519
609,11.6,0.5790045088914498,9.766666666666667,-0.7763084885105965,10.87,0.9939815243778753
610,10.0,-0.20289901593632037,10.833333333333334,0.5005346207638268,9.37,-2.284248663175104
611,8.0,-1.1802784219710332,9.466666666666667,-1.135420612994029,10.1,-0.688843305232653
612,9.8,-0.3006369565397913,11.1,0.8197453980824316,10.76,0.7535779772906581
613,9.0,-0.6915887189536768,8.7,-2.053151597785022,10.53,0.25091601519920037
614,9.0,-0.6915887189536768,9.366666666666667,-1.2551246544885057,10.47,0.119786807697084
615,9.8,-0.3006369565397913,9.566666666666666,-1.0157165714995522,10.42,0.010512468111983128
616,10.2,-0.10516107533284942,9.8,-0.7364071413457709,10.48,0.1416416756141034
617,12.4,0.9699562713053353,10.466666666666667,0.06161980195074317,10.18,-0.514004361896494
618,11.8,0.6767424494949216,10.433333333333334,0.02171845478591757,10.38,-0.07690700355609445
619,9.4,-0.49611283774673404,10.466666666666667,0.06161980195074317,10.57,0.3383354868672818
620,8.8,-0.7893266595571478,10.233333333333333,-0.21768962820303814,10.19,-0.4921494939794746
621,11.6,0.5790045088914498,11.366666666666667,1.1389561754010384,10.53,0.25091601519920037
622,11.4,0.48126656828797887,10.6,0.22122519061004556,10.24,-0.38287515439437375
623,6.4,-1.9621819467988035,10.0,-0.4969990583568173,9.91,-1.1040857956560293
624,6.2,-2.0599198874022746,9.433333333333334,-1.1753219601588545,10.16,-0.5577140977305328
625,10.0,-0.20289901593632037,9.5,-1.0955192658292034,9.82,-1.300779606909208
626,12.6,1.0676942119088062,11.666666666666666,1.498068299884469,10.62,0.4476098264523788
627,14.4,1.9473356773400483,10.833333333333334,0.5005346207638268,10.57,0.3383354868672818
628,8.8,-0.7893266595571478,10.9,0.5803373150934781,9.8,-1.3444893427432467
629,10.2,-0.10516107533284942,10.3,-0.13788693387338483,9.95,-1.0166663239879519
630,9.4,-0.49611283774673404,9.766666666666667,-0.7763084885105965,9.93,-1.0603760598219907
631,11.0,0.2857906870810361,11.366666666666667,1.1389561754010384,10.48,0.1416416756141034
632,6.4,-1.9621819467988035,9.966666666666667,-0.5369004055216429,10.09,-0.7106981731496724
633,10.0,-0.20289901593632037,11.2,0.9394494395769084,10.58,0.3601903547843012
634,10.6,0.09031480587409334,11.1,0.8197453980824316,10.6,0.40390009061834004
635,11.4,0.48126656828797887,10.8,0.46063327359900125,10.39,-0.05505213563907506
636,12.2,0.8722183307018635,9.633333333333333,-0.935913877169901,10.48,0.1416416756141034
637,14.0,1.7518597961331055,11.1,0.8197453980824316,10.38,-0.07690700355609445
638,10.0,-0.20289901593632037,11.266666666666667,1.0192521339065617,11.33,1.9993054485607908
639,12.8,1.1654321525122782,12.333333333333334,2.296095243180985,11.02,1.321804543133174
640,10.4,-0.007423134729377606,8.433333333333334,-2.3723623751036267,9.53,-1.9345707765027857
641,7.6,-1.375754303177976,9.9,-0.6167030998512941,10.55,0.29462575103324307
642,5.2,-2.5486095904196313,10.466666666666667,0.06161980195074317,10.8,0.8409974489587396
643,11.0,0.2857906870810361,11.7,1.5379696470492945,10.19,-0.4921494939794746
644,10.4,-0.007423134729377606,9.8,-0.7364071413457709,10.39,-0.05505213563907506
645,4.6,-2.8418234122300454,8.833333333333334,-1.8935462091257174,10.66,0.5350292981204603
646,11.6,0.5790045088914498,12.133333333333333,2.0566871601920296,11.29,1.9118859768927094
647,6.6,-1.8644440061953325,8.866666666666667,-1.8536448619608918,9.93,-1.0603760598219907
648,10.4,-0.007423134729377606,10.533333333333333,0.14142249628039436,10.47,0.119786807697084
649,12.8,1.1654321525122782,10.2,-0.25759097536786374,10.19,-0.4921494939794746
650,8.0,-1.1802784219710332,9.033333333333333,-1.6541381261367638,10.13,-0.623278701481591
651,10.4,-0.007423134729377606,9.766666666666667,-0.7763084885105965,9.84,-1.257069871075169
652,9.8,-0.3006369565397913,9.9,-0.6167030998512941,10.26,-0.339165418560335
653,11.4,0.48126656828797887,10.666666666666666,0.30102788493969673,9.77,-1.4100539464943087
654,7.8,-1.2780163625745047,10.4,-0.01818289237890803,10.54,0.2727708831162198
655,6.2,-2.0599198874022746,10.2,-0.25759097536786374,10.73,0.6880133735395999
656,6.6,-1.8644440061953325,10.166666666666666,-0.2974923225326893,10.41,-0.011342399805036268
657,6.6,-1.8644440061953325,11.466666666666667,1.2586602168955152,10.72,0.6661585056225805
658,10.2,-0.10516107533284942,9.433333333333334,-1.1753219601588545,10.5,0.18535141144814218
659,11.2,0.383528627684507,11.4,1.1788575225658642,9.89,-1.147795531490068
660,11.2,0.383528627684507,11.933333333333334,1.8172790772030758,11.54,2.458257674818206
661,13.0,1.263170093115749,11.466666666666667,1.2586602168955152,10.87,0.9939815243778753
662,10.8,0.18805274647756515,10.4,-0.01818289237890803,10.66,0.5350292981204603
663,9.4,-0.49611283774673404,9.1,-1.5743354318071128,9.82,-1.300779606909208
664,4.6,-2.8418234122300454,9.2,-1.4546313903126358,9.95,-1.0166663239879519
665,12.2,0.8722183307018635,11.366666666666667,1.1389561754010384,10.59,0.38204522270132063
666,9.4,-0.49611283774673404,10.833333333333334,0.5005346207638268,10.64,0.4913195622864215
667,8.2,-1.0825404813675623,10.2,-0.25759097536786374,10.28,-0.2954556827262962
668,11.0,0.2857906870810361,10.866666666666667,0.5404359679286524,10.05,-0.79811764481775
669,9.4,-0.49611283774673404,10.466666666666667,0.06161980195074317,10.58,0.3601903547843012
670,9.6,-0.39837489714326313,10.933333333333334,0.6202386622583036,11.08,1.4529337506352944
671,11.0,0.2857906870810361,11.033333333333333,0.7399427037527805,10.54,0.2727708831162198
672,10.4,-0.007423134729377606,10.4,-0.01818289237890803,10.74,0.7098682414566193
673,9.0,-0.6915887189536768,9.133333333333333,-1.534434084642287,9.96,-0.9948114560709285
674,11.0,0.2857906870810361,10.433333333333334,0.02171845478591757,10.55,0.29462575103324307
675,10.8,0.18805274647756515,9.3,-1.334927348818157,10.17,-0.5358592298135134
676,9.6,-0.39837489714326313,9.866666666666667,-0.6566044470161196,9.78,-1.3881990785772893
677,11.0,0.2857906870810361,9.8,-0.7364071413457709,10.13,-0.623278701481591
678,11.6,0.5790045088914498,11.7,1.5379696470492945,11.21,1.7370470335565542
679,7.8,-1.2780163625745047,9.933333333333334,-0.5768017526864685,10.1,-0.688843305232653
680,9.2,-0.5938507783502058,10.766666666666667,0.4207319264341757,10.89,1.037691260211918
681,11.0,0.2857906870810361,9.533333333333333,-1.0556179186643777,10.2,-0.47029462606245526
682,9.6,-0.39837489714326313,10.433333333333334,0.02171845478591757,10.99,1.256239939382116
683,10.0,-0.20289901593632037,10.8,0.46063327359900125,10.19,-0.4921494939794746
684,9.4,-0.49611283774673404,10.266666666666667,-0.17778828103821043,10.59,0.38204522270132063
685,10.8,0.18805274647756515,10.2,-0.25759097536786374,10.21,-0.44843975814543197
686,12.4,0.9699562713053353,11.366666666666667,1.1389561754010384,10.69,0.6005939018715185
687,9.4,-0.49611283774673404,10.066666666666666,-0.41719636402716614,10.86,0.9721266564608559
688,10.0,-0.20289901593632037,11.133333333333333,0.8596467452472573,10.49,0.16349654353112278
689,5.2,-2.5486095904196313,8.3,-2.531967763762929,9.58,-1.825296436917685
690,11.6,0.5790045088914498,10.766666666666667,0.4207319264341757,10.43,0.032367336029002526
691,13.6,1.5563839149261627,11.2,0.9394494395769084,10.54,0.2727708831162198
692,11.6,0.5790045088914498,10.666666666666666,0.30102788493969673,10.06,-0.7762627769007306
693,11.4,0.48126656828797887,10.533333333333333,0.14142249628039436,10.19,-0.4921494939794746
694,8.6,-0.8870646001606196,11.633333333333333,1.4581669527196433,11.44,2.2397089956480083
695,9.6,-0.39837489714326313,10.6,0.22122519061004556,10.22,-0.42658489022841256
696,12.6,1.0676942119088062,10.4,-0.01818289237890803,9.78,-1.3881990785772893
697,10.2,-0.10516107533284942,9.966666666666667,-0.5369004055216429,10.08,-0.7325530410666918
698,11.4,0.48126656828797887,11.533333333333333,1.3384629112251665,10.51,0.2072062793651616
699,8.6,-0.8870646001606196,10.733333333333333,0.38083057926934794,9.82,-1.300779606909208
700,11.0,0.2857906870810361,9.833333333333334,-0.6965057941809453,10.31,-0.22989107897523411
701,7.4,-1.473492243781447,9.4,-1.2152233073236802,9.83,-1.2789247389921885
702,8.6,-0.8870646001606196,10.966666666666667,0.6601400094231292,10.6,0.40390009061834004
703,10.0,-0.20289901593632037,10.466666666666667,0.06161980195074317,10.49,0.16349654353112278
704,11.2,0.383528627684507,9.566666666666666,-1.0157165714995522,9.78,-1.3881990785772893
705,10.2,-0.10516107533284942,10.133333333333333,-0.33739366969751494,10.2,-0.47029462606245526
706,12.0,0.7744803900983925,9.7,-0.8561111828402498,10.26,-0.339165418560335
707,13.2,1.3609080337192199,8.466666666666667,-2.332461027938801,10.02,-0.8636822485688121
708,10.4,-0.007423134729377606,10.066666666666666,-0.41719636402716614,10.29,-0.2736008148092768
709,11.2,0.383528627684507,9.9,-0.6167030998512941,10.24,-0.38287515439437375
710,11.6,0.5790045088914498,11.533333333333333,1.3384629112251665,11.49,2.348983335233109
711,12.2,0.8722183307018635,10.333333333333334,-0.09798558670855922,10.84,0.9284169206268171
712,10.6,0.09031480587409334,11.433333333333334,1.2187588697306897,10.19,-0.4921494939794746
713,8.8,-0.7893266595571478,10.966666666666667,0.6601400094231292,10.86,0.9721266564608559
714,8.6,-0.8870646001606196,8.833333333333334,-1.8935462091257174,10.21,-0.44843975814543197
715,6.8,-1.7667060655918612,9.133333333333333,-1.534434084642287,10.43,0.032367336029002526
716,11.0,0.2857906870810361,9.733333333333333,-0.8162098356754242,10.28,-0.2954556827262962
717,13.4,1.4586459743226918,11.566666666666666,1.378364258389992,11.01,1.2999496752161548
718,7.0,-1.6689681249883896,10.433333333333334,0.02171845478591757,10.52,0.22906114728218097
719,11.8,0.6767424494949216,10.133333333333333,-0.33739366969751494,10.47,0.119786807697084
720,8.2,-1.0825404813675623,9.366666666666667,-1.2551246544885057,10.31,-0.22989107897523411
721,13.0,1.263170093115749,11.6,1.4182656055548177,10.72,0.6661585056225805
722,11.0,0.2857906870810361,10.066666666666666,-0.41719636402716614,10.01,-0.8855371164858316
723,3.6,-3.3305131152474017,8.466666666666667,-2.332461027938801,9.95,-1.0166663239879519
724,10.4,-0.007423134729377606,11.366666666666667,1.1389561754010384,10.27,-0.3173105506433156
725,11.6,0.5790045088914498,11.866666666666667,1.7374763828734245,10.32,-0.2080362110582147
726,8.6,-0.8870646001606196,10.433333333333334,0.02171845478591757,10.38,-0.07690700355609445
727,11.2,0.383528627684507,10.4,-0.01818289237890803,9.84,-1.257069871075169
728,5.0,-2.646347531023103,10.266666666666667,-0.17778828103821043,9.92,-1.0822309277390099
729,12.8,1.1654321525122782,10.566666666666666,0.18132384344521996,10.05,-0.79811764481775
730,7.6,-1.375754303177976,8.833333333333334,-1.8935462091257174,10.26,-0.339165418560335
731,10.8,0.18805274647756515,10.2,-0.25759097536786374,10.77,0.7754328452076775
732,7.2,-1.5712301843849183,10.066666666666666,-0.41719636402716614,10.55,0.29462575103324307
733,11.6,0.5790045088914498,10.1,-0.3772950168623405,10.93,1.1251107318799956
734,10.4,-0.007423134729377606,9.0,-1.6940394733015895,10.15,-0.5795689656475522
735,8.6,-0.8870646001606196,9.1,-1.5743354318071128,9.87,-1.1915052673241109
736,12.0,0.7744803900983925,11.533333333333333,1.3384629112251665,10.78,0.7972877131246969
737,9.2,-0.5938507783502058,10.366666666666667,-0.05808423954373362,10.59,0.38204522270132063
738,7.8,-1.2780163625745047,10.933333333333334,0.6202386622583036,10.93,1.1251107318799956
739,10.8,0.18805274647756515,10.466666666666667,0.06161980195074317,10.19,-0.4921494939794746
740,10.2,-0.10516107533284942,10.1,-0.3772950168623405,10.23,-0.40473002231139316
741,9.0,-0.6915887189536768,9.433333333333334,-1.1753219601588545,10.6,0.40390009061834004
742,10.2,-0.10516107533284942,11.166666666666666,0.8995480924120828,10.87,0.9939815243778753
743,11.4,0.48126656828797887,9.9,-0.6167030998512941,10.97,1.2125302035480772
744,10.2,-0.10516107533284942,9.466666666666667,-1.135420612994029,10.23,-0.40473002231139316
745,10.8,0.18805274647756515,10.0,-0.4969990583568173,9.96,-0.9948114560709285
746,12.2,0.8722183307018635,9.966666666666667,-0.5369004055216429,9.95,-1.0166663239879519
747,12.0,0.7744803900983925,11.2,0.9394494395769084,10.78,0.7972877131246969
748,12.6,1.0676942119088062,11.266666666666667,1.0192521339065617,10.33,-0.18618134314119533
749,10.6,0.09031480587409334,10.066666666666666,-0.41719636402716614,9.6,-1.7815867010836461
750,12.0,0.7744803900983925,10.566666666666666,0.18132384344521996,11.05,1.3873691468842362
751,9.0,-0.6915887189536768,10.566666666666666,0.18132384344521996,10.67,0.5568841660374797
752,7.4,-1.473492243781447,10.133333333333333,-0.33739366969751494,10.84,0.9284169206268171
753,12.2,0.8722183307018635,9.566666666666666,-1.0157165714995522,9.63,-1.7160220973325842
754,12.2,0.8722183307018635,10.266666666666667,-0.17778828103821043,10.12,-0.6451335693986143
755,14.6,2.045073617943519,10.7,0.34092923210452236,10.89,1.037691260211918
756,12.6,1.0676942119088062,10.033333333333333,-0.4570977111919917,10.58,0.3601903547843012
757,12.4,0.9699562713053353,9.133333333333333,-1.534434084642287,10.4,-0.03319726772205566
758,7.0,-1.6689681249883896,9.5,-1.0955192658292034,10.18,-0.514004361896494
759,10.2,-0.10516107533284942,9.666666666666666,-0.8960125300050754,10.3,-0.2517459468922535
760,12.8,1.1654321525122782,10.966666666666667,0.6601400094231292,10.87,0.9939815243778753
761,10.4,-0.007423134729377606,10.333333333333334,-0.09798558670855922,10.81,0.862852316875759
762,7.0,-1.6689681249883896,9.8,-0.7364071413457709,10.95,1.1688204677140344
763,7.6,-1.375754303177976,8.3,-2.531967763762929,9.69,-1.5848928898304677
764,14.0,1.7518597961331055,12.833333333333334,2.894615450653371,11.07,1.431078882718275
765,11.6,0.5790045088914498,9.9,-0.6167030998512941,10.86,0.9721266564608559
766,9.6,-0.39837489714326313,9.233333333333333,-1.4147300431478103,9.69,-1.5848928898304677
767,9.2,-0.5938507783502058,10.9,0.5803373150934781,10.28,-0.2954556827262962
768,11.8,0.6767424494949216,10.166666666666666,-0.2974923225326893,10.54,0.2727708831162198
769,9.6,-0.39837489714326313,9.966666666666667,-0.5369004055216429,10.53,0.25091601519920037
770,9.2,-0.5938507783502058,10.3,-0.13788693387338483,10.57,0.3383354868672818
771,11.4,0.48126656828797887,9.2,-1.4546313903126358,10.52,0.22906114728218097
772,10.6,0.09031480587409334,9.7,-0.8561111828402498,9.91,-1.1040857956560293
773,14.0,1.7518597961331055,12.366666666666667,2.3359965903458106,11.12,1.540353222303372
774,10.2,-0.10516107533284942,10.333333333333334,-0.09798558670855922,10.19,-0.4921494939794746
775,6.6,-1.8644440061953325,9.833333333333334,-0.6965057941809453,10.1,-0.688843305232653
776,7.4,-1.473492243781447,8.8,-1.933447556290543,9.49,-2.0219902481708636
777,8.4,-0.9848025407640905,9.866666666666667,-0.6566044470161196,10.49,0.16349654353112278
778,13.6,1.5563839149261627,12.1,2.016785813027204,10.6,0.40390009061834004
779,15.0,2.240549499150462,9.166666666666666,-1.4945327374774615,9.36,-2.3061035310921234
780,12.4,0.9699562713053353,11.133333333333333,0.8596467452472573,10.66,0.5350292981204603
781,7.6,-1.375754303177976,10.9,0.5803373150934781,10.47,0.119786807697084
782,10.4,-0.007423134729377606,10.6,0.22122519061004556,10.12,-0.6451335693986143
783,11.4,0.48126656828797887,10.633333333333333,0.26112653777487116,10.11,-0.6669884373156337
784,9.8,-0.3006369565397913,11.3,1.0591534810713874,11.0,1.2780948072991354
785,9.0,-0.6915887189536768,9.966666666666667,-0.5369004055216429,9.78,-1.3881990785772893
786,11.6,0.5790045088914498,11.066666666666666,0.779844050917606,10.51,0.2072062793651616
787,12.2,0.8722183307018635,10.966666666666667,0.6601400094231292,10.98,1.2343850714650966
788,9.4,-0.49611283774673404,10.233333333333333,-0.21768962820303814,10.22,-0.42658489022841256
789,9.0,-0.6915887189536768,10.8,0.46063327359900125,11.04,1.3655142789672128
790,9.2,-0.5938507783502058,9.733333333333333,-0.8162098356754242,11.1,1.4966434864693332
791,10.2,-0.10516107533284942,9.4,-1.2152233073236802,10.35,-0.14247160730715652
792,10.6,0.09031480587409334,11.1,0.8197453980824316,10.72,0.6661585056225805
793,11.2,0.383528627684507,10.1,-0.3772950168623405,9.65,-1.6723123614985453
794,9.8,-0.3006369565397913,10.733333333333333,0.38083057926934794,10.28,-0.2954556827262962
795,10.4,-0.007423134729377606,10.933333333333334,0.6202386622583036,11.08,1.4529337506352944
796,12.0,0.7744803900983925,11.233333333333333,0.979350786741734,10.6,0.40390009061834004
797,11.0,0.2857906870810361,9.033333333333333,-1.6541381261367638,10.6,0.40390009061834004
798,13.4,1.4586459743226918,9.766666666666667,-0.7763084885105965,10.29,-0.2736008148092768
799,11.6,0.5790045088914498,10.4,-0.01818289237890803,10.16,-0.5577140977305328
800,9.8,-0.3006369565397913,8.933333333333334,-1.7738421676312406,9.85,-1.2352150031581497
801,10.0,-0.20289901593632037,10.433333333333334,0.02171845478591757,10.14,-0.6014238335645716
802,12.6,1.0676942119088062,11.166666666666666,0.8995480924120828,10.39,-0.05505213563907506
803,9.0,-0.6915887189536768,10.0,-0.4969990583568173,9.71,-1.5411831539964251
804,11.8,0.6767424494949216,8.933333333333334,-1.7738421676312406,10.12,-0.6451335693986143
805,10.6,0.09031480587409334,9.766666666666667,-0.7763084885105965,10.61,0.42575495853535944
806,11.4,0.48126656828797887,11.366666666666667,1.1389561754010384,10.33,-0.18618134314119533
807,10.4,-0.007423134729377606,9.1,-1.5743354318071128,9.79,-1.36634421066027
808,5.4,-2.45087164981616,10.433333333333334,0.02171845478591757,10.85,0.9502717885438365
809,11.4,0.48126656828797887,10.633333333333333,0.26112653777487116,10.25,-0.36102028647735435
810,12.6,1.0676942119088062,11.033333333333333,0.7399427037527805,9.74,-1.475618550245367
811,10.4,-0.007423134729377606,10.5,0.10152114911556875,10.84,0.9284169206268171
812,11.6,0.5790045088914498,11.666666666666666,1.498068299884469,9.94,-1.0385211919049713
813,9.8,-0.3006369565397913,10.166666666666666,-0.2974923225326893,10.45,0.07607707186304132
814,14.6,2.045073617943519,11.433333333333334,1.2187588697306897,11.02,1.321804543133174
815,8.0,-1.1802784219710332,10.9,0.5803373150934781,10.41,-0.011342399805036268
816,10.8,0.18805274647756515,11.1,0.8197453980824316,10.73,0.6880133735395999
817,10.4,-0.007423134729377606,11.566666666666666,1.378364258389992,11.15,1.605917826054434
818,8.4,-0.9848025407640905,8.666666666666666,-2.0930529449498474,10.15,-0.5795689656475522
819,8.6,-0.8870646001606196,10.766666666666667,0.4207319264341757,10.86,0.9721266564608559
820,8.6,-0.8870646001606196,9.7,-0.8561111828402498,10.64,0.4913195622864215
821,11.6,0.5790045088914498,10.066666666666666,-0.41719636402716614,9.77,-1.4100539464943087
822,8.0,-1.1802784219710332,9.766666666666667,-0.7763084885105965,10.29,-0.2736008148092768
823,11.6,0.5790045088914498,11.233333333333333,0.979350786741734,10.54,0.2727708831162198
824,10.4,-0.007423134729377606,10.566666666666666,0.18132384344521996,10.04,-0.8199725127347733
825,7.4,-1.473492243781447,10.533333333333333,0.14142249628039436,10.51,0.2072062793651616
826,10.0,-0.20289901593632037,9.366666666666667,-1.2551246544885057,10.0,-0.907391984402851
827,13.2,1.3609080337192199,11.833333333333334,1.697575035708599,10.88,1.0158363922948987
828,10.0,-0.20289901593632037,9.266666666666667,-1.3748286959829825,9.83,-1.2789247389921885
829,9.8,-0.3006369565397913,9.1,-1.5743354318071128,9.94,-1.0385211919049713
830,11.8,0.6767424494949216,10.866666666666667,0.5404359679286524,10.92,1.1032558639629761
831,11.8,0.6767424494949216,11.0,0.7000413565879549,10.84,0.9284169206268171
832,8.2,-1.0825404813675623,9.933333333333334,-0.5768017526864685,10.32,-0.2080362110582147
833,7.0,-1.6689681249883896,9.966666666666667,-0.5369004055216429,10.13,-0.623278701481591
834,9.4,-0.49611283774673404,11.0,0.7000413565879549,10.6,0.40390009061834004
835,7.6,-1.375754303177976,9.9,-0.6167030998512941,10.87,0.9939815243778753
836,10.8,0.18805274647756515,11.466666666666667,1.2586602168955152,9.58,-1.825296436917685
837,10.6,0.09031480587409334,10.0,-0.4969990583568173,10.59,0.38204522270132063
838,10.4,-0.007423134729377606,10.133333333333333,-0.33739366969751494,10.26,-0.339165418560335
839,11.0,0.2857906870810361,11.666666666666666,1.498068299884469,11.01,1.2999496752161548
840,10.2,-0.10516107533284942,10.3,-0.13788693387338483,10.28,-0.2954556827262962
841,10.8,0.18805274647756515,11.8,1.6576736885437735,10.66,0.5350292981204603
842,11.0,0.2857906870810361,8.733333333333333,-2.0132502506201964,10.03,-0.8418273806517927
843,10.2,-0.10516107533284942,9.333333333333334,-1.2950260016533313,9.68,-1.6067477577474871
844,10.0,-0.20289901593632037,11.266666666666667,1.0192521339065617,11.15,1.605917826054434
845,7.8,-1.2780163625745047,10.8,0.46063327359900125,10.26,-0.339165418560335
846,9.4,-0.49611283774673404,10.166666666666666,-0.2974923225326893,10.09,-0.7106981731496724
847,11.2,0.383528627684507,10.166666666666666,-0.2974923225326893,9.76,-1.4319088144113281
848,8.0,-1.1802784219710332,10.166666666666666,-0.2974923225326893,10.08,-0.7325530410666918
849,11.4,0.48126656828797887,10.566666666666666,0.18132384344521996,10.93,1.1251107318799956
850,8.8,-0.7893266595571478,10.2,-0.25759097536786374,10.66,0.5350292981204603
851,7.2,-1.5712301843849183,9.9,-0.6167030998512941,10.07,-0.7544079089837112
852,6.2,-2.0599198874022746,10.133333333333333,-0.33739366969751494,10.28,-0.2954556827262962
853,12.0,0.7744803900983925,10.666666666666666,0.30102788493969673,10.94,1.146965599797015
854,9.8,-0.3006369565397913,9.566666666666666,-1.0157165714995522,10.55,0.29462575103324307
855,11.0,0.2857906870810361,10.8,0.46063327359900125,10.73,0.6880133735395999
856,12.4,0.9699562713053353,10.733333333333333,0.38083057926934794,10.89,1.037691260211918
857,13.2,1.3609080337192199,9.9,-0.6167030998512941,10.49,0.16349654353112278
858,11.4,0.48126656828797887,10.7,0.34092923210452236,10.1,-0.688843305232653
859,12.0,0.7744803900983925,8.833333333333334,-1.8935462091257174,10.46,0.09793193978006459
860,12.2,0.8722183307018635,11.0,0.7000413565879549,9.93,-1.0603760598219907
861,8.2,-1.0825404813675623,9.966666666666667,-0.5369004055216429,10.67,0.5568841660374797
862,7.0,-1.6689681249883896,9.166666666666666,-1.4945327374774615,9.97,-0.9729565881539091
863,10.0,-0.20289901593632037,9.233333333333333,-1.4147300431478103,9.72,-1.5193282860794057
864,10.8,0.18805274647756515,10.233333333333333,-0.21768962820303814,10.06,-0.7762627769007306
865,12.8,1.1654321525122782,11.066666666666666,0.779844050917606,10.77,0.7754328452076775
866,10.8,0.18805274647756515,11.466666666666667,1.2586602168955152,10.77,0.7754328452076775
867,8.4,-0.9848025407640905,10.0,-0.4969990583568173,9.9,-1.1259406635730487
868,8.6,-0.8870646001606196,10.233333333333333,-0.21768962820303814,10.64,0.4913195622864215
869,9.4,-0.49611283774673404,10.566666666666666,0.18132384344521996,9.95,-1.0166663239879519
870,12.0,0.7744803900983925,10.533333333333333,0.14142249628039436,9.93,-1.0603760598219907
871,12.8,1.1654321525122782,11.4,1.1788575225658642,10.5,0.18535141144814218
872,8.2,-1.0825404813675623,11.5,1.298561564060341,10.71,0.6443036377055611
873,7.2,-1.5712301843849183,9.633333333333333,-0.935913877169901,10.59,0.38204522270132063
874,9.8,-0.3006369565397913,10.733333333333333,0.38083057926934794,10.73,0.6880133735395999
875,11.2,0.383528627684507,10.366666666666667,-0.05808423954373362,10.27,-0.3173105506433156
876,8.6,-0.8870646001606196,9.7,-0.8561111828402498,10.1,-0.688843305232653
877,6.8,-1.7667060655918612,10.6,0.22122519061004556,10.39,-0.05505213563907506
878,10.4,-0.007423134729377606,10.2,-0.25759097536786374,10.77,0.7754328452076775
879,14.8,2.142811558546991,11.633333333333333,1.4581669527196433,10.73,0.6880133735395999
880,11.2,0.383528627684507,10.333333333333334,-0.09798558670855922,10.62,0.4476098264523788
881,9.0,-0.6915887189536768,9.433333333333334,-1.1753219601588545,9.96,-0.9948114560709285
882,11.8,0.6767424494949216,12.233333333333333,2.1763912016865063,11.6,2.5893868823203263
883,7.2,-1.5712301843849183,10.866666666666667,0.5404359679286524,10.75,0.7317231093736387
884,9.8,-0.3006369565397913,10.4,-0.01818289237890803,10.22,-0.42658489022841256
885,10.8,0.18805274647756515,8.766666666666667,-1.9733489034553686,9.78,-1.3881990785772893
886,8.4,-0.9848025407640905,10.533333333333333,0.14142249628039436,10.9,1.0595461281289373
887,10.6,0.09031480587409334,9.966666666666667,-0.5369004055216429,10.44,0.054222203946021924
888,11.4,0.48126656828797887,10.066666666666666,-0.41719636402716614,9.79,-1.36634421066027
889,9.2,-0.5938507783502058,9.933333333333334,-0.5768017526864685,10.88,1.0158363922948987
890,10.2,-0.10516107533284942,10.833333333333334,0.5005346207638268,10.69,0.6005939018715185
891,12.0,0.7744803900983925,11.0,0.7000413565879549,10.24,-0.38287515439437375
892,8.6,-0.8870646001606196,10.033333333333333,-0.4570977111919917,10.18,-0.514004361896494
893,6.6,-1.8644440061953325,10.4,-0.01818289237890803,10.48,0.1416416756141034
894,7.2,-1.5712301843849183,8.9,-1.8137435147960663,9.72,-1.5193282860794057
895,8.6,-0.8870646001606196,10.7,0.34092923210452236,10.3,-0.2517459468922535
896,10.2,-0.10516107533284942,11.166666666666666,0.8995480924120828,10.57,0.3383354868672818
897,11.8,0.6767424494949216,11.566666666666666,1.378364258389992,10.98,1.2343850714650966
898,13.2,1.3609080337192199,12.2,2.1364898545216806,10.89,1.037691260211918
899,12.4,0.9699562713053353,10.633333333333333,0.26112653777487116,10.5,0.18535141144814218
900,11.2,0.383528627684507,10.766666666666667,0.4207319264341757,10.23,-0.40473002231139316
901,9.0,-0.6915887189536768,11.0,0.7000413565879549,10.64,0.4913195622864215
902,10.8,0.18805274647756515,10.133333333333333,-0.33739366969751494,9.67,-1.6286026256645065
903,10.4,-0.007423134729377606,10.333333333333334,-0.09798558670855922,10.66,0.5350292981204603
904,11.2,0.383528627684507,9.7,-0.8561111828402498,10.32,-0.2080362110582147
905,8.8,-0.7893266595571478,9.833333333333334,-0.6965057941809453,10.48,0.1416416756141034
906,12.4,0.9699562713053353,9.966666666666667,-0.5369004055216429,10.31,-0.22989107897523411
907,11.4,0.48126656828797887,9.733333333333333,-0.8162098356754242,10.35,-0.14247160730715652
908,7.0,-1.6689681249883896,9.5,-1.0955192658292034,9.58,-1.825296436917685
909,9.4,-0.49611283774673404,9.933333333333334,-0.5768017526864685,10.75,0.7317231093736387
910,13.4,1.4586459743226918,9.866666666666667,-0.6566044470161196,10.0,-0.907391984402851
911,12.0,0.7744803900983925,10.5,0.10152114911556875,10.86,0.9721266564608559
912,9.6,-0.39837489714326313,10.8,0.46063327359900125,10.2,-0.47029462606245526
913,10.8,0.18805274647756515,10.366666666666667,-0.05808423954373362,10.11,-0.6669884373156337
914,10.8,0.18805274647756515,10.8,0.46063327359900125,11.1,1.4966434864693332
915,8.0,-1.1802784219710332,10.166666666666666,-0.2974923225326893,10.55,0.29462575103324307
916,3.8,-3.2327751746439306,9.966666666666667,-0.5369004055216429,10.93,1.1251107318799956
917,11.4,0.48126656828797887,11.633333333333333,1.4581669527196433,10.46,0.09793193978006459
918,9.4,-0.49611283774673404,12.266666666666667,2.216292548851334,10.8,0.8409974489587396
919,10.2,-0.10516107533284942,10.233333333333333,-0.21768962820303814,9.75,-1.4537636823283475
920,8.2,-1.0825404813675623,10.9,0.5803373150934781,10.64,0.4913195622864215
921,7.8,-1.2780163625745047,9.266666666666667,-1.3748286959829825,10.09,-0.7106981731496724
922,10.2,-0.10516107533284942,11.1,0.8197453980824316,10.06,-0.7762627769007306
923,13.4,1.4586459743226918,10.4,-0.01818289237890803,10.73,0.6880133735395999
924,3.6,-3.3305131152474017,7.733333333333333,-3.2102906655649672,9.56,-1.8690061727517238
925,13.0,1.263170093115749,11.566666666666666,1.378364258389992,11.15,1.605917826054434
926,9.0,-0.6915887189536768,10.533333333333333,0.14142249628039436,10.59,0.38204522270132063
927,10.2,-0.10516107533284942,10.366666666666667,-0.05808423954373362,10.08,-0.7325530410666918
928,10.4,-0.007423134729377606,9.966666666666667,-0.5369004055216429,11.28,1.89003110897569
929,7.6,-1.375754303177976,10.733333333333333,0.38083057926934794,10.15,-0.5795689656475522
930,10.0,-0.20289901593632037,10.9,0.5803373150934781,10.99,1.256239939382116
931,14.2,1.8495977367365763,11.266666666666667,1.0192521339065617,10.69,0.6005939018715185
932,5.2,-2.5486095904196313,10.166666666666666,-0.2974923225326893,10.11,-0.6669884373156337
933,11.0,0.2857906870810361,10.866666666666667,0.5404359679286524,11.22,1.7589019014735736
934,12.2,0.8722183307018635,11.8,1.6576736885437735,10.34,-0.16432647522417593
935,6.8,-1.7667060655918612,10.533333333333333,0.14142249628039436,10.23,-0.40473002231139316
936,9.8,-0.3006369565397913,10.533333333333333,0.14142249628039436,10.4,-0.03319726772205566
937,11.8,0.6767424494949216,10.666666666666666,0.30102788493969673,9.93,-1.0603760598219907
938,10.2,-0.10516107533284942,12.233333333333333,2.1763912016865063,10.89,1.037691260211918
939,10.0,-0.20289901593632037,8.866666666666667,-1.8536448619608918,9.44,-2.131264587755964
940,9.8,-0.3006369565397913,11.1,0.8197453980824316,10.82,0.8847071847927784
941,12.2,0.8722183307018635,11.3,1.0591534810713874,10.85,0.9502717885438365
942,8.6,-0.8870646001606196,10.633333333333333,0.26112653777487116,10.3,-0.2517459468922535
943,9.8,-0.3006369565397913,9.066666666666666,-1.6142367789719383,9.9,-1.1259406635730487
944,11.2,0.383528627684507,11.1,0.8197453980824316,10.24,-0.38287515439437375
945,11.4,0.48126656828797887,10.3,-0.13788693387338483,11.01,1.2999496752161548
946,11.4,0.48126656828797887,10.633333333333333,0.26112653777487116,10.04,-0.8199725127347733
947,7.6,-1.375754303177976,9.166666666666666,-1.4945327374774615,10.07,-0.7544079089837112
948,11.6,0.5790045088914498,11.266666666666667,1.0192521339065617,10.52,0.22906114728218097
949,7.6,-1.375754303177976,9.366666666666667,-1.2551246544885057,10.05,-0.79811764481775
950,15.0,2.240549499150462,11.1,0.8197453980824316,11.0,1.2780948072991354
951,10.4,-0.007423134729377606,9.666666666666666,-0.8960125300050754,9.47,-2.0656999840049024
952,12.2,0.8722183307018635,10.933333333333334,0.6202386622583036,10.51,0.2072062793651616
953,7.4,-1.473492243781447,9.633333333333333,-0.935913877169901,9.92,-1.0822309277390099
954,7.8,-1.2780163625745047,10.066666666666666,-0.41719636402716614,9.98,-0.9511017202368897
955,11.6,0.5790045088914498,10.133333333333333,-0.33739366969751494,10.27,-0.3173105506433156
956,12.2,0.8722183307018635,10.033333333333333,-0.4570977111919917,9.55,-1.8908610406687432
957,11.0,0.2857906870810361,9.833333333333334,-0.6965057941809453,10.42,0.010512468111983128
958,7.2,-1.5712301843849183,10.566666666666666,0.18132384344521996,10.6,0.40390009061834004
959,9.8,-0.3006369565397913,10.233333333333333,-0.21768962820303814,10.77,0.7754328452076775
960,12.4,0.9699562713053353,11.2,0.9394494395769084,10.62,0.4476098264523788
961,8.6,-0.8870646001606196,10.0,-0.4969990583568173,9.96,-0.9948114560709285
962,11.2,0.383528627684507,10.933333333333334,0.6202386622583036,10.23,-0.40473002231139316
963,11.8,0.6767424494949216,9.4,-1.2152233073236802,10.24,-0.38287515439437375
964,9.8,-0.3006369565397913,10.133333333333333,-0.33739366969751494,10.8,0.8409974489587396
965,9.8,-0.3006369565397913,10.033333333333333,-0.4570977111919917,10.26,-0.339165418560335
966,11.8,0.6767424494949216,11.166666666666666,0.8995480924120828,11.04,1.3655142789672128
967,10.6,0.09031480587409334,9.7,-0.8561111828402498,10.5,0.18535141144814218
968,5.6,-2.3531337092126887,9.833333333333334,-0.6965057941809453,10.5,0.18535141144814218
969,10.6,0.09031480587409334,10.733333333333333,0.38083057926934794,10.44,0.054222203946021924
970,12.4,0.9699562713053353,11.433333333333334,1.2187588697306897,10.07,-0.7544079089837112
971,8.4,-0.9848025407640905,10.066666666666666,-0.41719636402716614,10.13,-0.623278701481591
972,10.8,0.18805274647756515,10.0,-0.4969990583568173,10.36,-0.12061673939013713
973,12.0,0.7744803900983925,11.9,1.7773777300382503,10.69,0.6005939018715185
974,8.8,-0.7893266595571478,10.4,-0.01818289237890803,9.87,-1.1915052673241109
975,12.0,0.7744803900983925,10.3,-0.13788693387338483,10.74,0.7098682414566193
976,10.0,-0.20289901593632037,11.166666666666666,0.8995480924120828,11.2,1.715192165639531
977,10.2,-0.10516107533284942,11.266666666666667,1.0192521339065617,10.8,0.8409974489587396
978,14.4,1.9473356773400483,9.1,-1.5743354318071128,9.71,-1.5411831539964251
979,9.0,-0.6915887189536768,9.866666666666667,-0.6566044470161196,10.44,0.054222203946021924
980,12.4,0.9699562713053353,10.333333333333334,-0.09798558670855922,10.64,0.4913195622864215
981,9.0,-0.6915887189536768,11.966666666666667,1.8571804243679013,10.78,0.7972877131246969
982,11.6,0.5790045088914498,10.533333333333333,0.14142249628039436,10.59,0.38204522270132063
983,11.6,0.5790045088914498,11.3,1.0591534810713874,10.73,0.6880133735395999
984,14.0,1.7518597961331055,10.566666666666666,0.18132384344521996,10.9,1.0595461281289373
985,14.2,1.8495977367365763,11.1,0.8197453980824316,10.75,0.7317231093736387
986,12.0,0.7744803900983925,10.833333333333334,0.5005346207638268,10.52,0.22906114728218097
987,6.2,-2.0599198874022746,8.733333333333333,-2.0132502506201964,9.35,-2.327958399009143
988,9.4,-0.49611283774673404,11.833333333333334,1.697575035708599,10.79,0.8191425810417163
989,12.2,0.8722183307018635,12.3,2.2561938960161596,11.34,2.0211603164778102
990,11.4,0.48126656828797887,11.133333333333333,0.8596467452472573,10.61,0.42575495853535944
991,13.6,1.5563839149261627,11.066666666666666,0.779844050917606,10.96,1.1906753356310578
992,7.2,-1.5712301843849183,10.866666666666667,0.5404359679286524,11.06,1.4092240148012556
993,10.6,0.09031480587409334,10.166666666666666,-0.2974923225326893,9.91,-1.1040857956560293
994,13.4,1.4586459743226918,10.3,-0.13788693387338483,9.46,-2.087554851921922
995,8.8,-0.7893266595571478,9.966666666666667,-0.5369004055216429,10.09,-0.7106981731496724
996,11.8,0.6767424494949216,10.433333333333334,0.02171845478591757,10.28,-0.2954556827262962
997,7.2,-1.5712301843849183,9.566666666666666,-1.0157165714995522,10.09,-0.7106981731496724
998,11.8,0.6767424494949216,11.0,0.7000413565879549,10.39,-0.05505213563907506
999,11.4,0.48126656828797887,10.133333333333333,-0.33739366969751494,10.39,-0.05505213563907506
1000,8.4,-0.9848025407640905,10.0,-0.4969990583568173,10.65,0.5131744302034409
1001,13.6,1.5563839149261627,7.7,-3.250192012729793,9.55,-1.8908610406687432
1002,10.4,-0.007423134729377606,12.2,2.1364898545216806,11.4,2.1522895239799307
1003,6.0,-2.157657828005746,10.166666666666666,-0.2974923225326893,10.43,0.032367336029002526
1004,13.2,1.3609080337192199,9.766666666666667,-0.7763084885105965,9.45,-2.1094097198389448
1005,9.8,-0.3006369565397913,10.233333333333333,-0.21768962820303814,9.9,-1.1259406635730487
1006,5.8,-2.2553957686092176,8.633333333333333,-2.132954292114673,9.77,-1.4100539464943087
1007,11.6,0.5790045088914498,9.566666666666666,-1.0157165714995522,10.13,-0.623278701481591
1008,6.8,-1.7667060655918612,9.733333333333333,-0.8162098356754242,10.05,-0.79811764481775
1009,11.6,0.5790045088914498,10.833333333333334,0.5005346207638268,10.52,0.22906114728218097
1010,7.8,-1.2780163625745047,10.466666666666667,0.06161980195074317,10.2,-0.47029462606245526
1011,12.6,1.0676942119088062,11.266666666666667,1.0192521339065617,10.48,0.1416416756141034
1012,7.6,-1.375754303177976,10.2,-0.25759097536786374,10.11,-0.6669884373156337
1013,12.8,1.1654321525122782,10.233333333333333,-0.21768962820303814,10.22,-0.42658489022841256
1014,10.0,-0.20289901593632037,11.9,1.7773777300382503,10.57,0.3383354868672818
1015,9.8,-0.3006369565397913,10.8,0.46063327359900125,10.44,0.054222203946021924
1016,13.0,1.263170093115749,11.733333333333333,1.57787099421412,10.52,0.22906114728218097
1017,8.2,-1.0825404813675623,9.7,-0.8561111828402498,10.08,-0.7325530410666918
1018,5.8,-2.2553957686092176,10.0,-0.4969990583568173,10.77,0.7754328452076775
1019,10.0,-0.20289901593632037,10.6,0.22122519061004556,10.09,-0.7106981731496724
1020,9.2,-0.5938507783502058,10.5,0.10152114911556875,11.27,1.8681762410586706
1021,11.6,0.5790045088914498,11.533333333333333,1.3384629112251665,10.32,-0.2080362110582147
1022,10.4,-0.007423134729377606,10.133333333333333,-0.33739366969751494,10.47,0.119786807697084
1023,11.2,0.383528627684507,11.266666666666667,1.0192521339065617,10.37,-0.09876187147311774
1024,10.2,-0.10516107533284942,10.266666666666667,-0.17778828103821043,10.08,-0.7325530410666918
1025,7.8,-1.2780163625745047,11.3,1.0591534810713874,10.58,0.3601903547843012
1026,10.6,0.09031480587409334,10.9,0.5803373150934781,10.62,0.4476098264523788
1027,12.4,0.9699562713053353,10.766666666666667,0.4207319264341757,9.9,-1.1259406635730487
1028,5.0,-2.646347531023103,10.4,-0.01818289237890803,10.02,-0.8636822485688121
1029,13.4,1.4586459743226918,11.9,1.7773777300382503,10.8,0.8409974489587396
1030,8.4,-0.9848025407640905,9.666666666666666,-0.8960125300050754,10.31,-0.22989107897523411
1031,5.0,-2.646347531023103,9.2,-1.4546313903126358,10.05,-0.79811764481775
1032,10.0,-0.20289901593632037,10.333333333333334,-0.09798558670855922,10.64,0.4913195622864215
1033,13.0,1.263170093115749,10.3,-0.13788693387338483,10.42,0.010512468111983128
1034,8.4,-0.9848025407640905,10.366666666666667,-0.05808423954373362,10.68,0.5787390339544991
1035,9.0,-0.6915887189536768,9.433333333333334,-1.1753219601588545,10.22,-0.42658489022841256
1036,10.2,-0.10516107533284942,10.533333333333333,0.14142249628039436,10.35,-0.14247160730715652
1037,8.6,-0.8870646001606196,9.5,-1.0955192658292034,10.72,0.6661585056225805
1038,10.4,-0.007423134729377606,10.566666666666666,0.18132384344521996,10.69,0.6005939018715185
1039,10.0,-0.20289901593632037,9.633333333333333,-0.935913877169901,10.86,0.9721266564608559
1040,12.6,1.0676942119088062,9.0,-1.6940394733015895,10.03,-0.8418273806517927
1041,11.4,0.48126656828797887,10.5,0.10152114911556875,9.6,-1.7815867010836461
1042,11.4,0.48126656828797887,11.3,1.0591534810713874,10.53,0.25091601519920037
1043,12.8,1.1654321525122782,11.633333333333333,1.4581669527196433,10.67,0.5568841660374797
1044,10.4,-0.007423134729377606,10.733333333333333,0.38083057926934794,11.06,1.4092240148012556
1045,10.0,-0.20289901593632037,9.8,-0.7364071413457709,10.22,-0.42658489022841256
1046,13.2,1.3609080337192199,10.333333333333334,-0.09798558670855922,10.36,-0.12061673939013713
1047,12.2,0.8722183307018635,11.1,0.8197453980824316,10.99,1.256239939382116
1048,10.6,0.09031480587409334,9.733333333333333,-0.8162098356754242,9.94,-1.0385211919049713
1049,9.2,-0.5938507783502058,11.033333333333333,0.7399427037527805,10.54,0.2727708831162198
1050,9.6,-0.39837489714326313,10.2,-0.25759097536786374,11.52,2.414547938984167
1051,10.0,-0.20289901593632037,10.866666666666667,0.5404359679286524,10.33,-0.18618134314119533
1052,11.6,0.5790045088914498,9.7,-0.8561111828402498,10.08,-0.7325530410666918
1053,9.4,-0.49611283774673404,10.266666666666667,-0.17778828103821043,9.93,-1.0603760598219907
1054,12.2,0.8722183307018635,10.866666666666667,0.5404359679286524,11.35,2.0430151843948297
1055,11.2,0.383528627684507,10.966666666666667,0.6601400094231292,10.66,0.5350292981204603
1056,9.0,-0.6915887189536768,9.7,-0.8561111828402498,10.34,-0.16432647522417593
1057,10.8,0.18805274647756515,8.1,-2.771375846751885,10.12,-0.6451335693986143
1058,9.0,-0.6915887189536768,10.833333333333334,0.5005346207638268,10.9,1.0595461281289373
1059,9.8,-0.3006369565397913,10.966666666666667,0.6601400094231292,10.72,0.6661585056225805
1060,7.2,-1.5712301843849183,7.533333333333333,-3.449698748553922,9.75,-1.4537636823283475
1061,10.0,-0.20289901593632037,9.866666666666667,-0.6566044470161196,10.51,0.2072062793651616
1062,10.0,-0.20289901593632037,10.9,0.5803373150934781,10.44,0.054222203946021924
1063,10.0,-0.20289901593632037,10.6,0.22122519061004556,10.65,0.5131744302034409
1064,12.0,0.7744803900983925,11.4,1.1788575225658642,10.18,-0.514004361896494
1065,9.0,-0.6915887189536768,10.666666666666666,0.30102788493969673,11.21,1.7370470335565542
1066,10.8,0.18805274647756515,10.833333333333334,0.5005346207638268,10.73,0.6880133735395999
1067,11.2,0.383528627684507,10.3,-0.13788693387338483,10.33,-0.18618134314119533
1068,7.0,-1.6689681249883896,10.0,-0.4969990583568173,10.67,0.5568841660374797
1069,10.2,-0.10516107533284942,9.5,-1.0955192658292034,10.31,-0.22989107897523411
1070,8.4,-0.9848025407640905,10.733333333333333,0.38083057926934794,10.85,0.9502717885438365
1071,8.2,-1.0825404813675623,9.766666666666667,-0.7763084885105965,10.24,-0.38287515439437375
1072,12.6,1.0676942119088062,10.266666666666667,-0.17778828103821043,10.84,0.9284169206268171
1073,9.0,-0.6915887189536768,9.566666666666666,-1.0157165714995522,10.44,0.054222203946021924
1074,8.6,-0.8870646001606196,10.333333333333334,-0.09798558670855922,10.33,-0.18618134314119533
1075,9.4,-0.49611283774673404,10.566666666666666,0.18132384344521996,10.81,0.862852316875759
1076,9.2,-0.5938507783502058,10.1,-0.3772950168623405,10.08,-0.7325530410666918
1077,14.2,1.8495977367365763,11.533333333333333,1.3384629112251665,11.41,2.17414439189695
1078,10.6,0.09031480587409334,10.766666666666667,0.4207319264341757,10.97,1.2125302035480772
1079,11.4,0.48126656828797887,10.766666666666667,0.4207319264341757,11.02,1.321804543133174
1080,9.8,-0.3006369565397913,10.033333333333333,-0.4570977111919917,9.97,-0.9729565881539091
1081,10.2,-0.10516107533284942,10.933333333333334,0.6202386622583036,10.91,1.0814009960459567
1082,9.4,-0.49611283774673404,9.166666666666666,-1.4945327374774615,9.41,-2.1968291915070224
1083,8.4,-0.9848025407640905,8.566666666666666,-2.212756986444324,10.39,-0.05505213563907506
1084,4.4,-2.9395613528335165,9.5,-1.0955192658292034,10.37,-0.09876187147311774
1085,4.4,-2.9395613528335165,10.933333333333334,0.6202386622583036,10.78,0.7972877131246969
1086,11.0,0.2857906870810361,10.133333333333333,-0.33739366969751494,9.49,-2.0219902481708636
1087,10.2,-0.10516107533284942,10.133333333333333,-0.33739366969751494,10.16,-0.5577140977305328
1088,7.8,-1.2780163625745047,10.6,0.22122519061004556,10.61,0.42575495853535944
1089,13.6,1.5563839149261627,11.133333333333333,0.8596467452472573,10.8,0.8409974489587396
1090,12.0,0.7744803900983925,11.4,1.1788575225658642,11.16,1.6277726939714534
1091,11.0,0.2857906870810361,10.133333333333333,-0.33739366969751494,9.66,-1.650457493581526
1092,12.2,0.8722183307018635,11.533333333333333,1.3384629112251665,10.78,0.7972877131246969
1093,8.0,-1.1802784219710332,9.933333333333334,-0.5768017526864685,10.39,-0.05505213563907506
1094,13.8,1.6541218555296344,10.533333333333333,0.14142249628039436,10.47,0.119786807697084
1095,8.4,-0.9848025407640905,9.5,-1.0955192658292034,10.47,0.119786807697084
1096,9.2,-0.5938507783502058,8.666666666666666,-2.0930529449498474,9.91,-1.1040857956560293
1097,8.8,-0.7893266595571478,10.166666666666666,-0.2974923225326893,11.0,1.2780948072991354
1098,9.4,-0.49611283774673404,10.933333333333334,0.6202386622583036,10.87,0.9939815243778753
1099,10.2,-0.10516107533284942,10.666666666666666,0.30102788493969673,10.75,0.7317231093736387
1100,11.4,0.48126656828797887,10.466666666666667,0.06161980195074317,10.4,-0.03319726772205566
1101,10.8,0.18805274647756515,10.733333333333333,0.38083057926934794,10.87,0.9939815243778753
1102,6.6,-1.8644440061953325,8.866666666666667,-1.8536448619608918,10.2,-0.47029462606245526
1103,10.8,0.18805274647756515,9.933333333333334,-0.5768017526864685,10.49,0.16349654353112278
1104,14.0,1.7518597961331055,11.166666666666666,0.8995480924120828,10.74,0.7098682414566193
1105,7.8,-1.2780163625745047,10.0,-0.4969990583568173,10.21,-0.44843975814543197
1106,11.0,0.2857906870810361,9.9,-0.6167030998512941,9.91,-1.1040857956560293
1107,12.2,0.8722183307018635,10.0,-0.4969990583568173,10.05,-0.79811764481775
1108,13.4,1.4586459743226918,11.4,1.1788575225658642,10.94,1.146965599797015
1109,7.4,-1.473492243781447,10.9,0.5803373150934781,10.75,0.7317231093736387
1110,11.8,0.6767424494949216,10.333333333333334,-0.09798558670855922,9.9,-1.1259406635730487
1111,5.4,-2.45087164981616,9.466666666666667,-1.135420612994029,9.8,-1.3444893427432467
1112,8.4,-0.9848025407640905,10.566666666666666,0.18132384344521996,10.19,-0.4921494939794746
1113,10.8,0.18805274647756515,11.266666666666667,1.0192521339065617,10.46,0.09793193978006459
1114,10.2,-0.10516107533284942,10.966666666666667,0.6601400094231292,10.29,-0.2736008148092768
1115,10.0,-0.20289901593632037,10.166666666666666,-0.2974923225326893,10.63,0.4694646943694021
1116,10.0,-0.20289901593632037,10.5,0.10152114911556875,10.55,0.29462575103324307
1117,11.2,0.383528627684507,11.033333333333333,0.7399427037527805,10.87,0.9939815243778753
1118,12.6,1.0676942119088062,11.5,1.298561564060341,11.16,1.6277726939714534
1119,12.6,1.0676942119088062,11.266666666666667,1.0192521339065617,10.52,0.22906114728218097
1120,7.6,-1.375754303177976,10.033333333333333,-0.4570977111919917,10.29,-0.2736008148092768
1121,10.8,0.18805274647756515,10.033333333333333,-0.4570977111919917,10.45,0.07607707186304132
1122,12.6,1.0676942119088062,9.733333333333333,-0.8162098356754242,10.4,-0.03319726772205566
1123,9.0,-0.6915887189536768,9.433333333333334,-1.1753219601588545,10.51,0.2072062793651616
1124,14.8,2.142811558546991,11.3,1.0591534810713874,10.36,-0.12061673939013713
1125,13.2,1.3609080337192199,11.1,0.8197453980824316,10.95,1.1688204677140344
1126,11.2,0.383528627684507,10.6,0.22122519061004556,10.38,-0.07690700355609445
1127,10.6,0.09031480587409334,9.366666666666667,-1.2551246544885057,9.34,-2.349813266926162
1128,9.2,-0.5938507783502058,9.966666666666667,-0.5369004055216429,10.09,-0.7106981731496724
1129,11.4,0.48126656828797887,11.466666666666667,1.2586602168955152,11.22,1.7589019014735736
1130,10.4,-0.007423134729377606,10.166666666666666,-0.2974923225326893,10.05,-0.79811764481775
1131,7.8,-1.2780163625745047,10.066666666666666,-0.41719636402716614,10.64,0.4913195622864215
1132,10.4,-0.007423134729377606,10.833333333333334,0.5005346207638268,10.4,-0.03319726772205566
1133,7.4,-1.473492243781447,10.8,0.46063327359900125,10.96,1.1906753356310578
1134,13.0,1.263170093115749,12.133333333333333,2.0566871601920296,11.75,2.917209901075625
1135,9.0,-0.6915887189536768,10.3,-0.13788693387338483,10.31,-0.22989107897523411
1136,8.6,-0.8870646001606196,10.5,0.10152114911556875,10.6,0.40390009061834004
1137,9.8,-0.3006369565397913,11.433333333333334,1.2187588697306897,10.26,-0.339165418560335
1138,13.6,1.5563839149261627,11.4,1.1788575225658642,9.99,-0.9292468523198704
1139,8.2,-1.0825404813675623,9.9,-0.6167030998512941,10.0,-0.907391984402851
1140,13.2,1.3609080337192199,11.3,1.0591534810713874,11.1,1.4966434864693332
1141,10.6,0.09031480587409334,12.3,2.2561938960161596,10.65,0.5131744302034409
1142,9.4,-0.49611283774673404,10.8,0.46063327359900125,10.8,0.8409974489587396
1143,12.6,1.0676942119088062,11.4,1.1788575225658642,10.63,0.4694646943694021
1144,12.2,0.8722183307018635,11.2,0.9394494395769084,10.77,0.7754328452076775
1145,10.8,0.18805274647756515,9.966666666666667,-0.5369004055216429,10.0,-0.907391984402851
1146,14.8,2.142811558546991,11.733333333333333,1.57787099421412,10.7,0.6224487697885379
1147,10.8,0.18805274647756515,10.666666666666666,0.30102788493969673,11.16,1.6277726939714534
1148,11.6,0.5790045088914498,10.1,-0.3772950168623405,10.52,0.22906114728218097
1149,9.8,-0.3006369565397913,8.466666666666667,-2.332461027938801,9.89,-1.147795531490068
1150,10.0,-0.20289901593632037,11.066666666666666,0.779844050917606,11.01,1.2999496752161548
1151,9.8,-0.3006369565397913,9.366666666666667,-1.2551246544885057,10.33,-0.18618134314119533
1152,8.4,-0.9848025407640905,10.4,-0.01818289237890803,10.42,0.010512468111983128
1153,12.8,1.1654321525122782,10.633333333333333,0.26112653777487116,9.57,-1.8471513048347044
1154,9.6,-0.39837489714326313,11.133333333333333,0.8596467452472573,11.59,2.567532014403307
1155,12.6,1.0676942119088062,10.266666666666667,-0.17778828103821043,9.92,-1.0822309277390099
1156,9.0,-0.6915887189536768,10.433333333333334,0.02171845478591757,10.0,-0.907391984402851
1157,8.8,-0.7893266595571478,9.833333333333334,-0.6965057941809453,10.42,0.010512468111983128
1158,8.6,-0.8870646001606196,8.7,-2.053151597785022,9.87,-1.1915052673241109
1159,14.0,1.7518597961331055,10.0,-0.4969990583568173,10.73,0.6880133735395999
1160,6.2,-2.0599198874022746,10.4,-0.01818289237890803,10.52,0.22906114728218097
1161,11.6,0.5790045088914498,10.633333333333333,0.26112653777487116,9.67,-1.6286026256645065
1162,11.2,0.383528627684507,8.933333333333334,-1.7738421676312406,10.1,-0.688843305232653
1163,9.6,-0.39837489714326313,9.8,-0.7364071413457709,10.32,-0.2080362110582147
1164,12.2,0.8722183307018635,11.833333333333334,1.697575035708599,10.95,1.1688204677140344
1165,8.6,-0.8870646001606196,9.9,-0.6167030998512941,9.55,-1.8908610406687432
1166,11.4,0.48126656828797887,11.233333333333333,0.979350786741734,10.69,0.6005939018715185
1167,11.8,0.6767424494949216,10.066666666666666,-0.41719636402716614,10.36,-0.12061673939013713
1168,7.4,-1.473492243781447,8.466666666666667,-2.332461027938801,10.0,-0.907391984402851
1169,8.0,-1.1802784219710332,9.833333333333334,-0.6965057941809453,10.37,-0.09876187147311774
1170,6.2,-2.0599198874022746,9.4,-1.2152233073236802,9.47,-2.0656999840049024
1171,11.0,0.2857906870810361,9.866666666666667,-0.6566044470161196,10.32,-0.2080362110582147
1172,12.6,1.0676942119088062,11.433333333333334,1.2187588697306897,10.96,1.1906753356310578
1173,8.4,-0.9848025407640905,9.3,-1.334927348818157,10.54,0.2727708831162198
1174,5.0,-2.646347531023103,10.466666666666667,0.06161980195074317,11.13,1.5622080902203952
1175,8.8,-0.7893266595571478,10.133333333333333,-0.33739366969751494,10.73,0.6880133735395999
1176,12.8,1.1654321525122782,9.7,-0.8561111828402498,10.24,-0.38287515439437375
1177,10.8,0.18805274647756515,9.466666666666667,-1.135420612994029,9.88,-1.1696503994070875
1178,11.4,0.48126656828797887,10.6,0.22122519061004556,10.27,-0.3173105506433156
1179,13.0,1.263170093115749,9.366666666666667,-1.2551246544885057,9.54,-1.9127159085857663
1180,10.2,-0.10516107533284942,11.1,0.8197453980824316,11.53,2.4364028069011865
1181,11.2,0.383528627684507,9.666666666666666,-0.8960125300050754,10.33,-0.18618134314119533
1182,10.8,0.18805274647756515,11.2,0.9394494395769084,10.93,1.1251107318799956
1183,10.4,-0.007423134729377606,11.033333333333333,0.7399427037527805,11.12,1.540353222303372
1184,6.2,-2.0599198874022746,8.8,-1.933447556290543,10.33,-0.18618134314119533
1185,11.0,0.2857906870810361,10.466666666666667,0.06161980195074317,10.91,1.0814009960459567
1186,10.8,0.18805274647756515,9.7,-0.8561111828402498,9.49,-2.0219902481708636
1187,11.4,0.48126656828797887,10.2,-0.25759097536786374,10.25,-0.36102028647735435
1188,11.0,0.2857906870810361,9.9,-0.6167030998512941,10.52,0.22906114728218097
1189,9.4,-0.49611283774673404,9.5,-1.0955192658292034,10.52,0.22906114728218097
1190,11.8,0.6767424494949216,10.833333333333334,0.5005346207638268,10.29,-0.2736008148092768
1191,6.8,-1.7667060655918612,10.066666666666666,-0.41719636402716614,10.3,-0.2517459468922535
1192,10.4,-0.007423134729377606,10.0,-0.4969990583568173,9.97,-0.9729565881539091
1193,12.6,1.0676942119088062,10.833333333333334,0.5005346207638268,10.53,0.25091601519920037
1194,12.8,1.1654321525122782,12.1,2.016785813027204,10.45,0.07607707186304132
1195,10.0,-0.20289901593632037,11.333333333333334,1.099054828236213,10.67,0.5568841660374797
1196,13.0,1.263170093115749,11.933333333333334,1.8172790772030758,10.5,0.18535141144814218
1197,11.4,0.48126656828797887,10.2,-0.25759097536786374,9.91,-1.1040857956560293
1198,13.6,1.5563839149261627,12.433333333333334,2.4157992846754617,10.84,0.9284169206268171
1199,9.2,-0.5938507783502058,10.6,0.22122519061004556,10.64,0.4913195622864215
1200,6.8,-1.7667060655918612,9.6,-0.9758152243347266,9.58,-1.825296436917685
1201,9.6,-0.39837489714326313,10.366666666666667,-0.05808423954373362,10.06,-0.7762627769007306
1202,8.6,-0.8870646001606196,9.066666666666666,-1.6142367789719383,10.5,0.18535141144814218
1203,11.0,0.2857906870810361,11.766666666666667,1.6177723413789478,10.45,0.07607707186304132
1204,12.2,0.8722183307018635,10.566666666666666,0.18132384344521996,11.29,1.9118859768927094
1205,10.8,0.18805274647756515,11.0,0.7000413565879549,10.69,0.6005939018715185
1206,9.2,-0.5938507783502058,10.966666666666667,0.6601400094231292,9.98,-0.9511017202368897
1207,10.2,-0.10516107533284942,11.0,0.7000413565879549,10.81,0.862852316875759
1208,9.2,-0.5938507783502058,11.233333333333333,0.979350786741734,10.87,0.9939815243778753
1209,10.0,-0.20289901593632037,10.3,-0.13788693387338483,10.11,-0.6669884373156337
1210,13.0,1.263170093115749,11.333333333333334,1.099054828236213,11.15,1.605917826054434
1211,13.2,1.3609080337192199,12.633333333333333,2.6552073676644152,10.77,0.7754328452076775
1212,8.2,-1.0825404813675623,9.7,-0.8561111828402498,9.84,-1.257069871075169
1213,9.4,-0.49611283774673404,10.5,0.10152114911556875,9.49,-2.0219902481708636
1214,11.4,0.48126656828797887,10.9,0.5803373150934781,10.43,0.032367336029002526
1215,9.8,-0.3006369565397913,10.033333333333333,-0.4570977111919917,10.21,-0.44843975814543197
1216,10.6,0.09031480587409334,10.833333333333334,0.5005346207638268,10.52,0.22906114728218097
1217,7.4,-1.473492243781447,10.133333333333333,-0.33739366969751494,10.75,0.7317231093736387
1218,5.8,-2.2553957686092176,9.9,-0.6167030998512941,10.03,-0.8418273806517927
1219,9.6,-0.39837489714326313,10.1,-0.3772950168623405,9.98,-0.9511017202368897
1220,10.8,0.18805274647756515,9.766666666666667,-0.7763084885105965,10.65,0.5131744302034409
1221,10.4,-0.007423134729377606,11.266666666666667,1.0192521339065617,10.37,-0.09876187147311774
1222,11.0,0.2857906870810361,10.666666666666666,0.30102788493969673,9.96,-0.9948114560709285
1223,8.6,-0.8870646001606196,9.633333333333333,-0.935913877169901,9.97,-0.9729565881539091
1224,13.6,1.5563839149261627,9.533333333333333,-1.0556179186643777,10.18,-0.514004361896494
1225,11.4,0.48126656828797887,11.5,1.298561564060341,11.51,2.3926930710671477
1226,10.0,-0.20289901593632037,10.433333333333334,0.02171845478591757,10.12,-0.6451335693986143
1227,7.0,-1.6689681249883896,9.733333333333333,-0.8162098356754242,9.95,-1.0166663239879519
1228,10.6,0.09031480587409334,11.166666666666666,0.8995480924120828,10.67,0.5568841660374797
1229,11.6,0.5790045088914498,10.466666666666667,0.06161980195074317,10.6,0.40390009061834004
1230,11.8,0.6767424494949216,10.5,0.10152114911556875,10.83,0.9065620527097977
1231,8.0,-1.1802784219710332,10.0,-0.4969990583568173,10.68,0.5787390339544991
1232,8.4,-0.9848025407640905,9.7,-0.8561111828402498,10.63,0.4694646943694021
1233,12.4,0.9699562713053353,10.466666666666667,0.06161980195074317,10.64,0.4913195622864215
1234,10.0,-0.20289901593632037,10.5,0.10152114911556875,9.74,-1.475618550245367
1235,8.2,-1.0825404813675623,9.433333333333334,-1.1753219601588545,9.7,-1.5630380219134483
1236,6.8,-1.7667060655918612,10.266666666666667,-0.17778828103821043,10.64,0.4913195622864215
1237,13.6,1.5563839149261627,11.633333333333333,1.4581669527196433,10.87,0.9939815243778753
1238,15.4,2.4360253803574046,11.033333333333333,0.7399427037527805,10.65,0.5131744302034409
1239,9.8,-0.3006369565397913,9.7,-0.8561111828402498,10.15,-0.5795689656475522
1240,6.8,-1.7667060655918612,10.3,-0.13788693387338483,10.19,-0.4921494939794746
1241,8.0,-1.1802784219710332,10.633333333333333,0.26112653777487116,10.74,0.7098682414566193
1242,10.8,0.18805274647756515,10.333333333333334,-0.09798558670855922,10.07,-0.7544079089837112
1243,11.8,0.6767424494949216,10.233333333333333,-0.21768962820303814,10.77,0.7754328452076775
1244,9.4,-0.49611283774673404,11.033333333333333,0.7399427037527805,11.61,2.6112417502373457
1245,10.0,-0.20289901593632037,10.1,-0.3772950168623405,9.3,-2.43723273859424
1246,8.0,-1.1802784219710332,9.533333333333333,-1.0556179186643777,10.38,-0.07690700355609445
1247,10.8,0.18805274647756515,11.866666666666667,1.7374763828734245,10.6,0.40390009061834004
1248,9.2,-0.5938507783502058,9.933333333333334,-0.5768017526864685,10.84,0.9284169206268171
1249,11.4,0.48126656828797887,10.566666666666666,0.18132384344521996,10.95,1.1688204677140344
1250,12.0,0.7744803900983925,10.4,-0.01818289237890803,9.94,-1.0385211919049713
1251,8.4,-0.9848025407640905,10.566666666666666,0.18132384344521996,10.25,-0.36102028647735435
1252,14.0,1.7518597961331055,11.1,0.8197453980824316,9.88,-1.1696503994070875
1253,13.8,1.6541218555296344,9.6,-0.9758152243347266,10.77,0.7754328452076775
1254,10.8,0.18805274647756515,10.866666666666667,0.5404359679286524,10.78,0.7972877131246969
1255,12.0,0.7744803900983925,10.066666666666666,-0.41719636402716614,11.21,1.7370470335565542
1256,11.2,0.383528627684507,11.7,1.5379696470492945,10.62,0.4476098264523788
1257,7.2,-1.5712301843849183,9.966666666666667,-0.5369004055216429,10.29,-0.2736008148092768
1258,11.6,0.5790045088914498,10.733333333333333,0.38083057926934794,10.23,-0.40473002231139316
1259,11.2,0.383528627684507,8.8,-1.933447556290543,10.16,-0.5577140977305328
1260,9.2,-0.5938507783502058,10.666666666666666,0.30102788493969673,9.74,-1.475618550245367
1261,12.0,0.7744803900983925,8.8,-1.933447556290543,9.36,-2.3061035310921234
1262,6.8,-1.7667060655918612,10.7,0.34092923210452236,10.14,-0.6014238335645716
1263,6.4,-1.9621819467988035,9.3,-1.334927348818157,10.28,-0.2954556827262962
1264,8.8,-0.7893266595571478,10.433333333333334,0.02171845478591757,11.18,1.6714824298054922
1265,11.0,0.2857906870810361,11.4,1.1788575225658642,10.94,1.146965599797015
1266,12.8,1.1654321525122782,11.5,1.298561564060341,10.3,-0.2517459468922535
1267,12.2,0.8722183307018635,11.4,1.1788575225658642,10.81,0.862852316875759
1268,13.8,1.6541218555296344,11.5,1.298561564060341,11.23,1.780756769390593
1269,12.4,0.9699562713053353,10.5,0.10152114911556875,10.36,-0.12061673939013713
1270,11.2,0.383528627684507,9.966666666666667,-0.5369004055216429,10.2,-0.47029462606245526
1271,10.0,-0.20289901593632037,10.466666666666667,0.06161980195074317,10.63,0.4694646943694021
1272,11.0,0.2857906870810361,9.366666666666667,-1.2551246544885057,9.58,-1.825296436917685
1273,9.8,-0.3006369565397913,10.333333333333334,-0.09798558670855922,10.01,-0.8855371164858316
1274,12.2,0.8722183307018635,10.833333333333334,0.5005346207638268,10.9,1.0595461281289373
1275,12.6,1.0676942119088062,9.7,-0.8561111828402498,10.24,-0.38287515439437375
1276,8.2,-1.0825404813675623,10.233333333333333,-0.21768962820303814,10.07,-0.7544079089837112
1277,12.6,1.0676942119088062,10.5,0.10152114911556875,10.8,0.8409974489587396
1278,13.6,1.5563839149261627,11.366666666666667,1.1389561754010384,10.74,0.7098682414566193
1279,11.6,0.5790045088914498,11.366666666666667,1.1389561754010384,11.01,1.2999496752161548
1280,8.8,-0.7893266595571478,11.633333333333333,1.4581669527196433,10.92,1.1032558639629761
1281,7.4,-1.473492243781447,8.266666666666667,-2.5718691109277545,10.25,-0.36102028647735435
1282,11.8,0.6767424494949216,9.766666666666667,-0.7763084885105965,9.98,-0.9511017202368897
1283,13.0,1.263170093115749,11.4,1.1788575225658642,9.95,-1.0166663239879519
1284,11.4,0.48126656828797887,11.466666666666667,1.2586602168955152,10.94,1.146965599797015
1285,8.4,-0.9848025407640905,10.266666666666667,-0.17778828103821043,10.01,-0.8855371164858316
1286,3.4,-3.4282510558508728,9.1,-1.5743354318071128,9.55,-1.8908610406687432
1287,8.2,-1.0825404813675623,11.0,0.7000413565879549,10.8,0.8409974489587396
1288,10.2,-0.10516107533284942,10.4,-0.01818289237890803,10.17,-0.5358592298135134
1289,8.6,-0.8870646001606196,10.1,-0.3772950168623405,10.05,-0.79811764481775
1290,13.0,1.263170093115749,10.866666666666667,0.5404359679286524,10.5,0.18535141144814218
1291,11.2,0.383528627684507,10.0,-0.4969990583568173,10.27,-0.3173105506433156
1292,8.4,-0.9848025407640905,9.9,-0.6167030998512941,10.71,0.6443036377055611
1293,9.0,-0.6915887189536768,9.266666666666667,-1.3748286959829825,10.28,-0.2954556827262962
1294,10.0,-0.20289901593632037,9.966666666666667,-0.5369004055216429,10.0,-0.907391984402851
1295,12.0,0.7744803900983925,10.333333333333334,-0.09798558670855922,10.45,0.07607707186304132
1296,13.6,1.5563839149261627,9.566666666666666,-1.0157165714995522,9.62,-1.7378769652496073
1297,11.0,0.2857906870810361,10.5,0.10152114911556875,10.54,0.2727708831162198
1298,11.0,0.2857906870810361,10.166666666666666,-0.2974923225326893,10.04,-0.8199725127347733
1299,11.6,0.5790045088914498,11.4,1.1788575225658642,10.92,1.1032558639629761
1300,10.2,-0.10516107533284942,10.333333333333334,-0.09798558670855922,10.67,0.5568841660374797
1301,8.0,-1.1802784219710332,10.466666666666667,0.06161980195074317,9.85,-1.2352150031581497
1302,8.0,-1.1802784219710332,11.566666666666666,1.378364258389992,10.6,0.40390009061834004
1303,11.4,0.48126656828797887,9.533333333333333,-1.0556179186643777,10.07,-0.7544079089837112
1304,7.2,-1.5712301843849183,10.566666666666666,0.18132384344521996,10.32,-0.2080362110582147
1305,13.4,1.4586459743226918,12.033333333333333,1.9369831186975526,10.92,1.1032558639629761
1306,11.4,0.48126656828797887,10.366666666666667,-0.05808423954373362,10.95,1.1688204677140344
1307,11.6,0.5790045088914498,10.3,-0.13788693387338483,10.32,-0.2080362110582147
1308,11.2,0.383528627684507,9.166666666666666,-1.4945327374774615,8.8,-3.5299761344452327
1309,12.6,1.0676942119088062,10.333333333333334,-0.09798558670855922,10.4,-0.03319726772205566
1310,11.8,0.6767424494949216,10.533333333333333,0.14142249628039436,10.56,0.3164806189502624
1311,13.8,1.6541218555296344,10.066666666666666,-0.41719636402716614,8.94,-3.2240079836069575
1312,12.0,0.7744803900983925,10.133333333333333,-0.33739366969751494,10.5,0.18535141144814218
1313,11.6,0.5790045088914498,10.133333333333333,-0.33739366969751494,9.78,-1.3881990785772893
1314,10.4,-0.007423134729377606,10.266666666666667,-0.17778828103821043,10.3,-0.2517459468922535
1315,10.6,0.09031480587409334,10.9,0.5803373150934781,10.34,-0.16432647522417593
1316,8.6,-0.8870646001606196,9.633333333333333,-0.935913877169901,10.42,0.010512468111983128
1317,11.2,0.383528627684507,9.333333333333334,-1.2950260016533313,10.3,-0.2517459468922535
1318,8.2,-1.0825404813675623,10.1,-0.3772950168623405,9.99,-0.9292468523198704
1319,8.2,-1.0825404813675623,10.866666666666667,0.5404359679286524,10.39,-0.05505213563907506
1320,12.0,0.7744803900983925,9.766666666666667,-0.7763084885105965,10.21,-0.44843975814543197
1321,4.4,-2.9395613528335165,8.433333333333334,-2.3723623751036267,9.79,-1.36634421066027
1322,11.2,0.383528627684507,9.966666666666667,-0.5369004055216429,10.31,-0.22989107897523411
1323,10.6,0.09031480587409334,10.066666666666666,-0.41719636402716614,10.4,-0.03319726772205566
1324,13.6,1.5563839149261627,10.766666666666667,0.4207319264341757,10.88,1.0158363922948987
1325,10.8,0.18805274647756515,10.733333333333333,0.38083057926934794,10.3,-0.2517459468922535
1326,10.8,0.18805274647756515,9.5,-1.0955192658292034,9.6,-1.7815867010836461
1327,8.6,-0.8870646001606196,9.466666666666667,-1.135420612994029,10.06,-0.7762627769007306
1328,6.4,-1.9621819467988035,9.966666666666667,-0.5369004055216429,10.33,-0.18618134314119533
1329,8.6,-0.8870646001606196,9.366666666666667,-1.2551246544885057,10.12,-0.6451335693986143
1330,7.8,-1.2780163625745047,9.2,-1.4546313903126358,10.04,-0.8199725127347733
1331,10.8,0.18805274647756515,9.7,-0.8561111828402498,9.82,-1.300779606909208
1332,13.2,1.3609080337192199,12.2,2.1364898545216806,11.49,2.348983335233109
1333,12.8,1.1654321525122782,10.233333333333333,-0.21768962820303814,10.67,0.5568841660374797
1334,10.2,-0.10516107533284942,9.4,-1.2152233073236802,9.98,-0.9511017202368897
1335,10.8,0.18805274647756515,10.366666666666667,-0.05808423954373362,10.82,0.8847071847927784
1336,10.2,-0.10516107533284942,9.366666666666667,-1.2551246544885057,9.48,-2.043845116087883
1337,10.2,-0.10516107533284942,11.133333333333333,0.8596467452472573,11.09,1.4747886185523138
1338,9.0,-0.6915887189536768,10.433333333333334,0.02171845478591757,10.2,-0.47029462606245526
1339,11.4,0.48126656828797887,10.766666666666667,0.4207319264341757,10.74,0.7098682414566193
1340,10.8,0.18805274647756515,10.766666666666667,0.4207319264341757,9.89,-1.147795531490068
1341,8.6,-0.8870646001606196,10.966666666666667,0.6601400094231292,10.92,1.1032558639629761
1342,5.4,-2.45087164981616,10.8,0.46063327359900125,10.48,0.1416416756141034
1343,12.4,0.9699562713053353,11.866666666666667,1.7374763828734245,10.39,-0.05505213563907506
1344,12.0,0.7744803900983925,9.633333333333333,-0.935913877169901,10.22,-0.42658489022841256
1345,9.8,-0.3006369565397913,10.466666666666667,0.06161980195074317,10.49,0.16349654353112278
1346,11.6,0.5790045088914498,11.666666666666666,1.498068299884469,10.15,-0.5795689656475522
1347,11.0,0.2857906870810361,12.133333333333333,2.0566871601920296,11.17,1.6496275618884728
1348,9.6,-0.39837489714326313,9.433333333333334,-1.1753219601588545,10.64,0.4913195622864215
1349,12.6,1.0676942119088062,10.9,0.5803373150934781,11.14,1.5840629581374146
1350,14.8,2.142811558546991,10.533333333333333,0.14142249628039436,10.57,0.3383354868672818
1351,11.0,0.2857906870810361,9.533333333333333,-1.0556179186643777,10.05,-0.79811764481775
1352,13.8,1.6541218555296344,12.133333333333333,2.0566871601920296,10.9,1.0595461281289373
1353,9.4,-0.49611283774673404,11.1,0.8197453980824316,11.09,1.4747886185523138
1354,11.6,0.5790045088914498,10.933333333333334,0.6202386622583036,9.98,-0.9511017202368897
1355,11.2,0.383528627684507,11.566666666666666,1.378364258389992,10.56,0.3164806189502624
1356,12.8,1.1654321525122782,11.7,1.5379696470492945,11.68,2.764225825656485
1357,9.2,-0.5938507783502058,10.266666666666667,-0.17778828103821043,10.16,-0.5577140977305328
1358,11.8,0.6767424494949216,10.433333333333334,0.02171845478591757,10.4,-0.03319726772205566
1359,5.0,-2.646347531023103,9.8,-0.7364071413457709,9.45,-2.1094097198389448
1360,8.0,-1.1802784219710332,9.6,-0.9758152243347266,9.27,-2.5027973423453016
1361,14.0,1.7518597961331055,9.966666666666667,-0.5369004055216429,10.65,0.5131744302034409
1362,8.6,-0.8870646001606196,9.6,-0.9758152243347266,9.89,-1.147795531490068
1363,11.2,0.383528627684507,11.333333333333334,1.099054828236213,10.64,0.4913195622864215
1364,11.8,0.6767424494949216,10.033333333333333,-0.4570977111919917,10.4,-0.03319726772205566
1365,6.6,-1.8644440061953325,9.666666666666666,-0.8960125300050754,9.93,-1.0603760598219907
1366,8.0,-1.1802784219710332,10.2,-0.25759097536786374,9.62,-1.7378769652496073
1367,11.6,0.5790045088914498,10.466666666666667,0.06161980195074317,10.96,1.1906753356310578
1368,10.2,-0.10516107533284942,11.733333333333333,1.57787099421412,10.91,1.0814009960459567
1369,10.8,0.18805274647756515,10.366666666666667,-0.05808423954373362,9.7,-1.5630380219134483
1370,11.2,0.383528627684507,10.9,0.5803373150934781,10.97,1.2125302035480772
1371,11.0,0.2857906870810361,9.933333333333334,-0.5768017526864685,10.38,-0.07690700355609445
1372,8.6,-0.8870646001606196,10.066666666666666,-0.41719636402716614,10.26,-0.339165418560335
1373,10.8,0.18805274647756515,10.333333333333334,-0.09798558670855922,10.34,-0.16432647522417593
1374,12.6,1.0676942119088062,11.466666666666667,1.2586602168955152,11.24,1.8026116373076124
1375,11.4,0.48126656828797887,10.2,-0.25759097536786374,10.29,-0.2736008148092768
1376,13.6,1.5563839149261627,11.733333333333333,1.57787099421412,10.05,-0.79811764481775
1377,15.6,2.5337633209608756,9.9,-0.6167030998512941,10.63,0.4694646943694021
1378,10.2,-0.10516107533284942,9.9,-0.6167030998512941,9.98,-0.9511017202368897
1379,7.4,-1.473492243781447,9.833333333333334,-0.6965057941809453,10.24,-0.38287515439437375
1380,15.4,2.4360253803574046,12.1,2.016785813027204,10.78,0.7972877131246969
1381,10.6,0.09031480587409334,10.0,-0.4969990583568173,10.81,0.862852316875759
1382,9.4,-0.49611283774673404,10.066666666666666,-0.41719636402716614,10.0,-0.907391984402851
1383,9.6,-0.39837489714326313,9.7,-0.8561111828402498,10.26,-0.339165418560335
1384,12.8,1.1654321525122782,9.5,-1.0955192658292034,10.18,-0.514004361896494
1385,9.0,-0.6915887189536768,10.733333333333333,0.38083057926934794,10.7,0.6224487697885379
1386,11.4,0.48126656828797887,11.366666666666667,1.1389561754010384,10.42,0.010512468111983128
1387,11.0,0.2857906870810361,10.366666666666667,-0.05808423954373362,11.4,2.1522895239799307
1388,8.4,-0.9848025407640905,10.066666666666666,-0.41719636402716614,10.9,1.0595461281289373
1389,9.6,-0.39837489714326313,8.633333333333333,-2.132954292114673,9.5,-2.000135380253844
1390,12.0,0.7744803900983925,11.533333333333333,1.3384629112251665,10.37,-0.09876187147311774
1391,12.0,0.7744803900983925,11.633333333333333,1.4581669527196433,10.43,0.032367336029002526
1392,10.0,-0.20289901593632037,9.7,-0.8561111828402498,9.97,-0.9729565881539091
1393,11.2,0.383528627684507,11.366666666666667,1.1389561754010384,11.37,2.0867249202288685
1394,7.4,-1.473492243781447,7.366666666666666,-3.6492054843780513,9.62,-1.7378769652496073
1395,11.0,0.2857906870810361,11.2,0.9394494395769084,10.36,-0.12061673939013713
1396,11.4,0.48126656828797887,9.266666666666667,-1.3748286959829825,9.76,-1.4319088144113281
1397,11.4,0.48126656828797887,11.066666666666666,0.779844050917606,10.47,0.119786807697084
1398,8.2,-1.0825404813675623,10.8,0.46063327359900125,10.71,0.6443036377055611
1399,12.0,0.7744803900983925,11.566666666666666,1.378364258389992,10.74,0.7098682414566193
1400,8.0,-1.1802784219710332,10.833333333333334,0.5005346207638268,10.84,0.9284169206268171
1401,10.0,-0.20289901593632037,10.533333333333333,0.14142249628039436,9.76,-1.4319088144113281
1402,9.4,-0.49611283774673404,10.133333333333333,-0.33739366969751494,10.49,0.16349654353112278
1403,11.4,0.48126656828797887,10.766666666666667,0.4207319264341757,10.61,0.42575495853535944
1404,12.0,0.7744803900983925,11.466666666666667,1.2586602168955152,11.36,2.064870052311849
1405,14.0,1.7518597961331055,11.933333333333334,1.8172790772030758,10.3,-0.2517459468922535
1406,12.6,1.0676942119088062,11.733333333333333,1.57787099421412,11.23,1.780756769390593
1407,9.8,-0.3006369565397913,11.3,1.0591534810713874,10.2,-0.47029462606245526
1408,10.6,0.09031480587409334,11.033333333333333,0.7399427037527805,10.21,-0.44843975814543197
1409,9.6,-0.39837489714326313,10.4,-0.01818289237890803,10.55,0.29462575103324307
1410,10.6,0.09031480587409334,11.7,1.5379696470492945,10.09,-0.7106981731496724
1411,10.6,0.09031480587409334,11.133333333333333,0.8596467452472573,10.12,-0.6451335693986143
1412,11.6,0.5790045088914498,8.5,-2.2925596807739756,9.76,-1.4319088144113281
1413,13.2,1.3609080337192199,11.7,1.5379696470492945,10.5,0.18535141144814218
1414,13.0,1.263170093115749,10.333333333333334,-0.09798558670855922,10.25,-0.36102028647735435
1415,11.2,0.383528627684507,11.1,0.8197453980824316,11.18,1.6714824298054922
1416,8.6,-0.8870646001606196,10.1,-0.3772950168623405,10.84,0.9284169206268171
1417,10.0,-0.20289901593632037,10.4,-0.01818289237890803,10.31,-0.22989107897523411
1418,5.6,-2.3531337092126887,10.0,-0.4969990583568173,10.13,-0.623278701481591
1419,11.4,0.48126656828797887,11.533333333333333,1.3384629112251665,10.6,0.40390009061834004
1420,5.0,-2.646347531023103,9.1,-1.5743354318071128,10.02,-0.8636822485688121
1421,8.4,-0.9848025407640905,11.033333333333333,0.7399427037527805,10.79,0.8191425810417163
1422,9.6,-0.39837489714326313,10.1,-0.3772950168623405,9.88,-1.1696503994070875
1423,11.8,0.6767424494949216,11.6,1.4182656055548177,10.55,0.29462575103324307
1424,8.6,-0.8870646001606196,10.866666666666667,0.5404359679286524,10.81,0.862852316875759
1425,11.4,0.48126656828797887,11.0,0.7000413565879549,10.53,0.25091601519920037
1426,11.4,0.48126656828797887,10.466666666666667,0.06161980195074317,10.22,-0.42658489022841256
1427,9.8,-0.3006369565397913,10.766666666666667,0.4207319264341757,10.9,1.0595461281289373
1428,9.0,-0.6915887189536768,11.933333333333334,1.8172790772030758,11.72,2.8516452973245667
1429,11.0,0.2857906870810361,10.233333333333333,-0.21768962820303814,9.98,-0.9511017202368897
1430,13.4,1.4586459743226918,10.666666666666666,0.30102788493969673,9.98,-0.9511017202368897
1431,9.2,-0.5938507783502058,10.733333333333333,0.38083057926934794,10.01,-0.8855371164858316
1432,10.8,0.18805274647756515,10.6,0.22122519061004556,10.81,0.862852316875759
1433,11.2,0.383528627684507,11.766666666666667,1.6177723413789478,10.66,0.5350292981204603
1434,11.6,0.5790045088914498,9.566666666666666,-1.0157165714995522,10.59,0.38204522270132063
1435,9.6,-0.39837489714326313,10.0,-0.4969990583568173,10.73,0.6880133735395999
1436,12.0,0.7744803900983925,9.666666666666666,-0.8960125300050754,9.06,-2.9617495686027167
1437,9.6,-0.39837489714326313,11.4,1.1788575225658642,10.48,0.1416416756141034
1438,10.8,0.18805274647756515,10.9,0.5803373150934781,10.06,-0.7762627769007306
1439,10.2,-0.10516107533284942,8.033333333333333,-2.851178541081536,9.78,-1.3881990785772893
1440,9.6,-0.39837489714326313,11.3,1.0591534810713874,10.85,0.9502717885438365
1441,7.6,-1.375754303177976,9.866666666666667,-0.6566044470161196,10.04,-0.8199725127347733
1442,9.6,-0.39837489714326313,9.3,-1.334927348818157,10.08,-0.7325530410666918
1443,12.0,0.7744803900983925,10.1,-0.3772950168623405,9.86,-1.2133601352411303
1444,12.2,0.8722183307018635,11.1,0.8197453980824316,10.69,0.6005939018715185
1445,9.4,-0.49611283774673404,10.0,-0.4969990583568173,10.66,0.5350292981204603
1446,11.8,0.6767424494949216,10.7,0.34092923210452236,10.3,-0.2517459468922535
1447,10.4,-0.007423134729377606,10.533333333333333,0.14142249628039436,10.18,-0.514004361896494
1448,10.4,-0.007423134729377606,11.433333333333334,1.2187588697306897,10.36,-0.12061673939013713
1449,11.2,0.383528627684507,10.4,-0.01818289237890803,10.29,-0.2736008148092768
1450,9.4,-0.49611283774673404,11.333333333333334,1.099054828236213,10.47,0.119786807697084
1451,9.0,-0.6915887189536768,10.8,0.46063327359900125,10.79,0.8191425810417163
1452,11.6,0.5790045088914498,10.5,0.10152114911556875,10.69,0.6005939018715185
1453,10.4,-0.007423134729377606,11.466666666666667,1.2586602168955152,10.77,0.7754328452076775
1454,9.8,-0.3006369565397913,9.8,-0.7364071413457709,10.28,-0.2954556827262962
1455,7.0,-1.6689681249883896,10.233333333333333,-0.21768962820303814,10.0,-0.907391984402851
1456,12.6,1.0676942119088062,11.933333333333334,1.8172790772030758,11.56,2.5019674106522487
1457,6.0,-2.157657828005746,10.166666666666666,-0.2974923225326893,10.58,0.3601903547843012
1458,7.8,-1.2780163625745047,9.966666666666667,-0.5369004055216429,9.97,-0.9729565881539091
1459,8.8,-0.7893266595571478,9.566666666666666,-1.0157165714995522,9.99,-0.9292468523198704
1460,10.4,-0.007423134729377606,9.033333333333333,-1.6541381261367638,9.78,-1.3881990785772893
1461,10.0,-0.20289901593632037,9.133333333333333,-1.534434084642287,9.25,-2.5465070781793404
1462,11.0,0.2857906870810361,9.933333333333334,-0.5768017526864685,10.41,-0.011342399805036268
1463,9.2,-0.5938507783502058,9.066666666666666,-1.6142367789719383,9.92,-1.0822309277390099
1464,7.8,-1.2780163625745047,10.2,-0.25759097536786374,10.2,-0.47029462606245526
1465,8.8,-0.7893266595571478,11.233333333333333,0.979350786741734,10.76,0.7535779772906581
1466,12.0,0.7744803900983925,9.766666666666667,-0.7763084885105965,10.31,-0.22989107897523411
1467,9.0,-0.6915887189536768,10.633333333333333,0.26112653777487116,10.81,0.862852316875759
1468,11.8,0.6767424494949216,10.766666666666667,0.4207319264341757,10.86,0.9721266564608559
1469,10.2,-0.10516107533284942,9.766666666666667,-0.7763084885105965,10.65,0.5131744302034409
1470,10.2,-0.10516107533284942,10.533333333333333,0.14142249628039436,9.82,-1.300779606909208
1471,9.0,-0.6915887189536768,9.733333333333333,-0.8162098356754242,10.18,-0.514004361896494
1472,10.2,-0.10516107533284942,9.633333333333333,-0.935913877169901,10.13,-0.623278701481591
1473,11.0,0.2857906870810361,10.533333333333333,0.14142249628039436,10.46,0.09793193978006459
1474,11.2,0.383528627684507,9.333333333333334,-1.2950260016533313,9.45,-2.1094097198389448
1475,8.8,-0.7893266595571478,8.866666666666667,-1.8536448619608918,9.41,-2.1968291915070224
1476,12.4,0.9699562713053353,11.466666666666667,1.2586602168955152,10.68,0.5787390339544991
1477,8.4,-0.9848025407640905,11.766666666666667,1.6177723413789478,9.96,-0.9948114560709285
1478,13.2,1.3609080337192199,11.1,0.8197453980824316,10.71,0.6443036377055611
1479,8.8,-0.7893266595571478,11.0,0.7000413565879549,10.58,0.3601903547843012
1480,8.4,-0.9848025407640905,10.433333333333334,0.02171845478591757,10.94,1.146965599797015
1481,10.8,0.18805274647756515,11.733333333333333,1.57787099421412,11.0,1.2780948072991354
1482,11.2,0.383528627684507,10.6,0.22122519061004556,10.36,-0.12061673939013713
1483,7.8,-1.2780163625745047,10.0,-0.4969990583568173,10.15,-0.5795689656475522
1484,9.0,-0.6915887189536768,10.7,0.34092923210452236,10.04,-0.8199725127347733
1485,10.2,-0.10516107533284942,10.666666666666666,0.30102788493969673,10.16,-0.5577140977305328
1486,9.4,-0.49611283774673404,10.1,-0.3772950168623405,10.32,-0.2080362110582147
1487,11.6,0.5790045088914498,12.2,2.1364898545216806,11.26,1.8463213731416512
1488,10.6,0.09031480587409334,10.766666666666667,0.4207319264341757,10.35,-0.14247160730715652
1489,6.0,-2.157657828005746,10.766666666666667,0.4207319264341757,10.51,0.2072062793651616
1490,10.2,-0.10516107533284942,10.466666666666667,0.06161980195074317,9.73,-1.4974734181623863
1491,7.8,-1.2780163625745047,9.866666666666667,-0.6566044470161196,9.72,-1.5193282860794057
1492,8.6,-0.8870646001606196,9.9,-0.6167030998512941,9.67,-1.6286026256645065
1493,14.0,1.7518597961331055,11.533333333333333,1.3384629112251665,9.86,-1.2133601352411303
1494,7.2,-1.5712301843849183,9.333333333333334,-1.2950260016533313,9.99,-0.9292468523198704
1495,8.2,-1.0825404813675623,11.666666666666666,1.498068299884469,11.03,1.3436594110501934
1496,11.8,0.6767424494949216,9.9,-0.6167030998512941,9.6,-1.7815867010836461
1497,6.8,-1.7667060655918612,10.3,-0.13788693387338483,10.42,0.010512468111983128
1498,12.2,0.8722183307018635,11.133333333333333,0.8596467452472573,10.52,0.22906114728218097
1499,11.8,0.6767424494949216,9.933333333333334,-0.5768017526864685,10.48,0.1416416756141034
1500,12.0,0.7744803900983925,9.366666666666667,-1.2551246544885057,9.49,-2.0219902481708636
1501,6.4,-1.9621819467988035,9.5,-1.0955192658292034,10.22,-0.42658489022841256
1502,13.0,1.263170093115749,12.433333333333334,2.4157992846754617,10.56,0.3164806189502624
1503,9.0,-0.6915887189536768,9.6,-0.9758152243347266,9.95,-1.0166663239879519
1504,11.0,0.2857906870810361,10.3,-0.13788693387338483,10.06,-0.7762627769007306
1505,10.2,-0.10516107533284942,11.533333333333333,1.3384629112251665,10.54,0.2727708831162198
1506,11.8,0.6767424494949216,11.366666666666667,1.1389561754010384,11.14,1.5840629581374146
1507,8.8,-0.7893266595571478,9.733333333333333,-0.8162098356754242,9.94,-1.0385211919049713
1508,8.2,-1.0825404813675623,9.833333333333334,-0.6965057941809453,10.23,-0.40473002231139316
1509,7.0,-1.6689681249883896,9.866666666666667,-0.6566044470161196,10.34,-0.16432647522417593
1510,11.0,0.2857906870810361,9.866666666666667,-0.6566044470161196,10.19,-0.4921494939794746
1511,10.8,0.18805274647756515,10.5,0.10152114911556875,10.0,-0.907391984402851
1512,12.4,0.9699562713053353,9.833333333333334,-0.6965057941809453,10.49,0.16349654353112278
1513,9.0,-0.6915887189536768,8.8,-1.933447556290543,9.61,-1.7597318331666267
1514,12.4,0.9699562713053353,9.933333333333334,-0.5768017526864685,10.79,0.8191425810417163
1515,12.0,0.7744803900983925,10.933333333333334,0.6202386622583036,11.55,2.4801125427352293
1516,13.0,1.263170093115749,10.933333333333334,0.6202386622583036,10.9,1.0595461281289373
1517,11.6,0.5790045088914498,9.533333333333333,-1.0556179186643777,10.02,-0.8636822485688121
1518,9.8,-0.3006369565397913,10.266666666666667,-0.17778828103821043,10.53,0.25091601519920037
1519,9.4,-0.49611283774673404,12.566666666666666,2.575404673334764,10.4,-0.03319726772205566
1520,9.0,-0.6915887189536768,9.566666666666666,-1.0157165714995522,10.54,0.2727708831162198
1521,10.2,-0.10516107533284942,8.3,-2.531967763762929,9.44,-2.131264587755964
1522,8.8,-0.7893266595571478,10.733333333333333,0.38083057926934794,10.6,0.40390009061834004
1523,9.8,-0.3006369565397913,8.833333333333334,-1.8935462091257174,10.04,-0.8199725127347733
1524,12.0,0.7744803900983925,8.2,-2.651671805257408,10.11,-0.6669884373156337
1525,10.0,-0.20289901593632037,10.533333333333333,0.14142249628039436,10.45,0.07607707186304132
1526,10.4,-0.007423134729377606,10.766666666666667,0.4207319264341757,10.91,1.0814009960459567
1527,9.2,-0.5938507783502058,11.2,0.9394494395769084,10.29,-0.2736008148092768
1528,12.4,0.9699562713053353,10.3,-0.13788693387338483,10.2,-0.47029462606245526
1529,8.0,-1.1802784219710332,9.566666666666666,-1.0157165714995522,10.8,0.8409974489587396
1530,11.8,0.6767424494949216,11.233333333333333,0.979350786741734,10.79,0.8191425810417163
1531,12.4,0.9699562713053353,10.433333333333334,0.02171845478591757,10.31,-0.22989107897523411
1532,12.0,0.7744803900983925,11.366666666666667,1.1389561754010384,10.7,0.6224487697885379
1533,6.8,-1.7667060655918612,9.4,-1.2152233073236802,9.9,-1.1259406635730487
1534,12.6,1.0676942119088062,11.633333333333333,1.4581669527196433,11.06,1.4092240148012556
1535,8.0,-1.1802784219710332,11.333333333333334,1.099054828236213,10.71,0.6443036377055611
1536,10.0,-0.20289901593632037,10.133333333333333,-0.33739366969751494,10.48,0.1416416756141034
1537,12.8,1.1654321525122782,10.7,0.34092923210452236,10.79,0.8191425810417163
1538,8.2,-1.0825404813675623,10.0,-0.4969990583568173,10.36,-0.12061673939013713
1539,7.6,-1.375754303177976,9.6,-0.9758152243347266,9.64,-1.6941672294155647
1540,9.2,-0.5938507783502058,8.866666666666667,-1.8536448619608918,10.33,-0.18618134314119533
1541,9.0,-0.6915887189536768,10.833333333333334,0.5005346207638268,10.42,0.010512468111983128
1542,9.4,-0.49611283774673404,10.766666666666667,0.4207319264341757,10.17,-0.5358592298135134
1543,10.6,0.09031480587409334,10.9,0.5803373150934781,10.67,0.5568841660374797
1544,10.2,-0.10516107533284942,9.5,-1.0955192658292034,9.91,-1.1040857956560293
1545,6.4,-1.9621819467988035,10.333333333333334,-0.09798558670855922,10.71,0.6443036377055611
1546,11.4,0.48126656828797887,10.3,-0.13788693387338483,10.81,0.862852316875759
1547,10.0,-0.20289901593632037,10.3,-0.13788693387338483,10.69,0.6005939018715185
1548,12.2,0.8722183307018635,9.9,-0.6167030998512941,9.87,-1.1915052673241109
1549,12.4,0.9699562713053353,10.333333333333334,-0.09798558670855922,9.9,-1.1259406635730487
1550,10.6,0.09031480587409334,10.466666666666667,0.06161980195074317,10.7,0.6224487697885379
1551,10.2,-0.10516107533284942,10.133333333333333,-0.33739366969751494,10.36,-0.12061673939013713
1552,9.8,-0.3006369565397913,10.1,-0.3772950168623405,10.41,-0.011342399805036268
1553,11.4,0.48126656828797887,9.366666666666667,-1.2551246544885057,10.07,-0.7544079089837112
1554,7.8,-1.2780163625745047,9.733333333333333,-0.8162098356754242,10.62,0.4476098264523788
1555,9.6,-0.39837489714326313,10.233333333333333,-0.21768962820303814,10.65,0.5131744302034409
1556,9.0,-0.6915887189536768,10.066666666666666,-0.41719636402716614,10.07,-0.7544079089837112
1557,11.6,0.5790045088914498,9.833333333333334,-0.6965057941809453,10.67,0.5568841660374797
1558,10.0,-0.20289901593632037,10.366666666666667,-0.05808423954373362,10.06,-0.7762627769007306
1559,11.0,0.2857906870810361,10.833333333333334,0.5005346207638268,11.29,1.9118859768927094
1560,9.0,-0.6915887189536768,9.0,-1.6940394733015895,10.4,-0.03319726772205566
1561,10.8,0.18805274647756515,10.1,-0.3772950168623405,10.48,0.1416416756141034
1562,9.6,-0.39837489714326313,10.2,-0.25759097536786374,10.04,-0.8199725127347733
1563,8.6,-0.8870646001606196,10.9,0.5803373150934781,10.28,-0.2954556827262962
1564,8.6,-0.8870646001606196,10.2,-0.25759097536786374,10.24,-0.38287515439437375
1565,12.4,0.9699562713053353,11.5,1.298561564060341,10.49,0.16349654353112278
1566,12.4,0.9699562713053353,12.2,2.1364898545216806,10.46,0.09793193978006459
1567,12.6,1.0676942119088062,12.233333333333333,2.1763912016865063,10.6,0.40390009061834004
1568,7.2,-1.5712301843849183,9.766666666666667,-0.7763084885105965,10.39,-0.05505213563907506
1569,12.4,0.9699562713053353,11.533333333333333,1.3384629112251665,9.87,-1.1915052673241109
1570,12.2,0.8722183307018635,9.4,-1.2152233073236802,9.81,-1.3226344748262273
1571,12.0,0.7744803900983925,9.1,-1.5743354318071128,10.09,-0.7106981731496724
1572,9.2,-0.5938507783502058,9.6,-0.9758152243347266,10.8,0.8409974489587396
1573,10.8,0.18805274647756515,10.1,-0.3772950168623405,10.05,-0.79811764481775
1574,9.6,-0.39837489714326313,9.566666666666666,-1.0157165714995522,10.08,-0.7325530410666918
1575,10.8,0.18805274647756515,11.933333333333334,1.8172790772030758,10.56,0.3164806189502624
1576,11.0,0.2857906870810361,11.4,1.1788575225658642,10.07,-0.7544079089837112
1577,8.2,-1.0825404813675623,10.233333333333333,-0.21768962820303814,10.02,-0.8636822485688121
1578,11.4,0.48126656828797887,10.5,0.10152114911556875,10.64,0.4913195622864215
1579,8.4,-0.9848025407640905,10.0,-0.4969990583568173,10.51,0.2072062793651616
1580,8.0,-1.1802784219710332,9.366666666666667,-1.2551246544885057,10.66,0.5350292981204603
1581,13.8,1.6541218555296344,11.8,1.6576736885437735,10.9,1.0595461281289373
1582,6.6,-1.8644440061953325,8.6,-2.172855639279499,10.01,-0.8855371164858316
1583,9.2,-0.5938507783502058,10.7,0.34092923210452236,10.75,0.7317231093736387
1584,12.4,0.9699562713053353,11.433333333333334,1.2187588697306897,10.63,0.4694646943694021
1585,10.6,0.09031480587409334,8.433333333333334,-2.3723623751036267,9.72,-1.5193282860794057
1586,11.8,0.6767424494949216,11.166666666666666,0.8995480924120828,10.82,0.8847071847927784
1587,11.2,0.383528627684507,11.333333333333334,1.099054828236213,10.22,-0.42658489022841256
1588,12.4,0.9699562713053353,10.6,0.22122519061004556,9.83,-1.2789247389921885
1589,12.6,1.0676942119088062,10.833333333333334,0.5005346207638268,10.57,0.3383354868672818
1590,10.0,-0.20289901593632037,10.866666666666667,0.5404359679286524,10.4,-0.03319726772205566
1591,10.2,-0.10516107533284942,9.1,-1.5743354318071128,10.02,-0.8636822485688121
1592,12.2,0.8722183307018635,12.4,2.3758979375106364,10.89,1.037691260211918
1593,11.6,0.5790045088914498,11.366666666666667,1.1389561754010384,12.07,3.616565674420261
1594,13.6,1.5563839149261627,11.233333333333333,0.979350786741734,10.69,0.6005939018715185
1595,7.6,-1.375754303177976,10.366666666666667,-0.05808423954373362,10.38,-0.07690700355609445
1596,12.8,1.1654321525122782,10.933333333333334,0.6202386622583036,10.62,0.4476098264523788
1597,9.0,-0.6915887189536768,10.5,0.10152114911556875,9.87,-1.1915052673241109
1598,8.6,-0.8870646001606196,10.0,-0.4969990583568173,10.04,-0.8199725127347733
1599,3.8,-3.2327751746439306,9.0,-1.6940394733015895,9.96,-0.9948114560709285
1600,13.0,1.263170093115749,10.833333333333334,0.5005346207638268,9.89,-1.147795531490068
1601,12.0,0.7744803900983925,10.366666666666667,-0.05808423954373362,10.75,0.7317231093736387
1602,16.2,2.8269771427712893,11.8,1.6576736885437735,10.7,0.6224487697885379
1603,12.0,0.7744803900983925,10.233333333333333,-0.21768962820303814,11.25,1.8244665052246318
1604,13.0,1.263170093115749,11.1,0.8197453980824316,10.07,-0.7544079089837112
1605,12.4,0.9699562713053353,10.8,0.46063327359900125,10.88,1.0158363922948987
1606,12.0,0.7744803900983925,12.1,2.016785813027204,10.91,1.0814009960459567
1607,10.2,-0.10516107533284942,9.966666666666667,-0.5369004055216429,10.22,-0.42658489022841256
1608,11.8,0.6767424494949216,9.833333333333334,-0.6965057941809453,10.4,-0.03319726772205566
1609,5.2,-2.5486095904196313,9.9,-0.6167030998512941,10.84,0.9284169206268171
1610,10.6,0.09031480587409334,10.266666666666667,-0.17778828103821043,10.07,-0.7544079089837112
1611,14.0,1.7518597961331055,11.2,0.9394494395769084,10.93,1.1251107318799956
1612,13.2,1.3609080337192199,12.233333333333333,2.1763912016865063,10.6,0.40390009061834004
1613,12.0,0.7744803900983925,10.633333333333333,0.26112653777487116,10.33,-0.18618134314119533
1614,10.4,-0.007423134729377606,10.6,0.22122519061004556,10.42,0.010512468111983128
1615,10.6,0.09031480587409334,11.033333333333333,0.7399427037527805,10.64,0.4913195622864215
1616,12.0,0.7744803900983925,8.4,-2.4122637222684524,10.24,-0.38287515439437375
1617,12.0,0.7744803900983925,9.533333333333333,-1.0556179186643777,9.57,-1.8471513048347044
1618,12.8,1.1654321525122782,9.5,-1.0955192658292034,10.43,0.032367336029002526
1619,13.0,1.263170093115749,10.9,0.5803373150934781,9.76,-1.4319088144113281
1620,8.6,-0.8870646001606196,11.233333333333333,0.979350786741734,10.34,-0.16432647522417593
1621,5.6,-2.3531337092126887,10.333333333333334,-0.09798558670855922,10.82,0.8847071847927784
1622,11.2,0.383528627684507,10.7,0.34092923210452236,10.58,0.3601903547843012
1623,11.0,0.2857906870810361,9.533333333333333,-1.0556179186643777,10.62,0.4476098264523788
1624,13.0,1.263170093115749,11.366666666666667,1.1389561754010384,10.86,0.9721266564608559
1625,8.8,-0.7893266595571478,11.033333333333333,0.7399427037527805,11.32,1.9774505806437714
1626,10.6,0.09031480587409334,9.8,-0.7364071413457709,10.09,-0.7106981731496724
1627,11.8,0.6767424494949216,11.266666666666667,1.0192521339065617,11.23,1.780756769390593
1628,9.2,-0.5938507783502058,10.233333333333333,-0.21768962820303814,10.22,-0.42658489022841256
1629,9.2,-0.5938507783502058,10.733333333333333,0.38083057926934794,9.78,-1.3881990785772893
1630,10.2,-0.10516107533284942,10.233333333333333,-0.21768962820303814,10.8,0.8409974489587396
1631,7.8,-1.2780163625745047,8.833333333333334,-1.8935462091257174,9.69,-1.5848928898304677
1632,10.8,0.18805274647756515,9.966666666666667,-0.5369004055216429,10.39,-0.05505213563907506
1633,12.0,0.7744803900983925,9.566666666666666,-1.0157165714995522,10.56,0.3164806189502624
1634,13.4,1.4586459743226918,11.466666666666667,1.2586602168955152,10.63,0.4694646943694021
1635,8.8,-0.7893266595571478,10.9,0.5803373150934781,9.77,-1.4100539464943087
1636,9.8,-0.3006369565397913,9.633333333333333,-0.935913877169901,10.0,-0.907391984402851
1637,10.4,-0.007423134729377606,9.933333333333334,-0.5768017526864685,10.1,-0.688843305232653
1638,10.4,-0.007423134729377606,11.566666666666666,1.378364258389992,10.53,0.25091601519920037
1639,11.0,0.2857906870810361,11.3,1.0591534810713874,10.44,0.054222203946021924
1640,9.6,-0.39837489714326313,10.366666666666667,-0.05808423954373362,10.43,0.032367336029002526
1641,11.0,0.2857906870810361,10.7,0.34092923210452236,10.12,-0.6451335693986143
1642,10.4,-0.007423134729377606,8.333333333333334,-2.4920664165981035,10.04,-0.8199725127347733
1643,12.2,0.8722183307018635,10.1,-0.3772950168623405,10.45,0.07607707186304132
1644,11.6,0.5790045088914498,11.5,1.298561564060341,10.9,1.0595461281289373
1645,7.6,-1.375754303177976,10.666666666666666,0.30102788493969673,10.57,0.3383354868672818
1646,13.4,1.4586459743226918,9.4,-1.2152233073236802,10.48,0.1416416756141034
1647,9.4,-0.49611283774673404,9.0,-1.6940394733015895,9.68,-1.6067477577474871
1648,7.0,-1.6689681249883896,11.033333333333333,0.7399427037527805,10.14,-0.6014238335645716
1649,11.6,0.5790045088914498,11.166666666666666,0.8995480924120828,10.81,0.862852316875759
1650,10.8,0.18805274647756515,11.966666666666667,1.8571804243679013,11.72,2.8516452973245667
1651,10.0,-0.20289901593632037,9.7,-0.8561111828402498,10.25,-0.36102028647735435
1652,9.2,-0.5938507783502058,10.533333333333333,0.14142249628039436,10.59,0.38204522270132063
1653,11.6,0.5790045088914498,9.066666666666666,-1.6142367789719383,9.49,-2.0219902481708636
1654,10.0,-0.20289901593632037,10.366666666666667,-0.05808423954373362,10.1,-0.688843305232653
1655,12.4,0.9699562713053353,12.466666666666667,2.4557006318402874,11.9,3.2450329198309236
1656,8.2,-1.0825404813675623,9.833333333333334,-0.6965057941809453,9.74,-1.475618550245367
1657,12.2,0.8722183307018635,10.166666666666666,-0.2974923225326893,9.87,-1.1915052673241109
1658,8.4,-0.9848025407640905,11.533333333333333,1.3384629112251665,9.7,-1.5630380219134483
1659,10.0,-0.20289901593632037,10.933333333333334,0.6202386622583036,11.15,1.605917826054434
1660,10.6,0.09031480587409334,9.9,-0.6167030998512941,10.6,0.40390009061834004
1661,12.0,0.7744803900983925,11.066666666666666,0.779844050917606,10.57,0.3383354868672818
1662,8.8,-0.7893266595571478,10.766666666666667,0.4207319264341757,10.61,0.42575495853535944
1663,11.4,0.48126656828797887,9.866666666666667,-0.6566044470161196,10.5,0.18535141144814218
1664,10.4,-0.007423134729377606,8.966666666666667,-1.733940820466415,10.05,-0.79811764481775
1665,15.8,2.6315012615643476,10.733333333333333,0.38083057926934794,11.0,1.2780948072991354
1666,12.0,0.7744803900983925,9.966666666666667,-0.5369004055216429,10.65,0.5131744302034409
1667,11.6,0.5790045088914498,10.366666666666667,-0.05808423954373362,10.05,-0.79811764481775
1668,11.4,0.48126656828797887,9.233333333333333,-1.4147300431478103,10.1,-0.688843305232653
1669,8.8,-0.7893266595571478,10.3,-0.13788693387338483,10.07,-0.7544079089837112
1670,8.8,-0.7893266595571478,10.266666666666667,-0.17778828103821043,10.29,-0.2736008148092768
1671,11.0,0.2857906870810361,10.433333333333334,0.02171845478591757,9.64,-1.6941672294155647
1672,12.4,0.9699562713053353,10.5,0.10152114911556875,11.15,1.605917826054434
1673,10.2,-0.10516107533284942,11.333333333333334,1.099054828236213,10.67,0.5568841660374797
1674,9.4,-0.49611283774673404,12.4,2.3758979375106364,11.27,1.8681762410586706
1675,12.6,1.0676942119088062,10.633333333333333,0.26112653777487116,10.18,-0.514004361896494
1676,12.2,0.8722183307018635,10.5,0.10152114911556875,10.22,-0.42658489022841256
1677,12.4,0.9699562713053353,10.366666666666667,-0.05808423954373362,10.44,0.054222203946021924
1678,9.6,-0.39837489714326313,10.333333333333334,-0.09798558670855922,10.19,-0.4921494939794746
1679,11.6,0.5790045088914498,10.766666666666667,0.4207319264341757,9.94,-1.0385211919049713
1680,11.2,0.383528627684507,9.766666666666667,-0.7763084885105965,9.97,-0.9729565881539091
1681,7.0,-1.6689681249883896,10.966666666666667,0.6601400094231292,10.63,0.4694646943694021
1682,11.2,0.383528627684507,11.133333333333333,0.8596467452472573,10.27,-0.3173105506433156
1683,12.0,0.7744803900983925,11.633333333333333,1.4581669527196433,11.11,1.5184983543863526
1684,10.4,-0.007423134729377606,9.966666666666667,-0.5369004055216429,10.62,0.4476098264523788
1685,9.0,-0.6915887189536768,11.166666666666666,0.8995480924120828,10.18,-0.514004361896494
1686,7.0,-1.6689681249883896,9.8,-0.7364071413457709,10.29,-0.2736008148092768
1687,11.6,0.5790045088914498,9.1,-1.5743354318071128,9.95,-1.0166663239879519
1688,8.8,-0.7893266595571478,9.066666666666666,-1.6142367789719383,9.7,-1.5630380219134483
1689,10.4,-0.007423134729377606,10.433333333333334,0.02171845478591757,9.86,-1.2133601352411303
1690,6.6,-1.8644440061953325,9.533333333333333,-1.0556179186643777,10.38,-0.07690700355609445
1691,12.6,1.0676942119088062,10.666666666666666,0.30102788493969673,10.14,-0.6014238335645716
1692,8.2,-1.0825404813675623,9.166666666666666,-1.4945327374774615,10.22,-0.42658489022841256
1693,7.4,-1.473492243781447,9.9,-0.6167030998512941,10.55,0.29462575103324307
1694,12.8,1.1654321525122782,10.566666666666666,0.18132384344521996,10.44,0.054222203946021924
1695,13.6,1.5563839149261627,12.3,2.2561938960161596,10.72,0.6661585056225805
1696,13.2,1.3609080337192199,10.766666666666667,0.4207319264341757,11.39,2.1304346560629113
1697,7.8,-1.2780163625745047,10.033333333333333,-0.4570977111919917,10.61,0.42575495853535944
1698,11.0,0.2857906870810361,9.433333333333334,-1.1753219601588545,10.25,-0.36102028647735435
1699,11.4,0.48126656828797887,12.4,2.3758979375106364,11.45,2.2615638635650277
1700,11.0,0.2857906870810361,10.033333333333333,-0.4570977111919917,10.22,-0.42658489022841256
1701,12.4,0.9699562713053353,11.3,1.0591534810713874,10.73,0.6880133735395999
1702,10.8,0.18805274647756515,8.7,-2.053151597785022,9.46,-2.087554851921922
1703,9.8,-0.3006369565397913,10.4,-0.01818289237890803,10.67,0.5568841660374797
1704,11.0,0.2857906870810361,11.2,0.9394494395769084,10.58,0.3601903547843012
1705,9.0,-0.6915887189536768,10.866666666666667,0.5404359679286524,11.07,1.431078882718275
1706,12.2,0.8722183307018635,11.233333333333333,0.979350786741734,10.82,0.8847071847927784
1707,6.6,-1.8644440061953325,9.933333333333334,-0.5768017526864685,10.36,-0.12061673939013713
1708,8.8,-0.7893266595571478,10.266666666666667,-0.17778828103821043,9.97,-0.9729565881539091
1709,13.0,1.263170093115749,12.066666666666666,1.976884465862378,11.52,2.414547938984167
1710,9.2,-0.5938507783502058,10.7,0.34092923210452236,10.51,0.2072062793651616
1711,8.6,-0.8870646001606196,9.833333333333334,-0.6965057941809453,9.37,-2.284248663175104
1712,8.0,-1.1802784219710332,10.866666666666667,0.5404359679286524,10.12,-0.6451335693986143
1713,9.0,-0.6915887189536768,11.066666666666666,0.779844050917606,10.65,0.5131744302034409
1714,14.2,1.8495977367365763,11.566666666666666,1.378364258389992,9.92,-1.0822309277390099
1715,12.8,1.1654321525122782,9.733333333333333,-0.8162098356754242,10.55,0.29462575103324307
1716,5.8,-2.2553957686092176,10.866666666666667,0.5404359679286524,10.48,0.1416416756141034
1717,7.2,-1.5712301843849183,10.266666666666667,-0.17778828103821043,10.26,-0.339165418560335
1718,8.8,-0.7893266595571478,9.266666666666667,-1.3748286959829825,9.65,-1.6723123614985453
1719,12.0,0.7744803900983925,10.9,0.5803373150934781,10.78,0.7972877131246969
1720,9.4,-0.49611283774673404,10.0,-0.4969990583568173,10.15,-0.5795689656475522
1721,11.2,0.383528627684507,9.233333333333333,-1.4147300431478103,9.46,-2.087554851921922
1722,11.2,0.383528627684507,11.666666666666666,1.498068299884469,10.71,0.6443036377055611
1723,9.2,-0.5938507783502058,10.266666666666667,-0.17778828103821043,10.6,0.40390009061834004
1724,7.8,-1.2780163625745047,9.666666666666666,-0.8960125300050754,10.85,0.9502717885438365
1725,12.4,0.9699562713053353,10.766666666666667,0.4207319264341757,9.94,-1.0385211919049713
1726,11.2,0.383528627684507,11.3,1.0591534810713874,9.88,-1.1696503994070875
1727,10.0,-0.20289901593632037,11.366666666666667,1.1389561754010384,10.3,-0.2517459468922535
1728,12.0,0.7744803900983925,10.933333333333334,0.6202386622583036,10.54,0.2727708831162198
1729,10.4,-0.007423134729377606,9.733333333333333,-0.8162098356754242,10.19,-0.4921494939794746
1730,11.2,0.383528627684507,10.2,-0.25759097536786374,10.69,0.6005939018715185
1731,10.2,-0.10516107533284942,8.833333333333334,-1.8935462091257174,10.08,-0.7325530410666918
1732,8.4,-0.9848025407640905,9.833333333333334,-0.6965057941809453,10.19,-0.4921494939794746
1733,7.8,-1.2780163625745047,10.233333333333333,-0.21768962820303814,10.55,0.29462575103324307
1734,11.6,0.5790045088914498,11.033333333333333,0.7399427037527805,10.73,0.6880133735395999
1735,12.6,1.0676942119088062,10.233333333333333,-0.21768962820303814,10.39,-0.05505213563907506
1736,10.2,-0.10516107533284942,9.533333333333333,-1.0556179186643777,10.43,0.032367336029002526
1737,12.0,0.7744803900983925,10.466666666666667,0.06161980195074317,10.4,-0.03319726772205566
1738,9.4,-0.49611283774673404,10.333333333333334,-0.09798558670855922,10.4,-0.03319726772205566
1739,11.0,0.2857906870810361,10.066666666666666,-0.41719636402716614,10.19,-0.4921494939794746
1740,9.6,-0.39837489714326313,9.733333333333333,-0.8162098356754242,10.39,-0.05505213563907506
1741,11.2,0.383528627684507,10.166666666666666,-0.2974923225326893,10.39,-0.05505213563907506
1742,11.8,0.6767424494949216,11.266666666666667,1.0192521339065617,10.97,1.2125302035480772
1743,9.8,-0.3006369565397913,9.0,-1.6940394733015895,9.22,-2.6120716819303986
1744,14.2,1.8495977367365763,11.2,0.9394494395769084,11.03,1.3436594110501934
1745,13.4,1.4586459743226918,10.6,0.22122519061004556,10.19,-0.4921494939794746
1746,8.8,-0.7893266595571478,10.3,-0.13788693387338483,10.71,0.6443036377055611
1747,11.4,0.48126656828797887,11.266666666666667,1.0192521339065617,10.98,1.2343850714650966
1748,13.4,1.4586459743226918,10.4,-0.01818289237890803,10.71,0.6443036377055611
1749,9.4,-0.49611283774673404,8.766666666666667,-1.9733489034553686,10.32,-0.2080362110582147
1750,7.2,-1.5712301843849183,9.766666666666667,-0.7763084885105965,10.78,0.7972877131246969
1751,10.8,0.18805274647756515,9.233333333333333,-1.4147300431478103,10.15,-0.5795689656475522
1752,11.8,0.6767424494949216,10.666666666666666,0.30102788493969673,10.46,0.09793193978006459
1753,10.0,-0.20289901593632037,8.7,-2.053151597785022,10.45,0.07607707186304132
1754,11.8,0.6767424494949216,9.666666666666666,-0.8960125300050754,10.44,0.054222203946021924
1755,11.4,0.48126656828797887,11.933333333333334,1.8172790772030758,11.31,1.955595712726752
1756,6.0,-2.157657828005746,10.266666666666667,-0.17778828103821043,10.23,-0.40473002231139316
1757,13.4,1.4586459743226918,11.733333333333333,1.57787099421412,11.02,1.321804543133174
1758,10.6,0.09031480587409334,10.5,0.10152114911556875,9.69,-1.5848928898304677
1759,11.4,0.48126656828797887,11.4,1.1788575225658642,10.74,0.7098682414566193
1760,12.0,0.7744803900983925,10.066666666666666,-0.41719636402716614,10.72,0.6661585056225805
1761,10.6,0.09031480587409334,10.6,0.22122519061004556,10.46,0.09793193978006459
1762,11.2,0.383528627684507,10.433333333333334,0.02171845478591757,10.58,0.3601903547843012
1763,10.8,0.18805274647756515,10.833333333333334,0.5005346207638268,10.28,-0.2954556827262962
1764,10.0,-0.20289901593632037,9.733333333333333,-0.8162098356754242,9.66,-1.650457493581526
1765,7.4,-1.473492243781447,10.033333333333333,-0.4570977111919917,10.69,0.6005939018715185
1766,11.2,0.383528627684507,10.3,-0.13788693387338483,10.81,0.862852316875759
1767,12.4,0.9699562713053353,12.1,2.016785813027204,11.09,1.4747886185523138
1768,9.6,-0.39837489714326313,9.733333333333333,-0.8162098356754242,10.73,0.6880133735395999
1769,7.4,-1.473492243781447,9.733333333333333,-0.8162098356754242,9.82,-1.300779606909208
1770,9.8,-0.3006369565397913,9.866666666666667,-0.6566044470161196,9.87,-1.1915052673241109
1771,8.4,-0.9848025407640905,8.9,-1.8137435147960663,9.77,-1.4100539464943087
1772,7.2,-1.5712301843849183,10.6,0.22122519061004556,10.2,-0.47029462606245526
1773,13.8,1.6541218555296344,11.933333333333334,1.8172790772030758,11.31,1.955595712726752
1774,12.6,1.0676942119088062,12.333333333333334,2.296095243180985,10.71,0.6443036377055611
1775,11.8,0.6767424494949216,10.3,-0.13788693387338483,10.82,0.8847071847927784
1776,11.8,0.6767424494949216,10.533333333333333,0.14142249628039436,10.27,-0.3173105506433156
1777,10.0,-0.20289901593632037,11.533333333333333,1.3384629112251665,10.59,0.38204522270132063
1778,9.0,-0.6915887189536768,11.966666666666667,1.8571804243679013,10.35,-0.14247160730715652
1779,9.8,-0.3006369565397913,10.2,-0.25759097536786374,10.08,-0.7325530410666918
1780,13.2,1.3609080337192199,11.433333333333334,1.2187588697306897,10.08,-0.7325530410666918
1781,10.0,-0.20289901593632037,10.0,-0.4969990583568173,10.3,-0.2517459468922535
1782,11.2,0.383528627684507,11.133333333333333,0.8596467452472573,10.85,0.9502717885438365
1783,9.0,-0.6915887189536768,9.833333333333334,-0.6965057941809453,10.04,-0.8199725127347733
1784,9.6,-0.39837489714326313,8.833333333333334,-1.8935462091257174,9.45,-2.1094097198389448
1785,12.6,1.0676942119088062,10.366666666666667,-0.05808423954373362,10.44,0.054222203946021924
1786,6.6,-1.8644440061953325,10.266666666666667,-0.17778828103821043,10.63,0.4694646943694021
1787,11.0,0.2857906870810361,10.633333333333333,0.26112653777487116,9.91,-1.1040857956560293
1788,11.4,0.48126656828797887,11.1,0.8197453980824316,11.25,1.8244665052246318
1789,10.2,-0.10516107533284942,10.766666666666667,0.4207319264341757,10.63,0.4694646943694021
1790,5.8,-2.2553957686092176,10.066666666666666,-0.41719636402716614,10.66,0.5350292981204603
1791,12.6,1.0676942119088062,11.033333333333333,0.7399427037527805,10.28,-0.2954556827262962
1792,7.4,-1.473492243781447,10.2,-0.25759097536786374,10.3,-0.2517459468922535
1793,5.4,-2.45087164981616,8.466666666666667,-2.332461027938801,9.95,-1.0166663239879519
1794,11.8,0.6767424494949216,10.066666666666666,-0.41719636402716614,9.7,-1.5630380219134483
1795,8.0,-1.1802784219710332,10.933333333333334,0.6202386622583036,10.87,0.9939815243778753
1796,13.2,1.3609080337192199,11.666666666666666,1.498068299884469,11.16,1.6277726939714534
1797,6.6,-1.8644440061953325,8.233333333333333,-2.6117704580925825,10.0,-0.907391984402851
1798,9.2,-0.5938507783502058,10.466666666666667,0.06161980195074317,10.26,-0.339165418560335
1799,12.6,1.0676942119088062,10.766666666666667,0.4207319264341757,10.56,0.3164806189502624
1800,11.2,0.383528627684507,11.666666666666666,1.498068299884469,10.67,0.5568841660374797
1801,11.4,0.48126656828797887,10.633333333333333,0.26112653777487116,10.32,-0.2080362110582147
1802,9.4,-0.49611283774673404,11.4,1.1788575225658642,10.41,-0.011342399805036268
1803,10.8,0.18805274647756515,11.4,1.1788575225658642,10.89,1.037691260211918
1804,12.6,1.0676942119088062,12.033333333333333,1.9369831186975526,10.79,0.8191425810417163
1805,12.2,0.8722183307018635,9.533333333333333,-1.0556179186643777,10.02,-0.8636822485688121
1806,11.6,0.5790045088914498,9.033333333333333,-1.6541381261367638,9.57,-1.8471513048347044
1807,13.4,1.4586459743226918,11.433333333333334,1.2187588697306897,10.58,0.3601903547843012
1808,12.8,1.1654321525122782,9.6,-0.9758152243347266,10.69,0.6005939018715185
1809,10.4,-0.007423134729377606,10.866666666666667,0.5404359679286524,10.45,0.07607707186304132
1810,9.4,-0.49611283774673404,10.8,0.46063327359900125,10.35,-0.14247160730715652
1811,8.8,-0.7893266595571478,10.8,0.46063327359900125,11.06,1.4092240148012556
1812,12.2,0.8722183307018635,10.233333333333333,-0.21768962820303814,10.12,-0.6451335693986143
1813,11.0,0.2857906870810361,11.6,1.4182656055548177,10.94,1.146965599797015
1814,9.4,-0.49611283774673404,10.066666666666666,-0.41719636402716614,10.09,-0.7106981731496724
1815,10.0,-0.20289901593632037,10.266666666666667,-0.17778828103821043,10.21,-0.44843975814543197
1816,12.2,0.8722183307018635,10.866666666666667,0.5404359679286524,10.89,1.037691260211918
1817,12.8,1.1654321525122782,11.633333333333333,1.4581669527196433,11.35,2.0430151843948297
1818,6.2,-2.0599198874022746,9.2,-1.4546313903126358,10.08,-0.7325530410666918
1819,6.4,-1.9621819467988035,10.6,0.22122519061004556,9.74,-1.475618550245367
1820,11.0,0.2857906870810361,11.3,1.0591534810713874,10.76,0.7535779772906581
1821,10.0,-0.20289901593632037,10.566666666666666,0.18132384344521996,10.63,0.4694646943694021
1822,8.0,-1.1802784219710332,10.633333333333333,0.26112653777487116,10.1,-0.688843305232653
1823,12.2,0.8722183307018635,11.033333333333333,0.7399427037527805,10.8,0.8409974489587396
1824,8.4,-0.9848025407640905,10.666666666666666,0.30102788493969673,10.27,-0.3173105506433156
1825,11.8,0.6767424494949216,10.5,0.10152114911556875,10.68,0.5787390339544991
1826,12.4,0.9699562713053353,11.433333333333334,1.2187588697306897,11.18,1.6714824298054922
1827,7.2,-1.5712301843849183,10.466666666666667,0.06161980195074317,10.53,0.25091601519920037
1828,6.6,-1.8644440061953325,10.5,0.10152114911556875,10.53,0.25091601519920037
1829,9.8,-0.3006369565397913,10.233333333333333,-0.21768962820303814,10.26,-0.339165418560335
1830,12.0,0.7744803900983925,11.6,1.4182656055548177,10.64,0.4913195622864215
1831,10.2,-0.10516107533284942,10.3,-0.13788693387338483,9.89,-1.147795531490068
1832,13.4,1.4586459743226918,10.433333333333334,0.02171845478591757,11.0,1.2780948072991354
1833,10.0,-0.20289901593632037,10.166666666666666,-0.2974923225326893,10.62,0.4476098264523788
1834,8.6,-0.8870646001606196,10.033333333333333,-0.4570977111919917,10.9,1.0595461281289373
1835,10.2,-0.10516107533284942,9.766666666666667,-0.7763084885105965,9.94,-1.0385211919049713
1836,8.2,-1.0825404813675623,10.5,0.10152114911556875,10.29,-0.2736008148092768
1837,4.0,-3.135037234040459,10.2,-0.25759097536786374,9.89,-1.147795531490068
1838,15.0,2.240549499150462,12.666666666666666,2.695108714829241,11.48,2.3271284673160895
1839,12.0,0.7744803900983925,9.766666666666667,-0.7763084885105965,10.45,0.07607707186304132
1840,10.6,0.09031480587409334,10.033333333333333,-0.4570977111919917,10.29,-0.2736008148092768
1841,12.6,1.0676942119088062,11.333333333333334,1.099054828236213,9.46,-2.087554851921922
1842,7.8,-1.2780163625745047,10.1,-0.3772950168623405,10.25,-0.36102028647735435
1843,11.8,0.6767424494949216,10.633333333333333,0.26112653777487116,9.39,-2.240538927341061
1844,8.2,-1.0825404813675623,9.266666666666667,-1.3748286959829825,9.53,-1.9345707765027857
1845,10.4,-0.007423134729377606,10.933333333333334,0.6202386622583036,9.98,-0.9511017202368897
1846,12.0,0.7744803900983925,10.733333333333333,0.38083057926934794,10.12,-0.6451335693986143
1847,9.8,-0.3006369565397913,10.633333333333333,0.26112653777487116,10.25,-0.36102028647735435
1848,12.8,1.1654321525122782,10.4,-0.01818289237890803,10.0,-0.907391984402851
1849,11.6,0.5790045088914498,9.633333333333333,-0.935913877169901,9.99,-0.9292468523198704
1850,11.2,0.383528627684507,10.166666666666666,-0.2974923225326893,11.05,1.3873691468842362
1851,11.6,0.5790045088914498,11.6,1.4182656055548177,11.09,1.4747886185523138
1852,12.4,0.9699562713053353,10.366666666666667,-0.05808423954373362,10.32,-0.2080362110582147
1853,12.0,0.7744803900983925,11.766666666666667,1.6177723413789478,10.81,0.862852316875759
1854,13.6,1.5563839149261627,11.266666666666667,1.0192521339065617,10.97,1.2125302035480772
1855,12.2,0.8722183307018635,11.3,1.0591534810713874,10.73,0.6880133735395999
1856,11.0,0.2857906870810361,10.3,-0.13788693387338483,10.46,0.09793193978006459
1857,13.4,1.4586459743226918,10.6,0.22122519061004556,9.85,-1.2352150031581497
1858,13.4,1.4586459743226918,11.266666666666667,1.0192521339065617,10.45,0.07607707186304132
1859,12.2,0.8722183307018635,10.233333333333333,-0.21768962820303814,9.63,-1.7160220973325842
1860,12.8,1.1654321525122782,10.5,0.10152114911556875,9.97,-0.9729565881539091
1861,11.8,0.6767424494949216,11.633333333333333,1.4581669527196433,11.25,1.8244665052246318
1862,14.8,2.142811558546991,11.733333333333333,1.57787099421412,10.59,0.38204522270132063
1863,10.6,0.09031480587409334,10.433333333333334,0.02171845478591757,10.8,0.8409974489587396
1864,6.2,-2.0599198874022746,8.966666666666667,-1.733940820466415,10.73,0.6880133735395999
1865,12.4,0.9699562713053353,10.533333333333333,0.14142249628039436,10.79,0.8191425810417163
1866,10.2,-0.10516107533284942,9.7,-0.8561111828402498,10.77,0.7754328452076775
1867,12.4,0.9699562713053353,10.733333333333333,0.38083057926934794,10.81,0.862852316875759
1868,11.0,0.2857906870810361,10.4,-0.01818289237890803,9.62,-1.7378769652496073
1869,9.8,-0.3006369565397913,10.9,0.5803373150934781,10.26,-0.339165418560335
1870,8.4,-0.9848025407640905,10.7,0.34092923210452236,10.64,0.4913195622864215
1871,9.2,-0.5938507783502058,9.3,-1.334927348818157,9.49,-2.0219902481708636
1872,14.0,1.7518597961331055,10.8,0.46063327359900125,9.85,-1.2352150031581497
1873,9.6,-0.39837489714326313,10.033333333333333,-0.4570977111919917,9.87,-1.1915052673241109
1874,13.2,1.3609080337192199,10.266666666666667,-0.17778828103821043,10.36,-0.12061673939013713
1875,6.0,-2.157657828005746,10.1,-0.3772950168623405,10.75,0.7317231093736387
1876,10.6,0.09031480587409334,10.533333333333333,0.14142249628039436,10.4,-0.03319726772205566
1877,13.4,1.4586459743226918,11.133333333333333,0.8596467452472573,10.71,0.6443036377055611
1878,9.2,-0.5938507783502058,11.366666666666667,1.1389561754010384,10.96,1.1906753356310578
1879,6.6,-1.8644440061953325,8.9,-1.8137435147960663,10.12,-0.6451335693986143
1880,9.2,-0.5938507783502058,10.1,-0.3772950168623405,10.74,0.7098682414566193
1881,10.2,-0.10516107533284942,10.3,-0.13788693387338483,10.43,0.032367336029002526
1882,12.6,1.0676942119088062,10.133333333333333,-0.33739366969751494,10.55,0.29462575103324307
1883,11.0,0.2857906870810361,11.133333333333333,0.8596467452472573,10.33,-0.18618134314119533
1884,10.6,0.09031480587409334,10.666666666666666,0.30102788493969673,10.13,-0.623278701481591
1885,7.6,-1.375754303177976,8.6,-2.172855639279499,9.82,-1.300779606909208
1886,5.0,-2.646347531023103,10.366666666666667,-0.05808423954373362,10.67,0.5568841660374797
1887,7.8,-1.2780163625745047,8.766666666666667,-1.9733489034553686,9.74,-1.475618550245367
1888,7.2,-1.5712301843849183,8.366666666666667,-2.4521650694332777,9.96,-0.9948114560709285
1889,10.0,-0.20289901593632037,10.766666666666667,0.4207319264341757,10.3,-0.2517459468922535
1890,9.6,-0.39837489714326313,10.266666666666667,-0.17778828103821043,10.36,-0.12061673939013713
1891,9.0,-0.6915887189536768,9.566666666666666,-1.0157165714995522,9.84,-1.257069871075169
1892,13.6,1.5563839149261627,11.366666666666667,1.1389561754010384,11.19,1.6933372977225116
1893,13.8,1.6541218555296344,12.166666666666666,2.096588507356855,11.19,1.6933372977225116
1894,11.4,0.48126656828797887,10.866666666666667,0.5404359679286524,11.04,1.3655142789672128
1895,12.8,1.1654321525122782,10.7,0.34092923210452236,10.53,0.25091601519920037
1896,10.2,-0.10516107533284942,10.033333333333333,-0.4570977111919917,10.37,-0.09876187147311774
1897,11.6,0.5790045088914498,9.933333333333334,-0.5768017526864685,9.7,-1.5630380219134483
1898,9.4,-0.49611283774673404,9.866666666666667,-0.6566044470161196,10.53,0.25091601519920037
1899,14.2,1.8495977367365763,11.566666666666666,1.378364258389992,10.7,0.6224487697885379
1900,8.2,-1.0825404813675623,10.433333333333334,0.02171845478591757,10.42,0.010512468111983128
1901,10.6,0.09031480587409334,10.233333333333333,-0.21768962820303814,10.64,0.4913195622864215
1902,10.0,-0.20289901593632037,9.366666666666667,-1.2551246544885057,10.45,0.07607707186304132
1903,11.8,0.6767424494949216,10.6,0.22122519061004556,11.0,1.2780948072991354
1904,10.2,-0.10516107533284942,9.433333333333334,-1.1753219601588545,10.19,-0.4921494939794746
1905,10.0,-0.20289901593632037,9.866666666666667,-0.6566044470161196,10.12,-0.6451335693986143
1906,7.6,-1.375754303177976,10.866666666666667,0.5404359679286524,10.27,-0.3173105506433156
1907,12.2,0.8722183307018635,10.333333333333334,-0.09798558670855922,10.89,1.037691260211918
1908,10.4,-0.007423134729377606,11.133333333333333,0.8596467452472573,10.96,1.1906753356310578
1909,10.8,0.18805274647756515,10.366666666666667,-0.05808423954373362,10.54,0.2727708831162198
1910,11.8,0.6767424494949216,10.866666666666667,0.5404359679286524,10.07,-0.7544079089837112
1911,12.0,0.7744803900983925,11.366666666666667,1.1389561754010384,10.85,0.9502717885438365
1912,10.6,0.09031480587409334,9.9,-0.6167030998512941,10.1,-0.688843305232653
1913,15.0,2.240549499150462,10.866666666666667,0.5404359679286524,10.9,1.0595461281289373
1914,11.4,0.48126656828797887,10.2,-0.25759097536786374,10.1,-0.688843305232653
1915,11.0,0.2857906870810361,10.133333333333333,-0.33739366969751494,10.52,0.22906114728218097
1916,14.2,1.8495977367365763,10.533333333333333,0.14142249628039436,10.7,0.6224487697885379
1917,9.6,-0.39837489714326313,10.6,0.22122519061004556,10.5,0.18535141144814218
1918,11.6,0.5790045088914498,10.3,-0.13788693387338483,10.83,0.9065620527097977
1919,13.0,1.263170093115749,10.366666666666667,-0.05808423954373362,10.47,0.119786807697084
1920,8.6,-0.8870646001606196,11.2,0.9394494395769084,10.9,1.0595461281289373
1921,10.6,0.09031480587409334,10.433333333333334,0.02171845478591757,10.41,-0.011342399805036268
1922,12.8,1.1654321525122782,11.166666666666666,0.8995480924120828,10.65,0.5131744302034409
1923,10.2,-0.10516107533284942,10.633333333333333,0.26112653777487116,10.49,0.16349654353112278
1924,11.0,0.2857906870810361,10.233333333333333,-0.21768962820303814,10.52,0.22906114728218097
1925,9.8,-0.3006369565397913,12.1,2.016785813027204,11.0,1.2780948072991354
1926,11.4,0.48126656828797887,10.4,-0.01818289237890803,9.97,-0.9729565881539091
1927,12.0,0.7744803900983925,9.866666666666667,-0.6566044470161196,9.82,-1.300779606909208
1928,8.6,-0.8870646001606196,9.4,-1.2152233073236802,10.04,-0.8199725127347733
1929,9.2,-0.5938507783502058,9.966666666666667,-0.5369004055216429,10.63,0.4694646943694021
1930,12.4,0.9699562713053353,9.5,-1.0955192658292034,10.24,-0.38287515439437375
1931,13.2,1.3609080337192199,10.333333333333334,-0.09798558670855922,10.38,-0.07690700355609445
1932,11.0,0.2857906870810361,11.133333333333333,0.8596467452472573,10.63,0.4694646943694021
1933,7.8,-1.2780163625745047,10.5,0.10152114911556875,10.61,0.42575495853535944
1934,10.2,-0.10516107533284942,9.033333333333333,-1.6541381261367638,10.04,-0.8199725127347733
1935,10.6,0.09031480587409334,9.766666666666667,-0.7763084885105965,10.37,-0.09876187147311774
1936,10.0,-0.20289901593632037,10.766666666666667,0.4207319264341757,10.69,0.6005939018715185
1937,11.0,0.2857906870810361,9.766666666666667,-0.7763084885105965,9.63,-1.7160220973325842
1938,7.2,-1.5712301843849183,9.933333333333334,-0.5768017526864685,10.94,1.146965599797015
1939,10.0,-0.20289901593632037,10.566666666666666,0.18132384344521996,10.07,-0.7544079089837112
1940,13.2,1.3609080337192199,11.5,1.298561564060341,10.26,-0.339165418560335
1941,10.0,-0.20289901593632037,11.566666666666666,1.378364258389992,10.84,0.9284169206268171
1942,12.0,0.7744803900983925,10.866666666666667,0.5404359679286524,11.04,1.3655142789672128
1943,10.8,0.18805274647756515,11.866666666666667,1.7374763828734245,11.05,1.3873691468842362
1944,9.6,-0.39837489714326313,9.866666666666667,-0.6566044470161196,10.04,-0.8199725127347733
1945,9.6,-0.39837489714326313,11.233333333333333,0.979350786741734,11.0,1.2780948072991354
1946,14.0,1.7518597961331055,11.133333333333333,0.8596467452472573,11.68,2.764225825656485
1947,11.4,0.48126656828797887,9.966666666666667,-0.5369004055216429,10.03,-0.8418273806517927
1948,9.8,-0.3006369565397913,11.5,1.298561564060341,10.96,1.1906753356310578
1949,11.6,0.5790045088914498,10.466666666666667,0.06161980195074317,10.84,0.9284169206268171
1950,10.6,0.09031480587409334,10.266666666666667,-0.17778828103821043,10.42,0.010512468111983128
1951,12.0,0.7744803900983925,10.333333333333334,-0.09798558670855922,9.76,-1.4319088144113281
1952,11.0,0.2857906870810361,11.433333333333334,1.2187588697306897,11.12,1.540353222303372
1953,9.4,-0.49611283774673404,10.5,0.10152114911556875,10.51,0.2072062793651616
1954,6.0,-2.157657828005746,8.4,-2.4122637222684524,10.23,-0.40473002231139316
1955,8.0,-1.1802784219710332,8.533333333333333,-2.25265833360915,10.33,-0.18618134314119533
1956,13.2,1.3609080337192199,10.266666666666667,-0.17778828103821043,10.25,-0.36102028647735435
1957,9.2,-0.5938507783502058,10.7,0.34092923210452236,10.93,1.1251107318799956
1958,8.0,-1.1802784219710332,10.333333333333334,-0.09798558670855922,10.18,-0.514004361896494
1959,10.6,0.09031480587409334,11.633333333333333,1.4581669527196433,11.6,2.5893868823203263
1960,9.6,-0.39837489714326313,10.466666666666667,0.06161980195074317,10.61,0.42575495853535944
1961,12.0,0.7744803900983925,11.266666666666667,1.0192521339065617,10.45,0.07607707186304132
1962,10.4,-0.007423134729377606,9.433333333333334,-1.1753219601588545,9.9,-1.1259406635730487
1963,12.2,0.8722183307018635,11.766666666666667,1.6177723413789478,10.24,-0.38287515439437375
1964,12.8,1.1654321525122782,10.833333333333334,0.5005346207638268,10.99,1.256239939382116
1965,10.8,0.18805274647756515,10.9,0.5803373150934781,10.72,0.6661585056225805
1966,5.6,-2.3531337092126887,9.333333333333334,-1.2950260016533313,10.02,-0.8636822485688121
1967,8.6,-0.8870646001606196,9.5,-1.0955192658292034,9.69,-1.5848928898304677
1968,11.6,0.5790045088914498,10.033333333333333,-0.4570977111919917,9.79,-1.36634421066027
1969,10.6,0.09031480587409334,9.566666666666666,-1.0157165714995522,10.39,-0.05505213563907506
1970,10.4,-0.007423134729377606,8.833333333333334,-1.8935462091257174,10.21,-0.44843975814543197
1971,12.2,0.8722183307018635,9.833333333333334,-0.6965057941809453,10.24,-0.38287515439437375
1972,8.8,-0.7893266595571478,9.933333333333334,-0.5768017526864685,10.32,-0.2080362110582147
1973,12.4,0.9699562713053353,10.1,-0.3772950168623405,10.23,-0.40473002231139316
1974,9.2,-0.5938507783502058,9.666666666666666,-0.8960125300050754,10.37,-0.09876187147311774
1975,15.0,2.240549499150462,10.1,-0.3772950168623405,10.83,0.9065620527097977
1976,9.2,-0.5938507783502058,10.166666666666666,-0.2974923225326893,10.22,-0.42658489022841256
1977,10.2,-0.10516107533284942,11.166666666666666,0.8995480924120828,9.89,-1.147795531490068
1978,10.2,-0.10516107533284942,10.533333333333333,0.14142249628039436,10.09,-0.7106981731496724
1979,12.2,0.8722183307018635,11.666666666666666,1.498068299884469,11.38,2.108579788145892
1980,6.0,-2.157657828005746,10.5,0.10152114911556875,10.32,-0.2080362110582147
1981,11.8,0.6767424494949216,10.7,0.34092923210452236,10.45,0.07607707186304132
1982,12.0,0.7744803900983925,10.433333333333334,0.02171845478591757,10.6,0.40390009061834004
1983,12.2,0.8722183307018635,10.766666666666667,0.4207319264341757,10.78,0.7972877131246969
1984,10.4,-0.007423134729377606,7.9,-3.0107839297408385,9.95,-1.0166663239879519
1985,11.4,0.48126656828797887,10.866666666666667,0.5404359679286524,10.41,-0.011342399805036268
1986,9.0,-0.6915887189536768,10.133333333333333,-0.33739366969751494,10.46,0.09793193978006459
1987,9.8,-0.3006369565397913,10.866666666666667,0.5404359679286524,10.92,1.1032558639629761
1988,15.0,2.240549499150462,11.066666666666666,0.779844050917606,9.53,-1.9345707765027857
1989,10.2,-0.10516107533284942,9.966666666666667,-0.5369004055216429,10.54,0.2727708831162198
1990,13.4,1.4586459743226918,11.733333333333333,1.57787099421412,10.97,1.2125302035480772
1991,13.2,1.3609080337192199,9.866666666666667,-0.6566044470161196,10.22,-0.42658489022841256
1992,11.4,0.48126656828797887,11.166666666666666,0.8995480924120828,10.58,0.3601903547843012
1993,11.0,0.2857906870810361,10.7,0.34092923210452236,10.09,-0.7106981731496724
1994,10.8,0.18805274647756515,10.3,-0.13788693387338483,10.21,-0.44843975814543197
1995,14.6,2.045073617943519,12.033333333333333,1.9369831186975526,10.95,1.1688204677140344
1996,4.8,-2.744085471626574,9.333333333333334,-1.2950260016533313,10.01,-0.8855371164858316
1997,2.8,-3.721464877661287,8.2,-2.651671805257408,10.21,-0.44843975814543197
1998,13.2,1.3609080337192199,10.366666666666667,-0.05808423954373362,11.0,1.2780948072991354
1999,9.2,-0.5938507783502058,9.8,-0.7364071413457709,10.06,-0.7762627769007306
2000,13.2,1.3609080337192199,11.7,1.5379696470492945,10.43,0.032367336029002526